CPU Reset (CPU 0)
EAX=00000000 EBX=00000000 ECX=00000000 EDX=00000000
ESI=00000000 EDI=00000000 EBP=00000000 ESP=00000000
EIP=00000000 EFL=00000000 [-------] CPL=0 II=0 A20=0 SMM=0 HLT=0
ES =0000 00000000 00000000 00000000
CS =0000 00000000 00000000 00000000
SS =0000 00000000 00000000 00000000
DS =0000 00000000 00000000 00000000
FS =0000 00000000 00000000 00000000
GS =0000 00000000 00000000 00000000
LDT=0000 00000000 00000000 00000000
TR =0000 00000000 00000000 00000000
GDT=     00000000 00000000
IDT=     00000000 00000000
CR0=00000000 CR2=00000000 CR3=00000000 CR4=00000000
DR0=00000000 DR1=00000000 DR2=00000000 DR3=00000000 
DR6=00000000 DR7=00000000
CCS=00000000 CCD=00000000 CCO=DYNAMIC
EFER=0000000000000000
FCW=0000 FSW=0000 [ST=0] FTW=ff MXCSR=00000000
FPR0=0000000000000000 0000 FPR1=0000000000000000 0000
FPR2=0000000000000000 0000 FPR3=0000000000000000 0000
FPR4=0000000000000000 0000 FPR5=0000000000000000 0000
FPR6=0000000000000000 0000 FPR7=0000000000000000 0000
XMM00=0000000000000000 0000000000000000 XMM01=0000000000000000 0000000000000000
XMM02=0000000000000000 0000000000000000 XMM03=0000000000000000 0000000000000000
XMM04=0000000000000000 0000000000000000 XMM05=0000000000000000 0000000000000000
XMM06=0000000000000000 0000000000000000 XMM07=0000000000000000 0000000000000000
CPU Reset (CPU 0)
EAX=00000000 EBX=00000000 ECX=00000000 EDX=00000663
ESI=00000000 EDI=00000000 EBP=00000000 ESP=00000000
EIP=0000fff0 EFL=00000002 [-------] CPL=0 II=0 A20=1 SMM=0 HLT=0
ES =0000 00000000 0000ffff 00009300
CS =f000 ffff0000 0000ffff 00009b00
SS =0000 00000000 0000ffff 00009300
DS =0000 00000000 0000ffff 00009300
FS =0000 00000000 0000ffff 00009300
GS =0000 00000000 0000ffff 00009300
LDT=0000 00000000 0000ffff 00008200
TR =0000 00000000 0000ffff 00008b00
GDT=     00000000 0000ffff
IDT=     00000000 0000ffff
CR0=60000010 CR2=00000000 CR3=00000000 CR4=00000000
DR0=00000000 DR1=00000000 DR2=00000000 DR3=00000000 
DR6=ffff0ff0 DR7=00000400
CCS=00000000 CCD=00000000 CCO=DYNAMIC
EFER=0000000000000000
FCW=037f FSW=0000 [ST=0] FTW=00 MXCSR=00001f80
FPR0=0000000000000000 0000 FPR1=0000000000000000 0000
FPR2=0000000000000000 0000 FPR3=0000000000000000 0000
FPR4=0000000000000000 0000 FPR5=0000000000000000 0000
FPR6=0000000000000000 0000 FPR7=0000000000000000 0000
XMM00=0000000000000000 0000000000000000 XMM01=0000000000000000 0000000000000000
XMM02=0000000000000000 0000000000000000 XMM03=0000000000000000 0000000000000000
XMM04=0000000000000000 0000000000000000 XMM05=0000000000000000 0000000000000000
XMM06=0000000000000000 0000000000000000 XMM07=0000000000000000 0000000000000000
SMM: enter
EAX=00000000 EBX=00000000 ECX=02000000 EDX=02000628
ESI=0000000b EDI=02000000 EBP=00014e40 ESP=00006c5c
EIP=000ea61d EFL=00000046 [---Z-P-] CPL=0 II=0 A20=1 SMM=0 HLT=0
ES =0010 00000000 ffffffff 00cf9300 DPL=0 DS   [-WA]
CS =0008 00000000 ffffffff 00cf9b00 DPL=0 CS32 [-RA]
SS =0010 00000000 ffffffff 00cf9300 DPL=0 DS   [-WA]
DS =0010 00000000 ffffffff 00cf9300 DPL=0 DS   [-WA]
FS =0010 00000000 ffffffff 00cf9300 DPL=0 DS   [-WA]
GS =0010 00000000 ffffffff 00cf9300 DPL=0 DS   [-WA]
LDT=0000 00000000 0000ffff 00008200 DPL=0 LDT
TR =0000 00000000 0000ffff 00008b00 DPL=0 TSS32-busy
GDT=     000f61e0 00000037
IDT=     000f621e 00000000
CR0=00000011 CR2=00000000 CR3=00000000 CR4=00000000
DR0=00000000 DR1=00000000 DR2=00000000 DR3=00000000 
DR6=ffff0ff0 DR7=00000400
CCS=00000000 CCD=ffffffff CCO=CLR
EFER=0000000000000000
SMM: after RSM
EAX=00000000 EBX=00000000 ECX=02000000 EDX=02000628
ESI=0000000b EDI=02000000 EBP=00014e40 ESP=00006c5c
EIP=000ea61d EFL=00000046 [---Z-P-] CPL=0 II=0 A20=1 SMM=0 HLT=0
ES =0010 00000000 ffffffff 00c09300 DPL=0 DS   [-WA]
CS =0008 00000000 ffffffff 00c09b00 DPL=0 CS32 [-RA]
SS =0010 00000000 ffffffff 00c09300 DPL=0 DS   [-WA]
DS =0010 00000000 ffffffff 00c09300 DPL=0 DS   [-WA]
FS =0010 00000000 ffffffff 00c09300 DPL=0 DS   [-WA]
GS =0010 00000000 ffffffff 00c09300 DPL=0 DS   [-WA]
LDT=0000 00000000 0000ffff 00008200 DPL=0 LDT
TR =0000 00000000 0000ffff 00008b00 DPL=0 TSS32-busy
GDT=     000f61e0 00000037
IDT=     000f621e 00000000
CR0=00000011 CR2=00000000 CR3=00000000 CR4=00000000
DR0=00000000 DR1=00000000 DR2=00000000 DR3=00000000 
DR6=ffff0ff0 DR7=00000400
CCS=00000044 CCD=00000000 CCO=EFLAGS
EFER=0000000000000000
Servicing hardware INT=0x08
SMM: enter
EAX=000000b5 EBX=000f7e0e ECX=00001234 EDX=00006cff
ESI=00006cb4 EDI=06ffec55 EBP=00006c74 ESP=00006c74
EIP=00007e0b EFL=00000006 [-----P-] CPL=0 II=0 A20=1 SMM=0 HLT=0
ES =d900 000d9000 ffffffff 008f9300
CS =f000 000f0000 ffffffff 008f9b00
SS =0000 00000000 ffffffff 008f9300
DS =0000 00000000 ffffffff 008f9300
FS =0000 00000000 ffffffff 008f9300
GS =0000 00000000 ffffffff 008f9300
LDT=0000 00000000 0000ffff 00008200
TR =0000 00000000 0000ffff 00008b00
GDT=     00000000 00000000
IDT=     00000000 000003ff
CR0=00000010 CR2=00000000 CR3=00000000 CR4=00000000
DR0=00000000 DR1=00000000 DR2=00000000 DR3=00000000 
DR6=ffff0ff0 DR7=00000400
CCS=00000000 CCD=00006c74 CCO=ADDL
EFER=0000000000000000
SMM: after RSM
EAX=000000b5 EBX=000f7e0e ECX=00001234 EDX=00006cff
ESI=00006cb4 EDI=06ffec55 EBP=00006c74 ESP=00006c74
EIP=000f7e0e EFL=00000046 [---Z-P-] CPL=0 II=0 A20=1 SMM=0 HLT=0
ES =0010 00000000 ffffffff 00c09300 DPL=0 DS   [-WA]
CS =0008 00000000 ffffffff 00c09b00 DPL=0 CS32 [-RA]
SS =0010 00000000 ffffffff 00c09300 DPL=0 DS   [-WA]
DS =0010 00000000 ffffffff 00c09300 DPL=0 DS   [-WA]
FS =0010 00000000 ffffffff 00c09300 DPL=0 DS   [-WA]
GS =0010 00000000 ffffffff 00c09300 DPL=0 DS   [-WA]
LDT=0000 00000000 0000ffff 00008200 DPL=0 LDT
TR =0000 00000000 0000ffff 00008b00 DPL=0 TSS32-busy
GDT=     000f61e0 00000037
IDT=     000f621e 00000000
CR0=00000011 CR2=00000000 CR3=00000000 CR4=00000000
DR0=00000000 DR1=00000000 DR2=00000000 DR3=00000000 
DR6=ffff0ff0 DR7=00000400
CCS=00000044 CCD=00000000 CCO=EFLAGS
EFER=0000000000000000
SMM: enter
EAX=000000b5 EBX=00007e28 ECX=00005678 EDX=06fe8ba0
ESI=000e8380 EDI=06ffec55 EBP=00006c74 ESP=00006c74
EIP=000f7e25 EFL=00000016 [----AP-] CPL=0 II=0 A20=1 SMM=0 HLT=0
ES =0010 00000000 ffffffff 00c09300 DPL=0 DS   [-WA]
CS =0008 00000000 ffffffff 00c09b00 DPL=0 CS32 [-RA]
SS =0010 00000000 ffffffff 00c09300 DPL=0 DS   [-WA]
DS =0010 00000000 ffffffff 00c09300 DPL=0 DS   [-WA]
FS =0010 00000000 ffffffff 00c09300 DPL=0 DS   [-WA]
GS =0010 00000000 ffffffff 00c09300 DPL=0 DS   [-WA]
LDT=0000 00000000 0000ffff 00008200 DPL=0 LDT
TR =0000 00000000 0000ffff 00008b00 DPL=0 TSS32-busy
GDT=     000f61e0 00000037
IDT=     000f621e 00000000
CR0=00000011 CR2=00000000 CR3=00000000 CR4=00000000
DR0=00000000 DR1=00000000 DR2=00000000 DR3=00000000 
DR6=ffff0ff0 DR7=00000400
CCS=00000008 CCD=00006c60 CCO=ADDL
EFER=0000000000000000
SMM: after RSM
EAX=000000b5 EBX=00007e28 ECX=00005678 EDX=06fe8ba0
ESI=000e8380 EDI=06ffec55 EBP=00006c74 ESP=00006c74
EIP=00007e28 EFL=00000006 [-----P-] CPL=0 II=0 A20=1 SMM=0 HLT=0
ES =d900 000d9000 ffffffff 00809300
CS =f000 000f0000 ffffffff 00809b00
SS =0000 00000000 ffffffff 00809300
DS =0000 00000000 ffffffff 00809300
FS =0000 00000000 ffffffff 00809300
GS =0000 00000000 ffffffff 00809300
LDT=0000 00000000 0000ffff 00008200
TR =0000 00000000 0000ffff 00008b00
GDT=     00000000 00000000
IDT=     00000000 000003ff
CR0=00000010 CR2=00000000 CR3=00000000 CR4=00000000
DR0=00000000 DR1=00000000 DR2=00000000 DR3=00000000 
DR6=ffff0ff0 DR7=00000400
CCS=00000004 CCD=00000001 CCO=EFLAGS
EFER=0000000000000000
Servicing hardware INT=0x08
SMM: enter
EAX=000000b5 EBX=000f7e0e ECX=00001234 EDX=000069ff
ESI=00006996 EDI=06ffec55 EBP=00006956 ESP=00006956
EIP=00007e0b EFL=00000006 [-----P-] CPL=0 II=0 A20=1 SMM=0 HLT=0
ES =d900 000d9000 ffffffff 008f9300
CS =f000 000f0000 ffffffff 008f9b00
SS =0000 00000000 ffffffff 008f9300
DS =0000 00000000 ffffffff 008f9300
FS =0000 00000000 ffffffff 008f9300
GS =ca00 000ca000 ffffffff 008f9300
LDT=0000 00000000 0000ffff 00008200
TR =0000 00000000 0000ffff 00008b00
GDT=     00000000 00000000
IDT=     00000000 000003ff
CR0=00000010 CR2=00000000 CR3=00000000 CR4=00000000
DR0=00000000 DR1=00000000 DR2=00000000 DR3=00000000 
DR6=ffff0ff0 DR7=00000400
CCS=00000000 CCD=00006956 CCO=ADDL
EFER=0000000000000000
SMM: after RSM
EAX=000000b5 EBX=000f7e0e ECX=00001234 EDX=000069ff
ESI=00006996 EDI=06ffec55 EBP=00006956 ESP=00006956
EIP=000f7e0e EFL=00000046 [---Z-P-] CPL=0 II=0 A20=1 SMM=0 HLT=0
ES =0010 00000000 ffffffff 00c09300 DPL=0 DS   [-WA]
CS =0008 00000000 ffffffff 00c09b00 DPL=0 CS32 [-RA]
SS =0010 00000000 ffffffff 00c09300 DPL=0 DS   [-WA]
DS =0010 00000000 ffffffff 00c09300 DPL=0 DS   [-WA]
FS =0010 00000000 ffffffff 00c09300 DPL=0 DS   [-WA]
GS =0010 00000000 ffffffff 00c09300 DPL=0 DS   [-WA]
LDT=0000 00000000 0000ffff 00008200 DPL=0 LDT
TR =0000 00000000 0000ffff 00008b00 DPL=0 TSS32-busy
GDT=     000f61e0 00000037
IDT=     000f621e 00000000
CR0=00000011 CR2=00000000 CR3=00000000 CR4=00000000
DR0=00000000 DR1=00000000 DR2=00000000 DR3=00000000 
DR6=ffff0ff0 DR7=00000400
CCS=00000044 CCD=00000000 CCO=EFLAGS
EFER=0000000000000000
SMM: enter
EAX=000000b5 EBX=00007e28 ECX=00005678 EDX=00000005
ESI=00000000 EDI=06ffec55 EBP=00006956 ESP=00006956
EIP=000f7e25 EFL=00000016 [----AP-] CPL=0 II=0 A20=1 SMM=0 HLT=0
ES =0010 00000000 ffffffff 00c09300 DPL=0 DS   [-WA]
CS =0008 00000000 ffffffff 00c09b00 DPL=0 CS32 [-RA]
SS =0010 00000000 ffffffff 00c09300 DPL=0 DS   [-WA]
DS =0010 00000000 ffffffff 00c09300 DPL=0 DS   [-WA]
FS =0010 00000000 ffffffff 00c09300 DPL=0 DS   [-WA]
GS =0010 00000000 ffffffff 00c09300 DPL=0 DS   [-WA]
LDT=0000 00000000 0000ffff 00008200 DPL=0 LDT
TR =0000 00000000 0000ffff 00008b00 DPL=0 TSS32-busy
GDT=     000f61e0 00000037
IDT=     000f621e 00000000
CR0=00000011 CR2=00000000 CR3=00000000 CR4=00000000
DR0=00000000 DR1=00000000 DR2=00000000 DR3=00000000 
DR6=ffff0ff0 DR7=00000400
CCS=00000008 CCD=00006942 CCO=ADDL
EFER=0000000000000000
SMM: after RSM
EAX=000000b5 EBX=00007e28 ECX=00005678 EDX=00000005
ESI=00000000 EDI=06ffec55 EBP=00006956 ESP=00006956
EIP=00007e28 EFL=00000006 [-----P-] CPL=0 II=0 A20=1 SMM=0 HLT=0
ES =d900 000d9000 ffffffff 00809300
CS =f000 000f0000 ffffffff 00809b00
SS =0000 00000000 ffffffff 00809300
DS =0000 00000000 ffffffff 00809300
FS =0000 00000000 ffffffff 00809300
GS =ca00 000ca000 ffffffff 00809300
LDT=0000 00000000 0000ffff 00008200
TR =0000 00000000 0000ffff 00008b00
GDT=     00000000 00000000
IDT=     00000000 000003ff
CR0=00000010 CR2=00000000 CR3=00000000 CR4=00000000
DR0=00000000 DR1=00000000 DR2=00000000 DR3=00000000 
DR6=ffff0ff0 DR7=00000400
CCS=00000004 CCD=00000001 CCO=EFLAGS
EFER=0000000000000000
SMM: enter
EAX=000000b5 EBX=000f7e0e ECX=00001234 EDX=000069ff
ESI=00006990 EDI=06ffec55 EBP=00006950 ESP=00006950
EIP=00007e0b EFL=00000006 [-----P-] CPL=0 II=0 A20=1 SMM=0 HLT=0
ES =d900 000d9000 ffffffff 00809300
CS =f000 000f0000 ffffffff 00809b00
SS =0000 00000000 ffffffff 00809300
DS =0000 00000000 ffffffff 00809300
FS =0000 00000000 ffffffff 00809300
GS =ca00 000ca000 ffffffff 00809300
LDT=0000 00000000 0000ffff 00008200
TR =0000 00000000 0000ffff 00008b00
GDT=     00000000 00000000
IDT=     00000000 000003ff
CR0=00000010 CR2=00000000 CR3=00000000 CR4=00000000
DR0=00000000 DR1=00000000 DR2=00000000 DR3=00000000 
DR6=ffff0ff0 DR7=00000400
CCS=00000000 CCD=00006950 CCO=ADDL
EFER=0000000000000000
SMM: after RSM
EAX=000000b5 EBX=000f7e0e ECX=00001234 EDX=000069ff
ESI=00006990 EDI=06ffec55 EBP=00006950 ESP=00006950
EIP=000f7e0e EFL=00000046 [---Z-P-] CPL=0 II=0 A20=1 SMM=0 HLT=0
ES =0010 00000000 ffffffff 00c09300 DPL=0 DS   [-WA]
CS =0008 00000000 ffffffff 00c09b00 DPL=0 CS32 [-RA]
SS =0010 00000000 ffffffff 00c09300 DPL=0 DS   [-WA]
DS =0010 00000000 ffffffff 00c09300 DPL=0 DS   [-WA]
FS =0010 00000000 ffffffff 00c09300 DPL=0 DS   [-WA]
GS =0010 00000000 ffffffff 00c09300 DPL=0 DS   [-WA]
LDT=0000 00000000 0000ffff 00008200 DPL=0 LDT
TR =0000 00000000 0000ffff 00008b00 DPL=0 TSS32-busy
GDT=     000f61e0 00000037
IDT=     000f621e 00000000
CR0=00000011 CR2=00000000 CR3=00000000 CR4=00000000
DR0=00000000 DR1=00000000 DR2=00000000 DR3=00000000 
DR6=ffff0ff0 DR7=00000400
CCS=00000044 CCD=00000000 CCO=EFLAGS
EFER=0000000000000000
SMM: enter
EAX=000000b5 EBX=00007e28 ECX=00005678 EDX=00000003
ESI=06fcb050 EDI=06ffec55 EBP=00006950 ESP=00006950
EIP=000f7e25 EFL=00000006 [-----P-] CPL=0 II=0 A20=1 SMM=0 HLT=0
ES =0010 00000000 ffffffff 00c09300 DPL=0 DS   [-WA]
CS =0008 00000000 ffffffff 00c09b00 DPL=0 CS32 [-RA]
SS =0010 00000000 ffffffff 00c09300 DPL=0 DS   [-WA]
DS =0010 00000000 ffffffff 00c09300 DPL=0 DS   [-WA]
FS =0010 00000000 ffffffff 00c09300 DPL=0 DS   [-WA]
GS =0010 00000000 ffffffff 00c09300 DPL=0 DS   [-WA]
LDT=0000 00000000 0000ffff 00008200 DPL=0 LDT
TR =0000 00000000 0000ffff 00008b00 DPL=0 TSS32-busy
GDT=     000f61e0 00000037
IDT=     000f621e 00000000
CR0=00000011 CR2=00000000 CR3=00000000 CR4=00000000
DR0=00000000 DR1=00000000 DR2=00000000 DR3=00000000 
DR6=ffff0ff0 DR7=00000400
CCS=00000008 CCD=0000693c CCO=ADDL
EFER=0000000000000000
SMM: after RSM
EAX=000000b5 EBX=00007e28 ECX=00005678 EDX=00000003
ESI=06fcb050 EDI=06ffec55 EBP=00006950 ESP=00006950
EIP=00007e28 EFL=00000006 [-----P-] CPL=0 II=0 A20=1 SMM=0 HLT=0
ES =d900 000d9000 ffffffff 00809300
CS =f000 000f0000 ffffffff 00809b00
SS =0000 00000000 ffffffff 00809300
DS =0000 00000000 ffffffff 00809300
FS =0000 00000000 ffffffff 00809300
GS =ca00 000ca000 ffffffff 00809300
LDT=0000 00000000 0000ffff 00008200
TR =0000 00000000 0000ffff 00008b00
GDT=     00000000 00000000
IDT=     00000000 000003ff
CR0=00000010 CR2=00000000 CR3=00000000 CR4=00000000
DR0=00000000 DR1=00000000 DR2=00000000 DR3=00000000 
DR6=ffff0ff0 DR7=00000400
CCS=00000004 CCD=00000001 CCO=EFLAGS
EFER=0000000000000000
Servicing hardware INT=0x08
SMM: enter
EAX=000000b5 EBX=000f7e0e ECX=00001234 EDX=000069ff
ESI=00006996 EDI=06ffec55 EBP=00006956 ESP=00006956
EIP=00007e0b EFL=00000006 [-----P-] CPL=0 II=0 A20=1 SMM=0 HLT=0
ES =d900 000d9000 ffffffff 00809300
CS =f000 000f0000 ffffffff 00809b00
SS =0000 00000000 ffffffff 00809300
DS =0000 00000000 ffffffff 00809300
FS =0000 00000000 ffffffff 00809300
GS =ca00 000ca000 ffffffff 00809300
LDT=0000 00000000 0000ffff 00008200
TR =0000 00000000 0000ffff 00008b00
GDT=     00000000 00000000
IDT=     00000000 000003ff
CR0=00000010 CR2=00000000 CR3=00000000 CR4=00000000
DR0=00000000 DR1=00000000 DR2=00000000 DR3=00000000 
DR6=ffff0ff0 DR7=00000400
CCS=00000000 CCD=00006956 CCO=ADDL
EFER=0000000000000000
SMM: after RSM
EAX=000000b5 EBX=000f7e0e ECX=00001234 EDX=000069ff
ESI=00006996 EDI=06ffec55 EBP=00006956 ESP=00006956
EIP=000f7e0e EFL=00000046 [---Z-P-] CPL=0 II=0 A20=1 SMM=0 HLT=0
ES =0010 00000000 ffffffff 00c09300 DPL=0 DS   [-WA]
CS =0008 00000000 ffffffff 00c09b00 DPL=0 CS32 [-RA]
SS =0010 00000000 ffffffff 00c09300 DPL=0 DS   [-WA]
DS =0010 00000000 ffffffff 00c09300 DPL=0 DS   [-WA]
FS =0010 00000000 ffffffff 00c09300 DPL=0 DS   [-WA]
GS =0010 00000000 ffffffff 00c09300 DPL=0 DS   [-WA]
LDT=0000 00000000 0000ffff 00008200 DPL=0 LDT
TR =0000 00000000 0000ffff 00008b00 DPL=0 TSS32-busy
GDT=     000f61e0 00000037
IDT=     000f621e 00000000
CR0=00000011 CR2=00000000 CR3=00000000 CR4=00000000
DR0=00000000 DR1=00000000 DR2=00000000 DR3=00000000 
DR6=ffff0ff0 DR7=00000400
CCS=00000044 CCD=00000000 CCO=EFLAGS
EFER=0000000000000000
SMM: enter
EAX=000000b5 EBX=00007e28 ECX=00005678 EDX=00000005
ESI=00000000 EDI=06ffec55 EBP=00006956 ESP=00006956
EIP=000f7e25 EFL=00000016 [----AP-] CPL=0 II=0 A20=1 SMM=0 HLT=0
ES =0010 00000000 ffffffff 00c09300 DPL=0 DS   [-WA]
CS =0008 00000000 ffffffff 00c09b00 DPL=0 CS32 [-RA]
SS =0010 00000000 ffffffff 00c09300 DPL=0 DS   [-WA]
DS =0010 00000000 ffffffff 00c09300 DPL=0 DS   [-WA]
FS =0010 00000000 ffffffff 00c09300 DPL=0 DS   [-WA]
GS =0010 00000000 ffffffff 00c09300 DPL=0 DS   [-WA]
LDT=0000 00000000 0000ffff 00008200 DPL=0 LDT
TR =0000 00000000 0000ffff 00008b00 DPL=0 TSS32-busy
GDT=     000f61e0 00000037
IDT=     000f621e 00000000
CR0=00000011 CR2=00000000 CR3=00000000 CR4=00000000
DR0=00000000 DR1=00000000 DR2=00000000 DR3=00000000 
DR6=ffff0ff0 DR7=00000400
CCS=00000008 CCD=00006942 CCO=ADDL
EFER=0000000000000000
SMM: after RSM
EAX=000000b5 EBX=00007e28 ECX=00005678 EDX=00000005
ESI=00000000 EDI=06ffec55 EBP=00006956 ESP=00006956
EIP=00007e28 EFL=00000006 [-----P-] CPL=0 II=0 A20=1 SMM=0 HLT=0
ES =d900 000d9000 ffffffff 00809300
CS =f000 000f0000 ffffffff 00809b00
SS =0000 00000000 ffffffff 00809300
DS =0000 00000000 ffffffff 00809300
FS =0000 00000000 ffffffff 00809300
GS =ca00 000ca000 ffffffff 00809300
LDT=0000 00000000 0000ffff 00008200
TR =0000 00000000 0000ffff 00008b00
GDT=     00000000 00000000
IDT=     00000000 000003ff
CR0=00000010 CR2=00000000 CR3=00000000 CR4=00000000
DR0=00000000 DR1=00000000 DR2=00000000 DR3=00000000 
DR6=ffff0ff0 DR7=00000400
CCS=00000004 CCD=00000001 CCO=EFLAGS
EFER=0000000000000000
SMM: enter
EAX=000000b5 EBX=000f7e0e ECX=00001234 EDX=000069ff
ESI=00006990 EDI=06ffec55 EBP=00006950 ESP=00006950
EIP=00007e0b EFL=00000006 [-----P-] CPL=0 II=0 A20=1 SMM=0 HLT=0
ES =d900 000d9000 ffffffff 00809300
CS =f000 000f0000 ffffffff 00809b00
SS =0000 00000000 ffffffff 00809300
DS =0000 00000000 ffffffff 00809300
FS =0000 00000000 ffffffff 00809300
GS =ca00 000ca000 ffffffff 00809300
LDT=0000 00000000 0000ffff 00008200
TR =0000 00000000 0000ffff 00008b00
GDT=     00000000 00000000
IDT=     00000000 000003ff
CR0=00000010 CR2=00000000 CR3=00000000 CR4=00000000
DR0=00000000 DR1=00000000 DR2=00000000 DR3=00000000 
DR6=ffff0ff0 DR7=00000400
CCS=00000000 CCD=00006950 CCO=ADDL
EFER=0000000000000000
SMM: after RSM
EAX=000000b5 EBX=000f7e0e ECX=00001234 EDX=000069ff
ESI=00006990 EDI=06ffec55 EBP=00006950 ESP=00006950
EIP=000f7e0e EFL=00000046 [---Z-P-] CPL=0 II=0 A20=1 SMM=0 HLT=0
ES =0010 00000000 ffffffff 00c09300 DPL=0 DS   [-WA]
CS =0008 00000000 ffffffff 00c09b00 DPL=0 CS32 [-RA]
SS =0010 00000000 ffffffff 00c09300 DPL=0 DS   [-WA]
DS =0010 00000000 ffffffff 00c09300 DPL=0 DS   [-WA]
FS =0010 00000000 ffffffff 00c09300 DPL=0 DS   [-WA]
GS =0010 00000000 ffffffff 00c09300 DPL=0 DS   [-WA]
LDT=0000 00000000 0000ffff 00008200 DPL=0 LDT
TR =0000 00000000 0000ffff 00008b00 DPL=0 TSS32-busy
GDT=     000f61e0 00000037
IDT=     000f621e 00000000
CR0=00000011 CR2=00000000 CR3=00000000 CR4=00000000
DR0=00000000 DR1=00000000 DR2=00000000 DR3=00000000 
DR6=ffff0ff0 DR7=00000400
CCS=00000044 CCD=00000000 CCO=EFLAGS
EFER=0000000000000000
SMM: enter
EAX=000000b5 EBX=00007e28 ECX=00005678 EDX=00000003
ESI=06f0b050 EDI=06ffec55 EBP=00006950 ESP=00006950
EIP=000f7e25 EFL=00000006 [-----P-] CPL=0 II=0 A20=1 SMM=0 HLT=0
ES =0010 00000000 ffffffff 00c09300 DPL=0 DS   [-WA]
CS =0008 00000000 ffffffff 00c09b00 DPL=0 CS32 [-RA]
SS =0010 00000000 ffffffff 00c09300 DPL=0 DS   [-WA]
DS =0010 00000000 ffffffff 00c09300 DPL=0 DS   [-WA]
FS =0010 00000000 ffffffff 00c09300 DPL=0 DS   [-WA]
GS =0010 00000000 ffffffff 00c09300 DPL=0 DS   [-WA]
LDT=0000 00000000 0000ffff 00008200 DPL=0 LDT
TR =0000 00000000 0000ffff 00008b00 DPL=0 TSS32-busy
GDT=     000f61e0 00000037
IDT=     000f621e 00000000
CR0=00000011 CR2=00000000 CR3=00000000 CR4=00000000
DR0=00000000 DR1=00000000 DR2=00000000 DR3=00000000 
DR6=ffff0ff0 DR7=00000400
CCS=00000008 CCD=0000693c CCO=ADDL
EFER=0000000000000000
SMM: after RSM
EAX=000000b5 EBX=00007e28 ECX=00005678 EDX=00000003
ESI=06f0b050 EDI=06ffec55 EBP=00006950 ESP=00006950
EIP=00007e28 EFL=00000006 [-----P-] CPL=0 II=0 A20=1 SMM=0 HLT=0
ES =d900 000d9000 ffffffff 00809300
CS =f000 000f0000 ffffffff 00809b00
SS =0000 00000000 ffffffff 00809300
DS =0000 00000000 ffffffff 00809300
FS =0000 00000000 ffffffff 00809300
GS =ca00 000ca000 ffffffff 00809300
LDT=0000 00000000 0000ffff 00008200
TR =0000 00000000 0000ffff 00008b00
GDT=     00000000 00000000
IDT=     00000000 000003ff
CR0=00000010 CR2=00000000 CR3=00000000 CR4=00000000
DR0=00000000 DR1=00000000 DR2=00000000 DR3=00000000 
DR6=ffff0ff0 DR7=00000400
CCS=00000004 CCD=00000001 CCO=EFLAGS
EFER=0000000000000000
Servicing hardware INT=0x08
Servicing hardware INT=0x08
Servicing hardware INT=0x08
Servicing hardware INT=0x08
Servicing hardware INT=0x08
Servicing hardware INT=0x08
Servicing hardware INT=0x08
Servicing hardware INT=0x08
Servicing hardware INT=0x08
Servicing hardware INT=0x08
Servicing hardware INT=0x08
Servicing hardware INT=0x08
Servicing hardware INT=0x08
Servicing hardware INT=0x08
Servicing hardware INT=0x08
Servicing hardware INT=0x08
Servicing hardware INT=0x08
Servicing hardware INT=0x09
Servicing hardware INT=0x08
Servicing hardware INT=0x09
Servicing hardware INT=0x08
Servicing hardware INT=0x08
Servicing hardware INT=0x08
Servicing hardware INT=0x20
     0: v=20 e=0000 i=0 cpl=0 IP=0010:00101ee1 pc=00101ee1 SP=0018:0012dd70 env->regs[R_EAX]=0000005d
EAX=0000005d EBX=0012dd78 ECX=00005d37 EDX=0000001e
ESI=0012dd78 EDI=00000000 EBP=0012ddd8 ESP=0012dd70
EIP=00101ee1 EFL=00200202 [-------] CPL=0 II=0 A20=1 SMM=0 HLT=0
ES =0018 00000000 ffffffff 00cf9300 DPL=0 DS   [-WA]
CS =0010 00000000 ffffffff 00cf9a00 DPL=0 CS32 [-R-]
SS =0018 00000000 ffffffff 00cf9300 DPL=0 DS   [-WA]
DS =0018 00000000 ffffffff 00cf9300 DPL=0 DS   [-WA]
FS =0018 00000000 ffffffff 00cf9300 DPL=0 DS   [-WA]
GS =0018 00000000 ffffffff 00cf9300 DPL=0 DS   [-WA]
LDT=0000 00000000 0000ffff 00008200 DPL=0 LDT
TR =0000 00000000 0000ffff 00008b00 DPL=0 TSS32-busy
GDT=     000010b0 00000020
IDT=     001295e0 000007ff
CR0=00000011 CR2=00000000 CR3=00000000 CR4=00000000
DR0=00000000 DR1=00000000 DR2=00000000 DR3=00000000 
DR6=ffff0ff0 DR7=00000400
CCS=00000010 CCD=0012dd70 CCO=ADDL
EFER=0000000000000000
Servicing hardware INT=0x20
     1: v=20 e=0000 i=0 cpl=0 IP=0010:00101196 pc=00101196 SP=0018:00103c44 env->regs[R_EAX]=000001d4
EAX=000001d4 EBX=00103d28 ECX=000003bc EDX=00001366
ESI=00102844 EDI=0000000a EBP=00103c54 ESP=00103c44
EIP=00101196 EFL=00000287 [--S--PC] CPL=0 II=0 A20=1 SMM=0 HLT=0
ES =0018 00000000 ffffffff 00cf9300 DPL=0 DS   [-WA]
CS =0010 00000000 ffffffff 00cf9a00 DPL=0 CS32 [-R-]
SS =0018 00000000 ffffffff 00cf9300 DPL=0 DS   [-WA]
DS =0018 00000000 ffffffff 00cf9300 DPL=0 DS   [-WA]
FS =0018 00000000 ffffffff 00cf9300 DPL=0 DS   [-WA]
GS =0018 00000000 ffffffff 00cf9300 DPL=0 DS   [-WA]
LDT=0000 00000000 0000ffff 00008200 DPL=0 LDT
TR =0000 00000000 0000ffff 00008b00 DPL=0 TSS32-busy
GDT=     000010b0 00000020
IDT=     001295e0 000007ff
CR0=00000011 CR2=00000000 CR3=00000000 CR4=00000000
DR0=00000000 DR1=00000000 DR2=00000000 DR3=00000000 
DR6=ffff0ff0 DR7=00000400
CCS=00000085 CCD=fffffff0 CCO=EFLAGS
EFER=0000000000000000
Servicing hardware INT=0x20
     2: v=20 e=0000 i=0 cpl=0 IP=0010:00100994 pc=00100994 SP=0018:001048d4 env->regs[R_EAX]=0000001c
EAX=0000001c EBX=0012dd8c ECX=00001800 EDX=00102844
ESI=001027c0 EDI=00104928 EBP=001048e4 ESP=001048d4
EIP=00100994 EFL=00000296 [--S-AP-] CPL=0 II=0 A20=1 SMM=0 HLT=0
ES =0018 00000000 ffffffff 00cf9300 DPL=0 DS   [-WA]
CS =0010 00000000 ffffffff 00cf9a00 DPL=0 CS32 [-R-]
SS =0018 00000000 ffffffff 00cf9300 DPL=0 DS   [-WA]
DS =0018 00000000 ffffffff 00cf9300 DPL=0 DS   [-WA]
FS =0018 00000000 ffffffff 00cf9300 DPL=0 DS   [-WA]
GS =0018 00000000 ffffffff 00cf9300 DPL=0 DS   [-WA]
LDT=0000 00000000 0000ffff 00008200 DPL=0 LDT
TR =0000 00000000 0000ffff 00008b00 DPL=0 TSS32-busy
GDT=     000010b0 00000020
IDT=     001295e0 000007ff
CR0=00000011 CR2=00000000 CR3=00000000 CR4=00000000
DR0=00000000 DR1=00000000 DR2=00000000 DR3=00000000 
DR6=ffff0ff0 DR7=00000400
CCS=00000094 CCD=ffffffff CCO=EFLAGS
EFER=0000000000000000
Servicing hardware INT=0x20
     3: v=20 e=0000 i=0 cpl=0 IP=0010:00101c4f pc=00101c4f SP=0018:0012dd20 env->regs[R_EAX]=00102844
EAX=00102844 EBX=00010000 ECX=00075300 EDX=000120ed
ESI=0012ddf4 EDI=00000000 EBP=0012dd68 ESP=0012dd20
EIP=00101c4f EFL=00200287 [--S--PC] CPL=0 II=0 A20=1 SMM=0 HLT=0
ES =0018 00000000 ffffffff 00cf9300 DPL=0 DS   [-WA]
CS =0010 00000000 ffffffff 00cf9a00 DPL=0 CS32 [-R-]
SS =0018 00000000 ffffffff 00cf9300 DPL=0 DS   [-WA]
DS =0018 00000000 ffffffff 00cf9300 DPL=0 DS   [-WA]
FS =0018 00000000 ffffffff 00cf9300 DPL=0 DS   [-WA]
GS =0018 00000000 ffffffff 00cf9300 DPL=0 DS   [-WA]
LDT=0000 00000000 0000ffff 00008200 DPL=0 LDT
TR =0000 00000000 0000ffff 00008b00 DPL=0 TSS32-busy
GDT=     000010b0 00000020
IDT=     001295e0 000007ff
CR0=00000011 CR2=00000000 CR3=00000000 CR4=00000000
DR0=00000000 DR1=00000000 DR2=00000000 DR3=00000000 
DR6=ffff0ff0 DR7=00000400
CCS=00000085 CCD=fff9cded CCO=EFLAGS
EFER=0000000000000000
Servicing hardware INT=0x20
     4: v=20 e=0000 i=0 cpl=0 IP=0010:00101268 pc=00101268 SP=0018:00103c5c env->regs[R_EAX]=00102844
EAX=00102844 EBX=001034e8 ECX=00000c68 EDX=001034ac
ESI=00102880 EDI=00000015 EBP=00103c94 ESP=00103c5c
EIP=00101268 EFL=00000216 [----AP-] CPL=0 II=0 A20=1 SMM=0 HLT=0
ES =0018 00000000 ffffffff 00cf9300 DPL=0 DS   [-WA]
CS =0010 00000000 ffffffff 00cf9a00 DPL=0 CS32 [-R-]
SS =0018 00000000 ffffffff 00cf9300 DPL=0 DS   [-WA]
DS =0018 00000000 ffffffff 00cf9300 DPL=0 DS   [-WA]
FS =0018 00000000 ffffffff 00cf9300 DPL=0 DS   [-WA]
GS =0018 00000000 ffffffff 00cf9300 DPL=0 DS   [-WA]
LDT=0000 00000000 0000ffff 00008200 DPL=0 LDT
TR =0000 00000000 0000ffff 00008b00 DPL=0 TSS32-busy
GDT=     000010b0 00000020
IDT=     001295e0 000007ff
CR0=00000011 CR2=00000000 CR3=00000000 CR4=00000000
DR0=00000000 DR1=00000000 DR2=00000000 DR3=00000000 
DR6=ffff0ff0 DR7=00000400
CCS=00000014 CCD=00000059 CCO=EFLAGS
EFER=0000000000000000
Servicing hardware INT=0x20
     5: v=20 e=0000 i=0 cpl=0 IP=0010:00100994 pc=00100994 SP=0018:001048d4 env->regs[R_EAX]=0000001c
EAX=0000001c EBX=0012dd8c ECX=00001800 EDX=00102844
ESI=001027c0 EDI=00104928 EBP=001048e4 ESP=001048d4
EIP=00100994 EFL=00000296 [--S-AP-] CPL=0 II=0 A20=1 SMM=0 HLT=0
ES =0018 00000000 ffffffff 00cf9300 DPL=0 DS   [-WA]
CS =0010 00000000 ffffffff 00cf9a00 DPL=0 CS32 [-R-]
SS =0018 00000000 ffffffff 00cf9300 DPL=0 DS   [-WA]
DS =0018 00000000 ffffffff 00cf9300 DPL=0 DS   [-WA]
FS =0018 00000000 ffffffff 00cf9300 DPL=0 DS   [-WA]
GS =0018 00000000 ffffffff 00cf9300 DPL=0 DS   [-WA]
LDT=0000 00000000 0000ffff 00008200 DPL=0 LDT
TR =0000 00000000 0000ffff 00008b00 DPL=0 TSS32-busy
GDT=     000010b0 00000020
IDT=     001295e0 000007ff
CR0=00000011 CR2=00000000 CR3=00000000 CR4=00000000
DR0=00000000 DR1=00000000 DR2=00000000 DR3=00000000 
DR6=ffff0ff0 DR7=00000400
CCS=00000094 CCD=ffffffff CCO=EFLAGS
EFER=0000000000000000
Servicing hardware INT=0x20
     6: v=20 e=0000 i=0 cpl=0 IP=0010:00101146 pc=00101146 SP=0018:0012dcec env->regs[R_EAX]=0019e9b4
EAX=0019e9b4 EBX=00000011 ECX=0074b2ed EDX=000000e0
ESI=00000088 EDI=000000b0 EBP=0012dd04 ESP=0012dcec
EIP=00101146 EFL=00200216 [----AP-] CPL=0 II=0 A20=1 SMM=0 HLT=0
ES =0018 00000000 ffffffff 00cf9300 DPL=0 DS   [-WA]
CS =0010 00000000 ffffffff 00cf9a00 DPL=0 CS32 [-R-]
SS =0018 00000000 ffffffff 00cf9300 DPL=0 DS   [-WA]
DS =0018 00000000 ffffffff 00cf9300 DPL=0 DS   [-WA]
FS =0018 00000000 ffffffff 00cf9300 DPL=0 DS   [-WA]
GS =0018 00000000 ffffffff 00cf9300 DPL=0 DS   [-WA]
LDT=0000 00000000 0000ffff 00008200 DPL=0 LDT
TR =0000 00000000 0000ffff 00008b00 DPL=0 TSS32-busy
GDT=     000010b0 00000020
IDT=     001295e0 000007ff
CR0=00000011 CR2=00000000 CR3=00000000 CR4=00000000
DR0=00000000 DR1=00000000 DR2=00000000 DR3=00000000 
DR6=ffff0ff0 DR7=00000400
CCS=00000014 CCD=000000cf CCO=EFLAGS
EFER=0000000000000000
Servicing hardware INT=0x20
     7: v=20 e=0000 i=0 cpl=0 IP=0010:00101196 pc=00101196 SP=0018:00103c44 env->regs[R_EAX]=0000001a
EAX=0000001a EBX=00103d28 ECX=00000038 EDX=00006f72
ESI=00102844 EDI=00000002 EBP=00103c54 ESP=00103c44
EIP=00101196 EFL=00000297 [--S-APC] CPL=0 II=0 A20=1 SMM=0 HLT=0
ES =0018 00000000 ffffffff 00cf9300 DPL=0 DS   [-WA]
CS =0010 00000000 ffffffff 00cf9a00 DPL=0 CS32 [-R-]
SS =0018 00000000 ffffffff 00cf9300 DPL=0 DS   [-WA]
DS =0018 00000000 ffffffff 00cf9300 DPL=0 DS   [-WA]
FS =0018 00000000 ffffffff 00cf9300 DPL=0 DS   [-WA]
GS =0018 00000000 ffffffff 00cf9300 DPL=0 DS   [-WA]
LDT=0000 00000000 0000ffff 00008200 DPL=0 LDT
TR =0000 00000000 0000ffff 00008b00 DPL=0 TSS32-busy
GDT=     000010b0 00000020
IDT=     001295e0 000007ff
CR0=00000011 CR2=00000000 CR3=00000000 CR4=00000000
DR0=00000000 DR1=00000000 DR2=00000000 DR3=00000000 
DR6=ffff0ff0 DR7=00000400
CCS=00000095 CCD=ffffffe8 CCO=EFLAGS
EFER=0000000000000000
Servicing hardware INT=0x20
     8: v=20 e=0000 i=0 cpl=0 IP=0010:00100994 pc=00100994 SP=0018:001048d4 env->regs[R_EAX]=0000001c
EAX=0000001c EBX=0012dd8c ECX=00001800 EDX=00102844
ESI=001027c0 EDI=00104928 EBP=001048e4 ESP=001048d4
EIP=00100994 EFL=00000296 [--S-AP-] CPL=0 II=0 A20=1 SMM=0 HLT=0
ES =0018 00000000 ffffffff 00cf9300 DPL=0 DS   [-WA]
CS =0010 00000000 ffffffff 00cf9a00 DPL=0 CS32 [-R-]
SS =0018 00000000 ffffffff 00cf9300 DPL=0 DS   [-WA]
DS =0018 00000000 ffffffff 00cf9300 DPL=0 DS   [-WA]
FS =0018 00000000 ffffffff 00cf9300 DPL=0 DS   [-WA]
GS =0018 00000000 ffffffff 00cf9300 DPL=0 DS   [-WA]
LDT=0000 00000000 0000ffff 00008200 DPL=0 LDT
TR =0000 00000000 0000ffff 00008b00 DPL=0 TSS32-busy
GDT=     000010b0 00000020
IDT=     001295e0 000007ff
CR0=00000011 CR2=00000000 CR3=00000000 CR4=00000000
DR0=00000000 DR1=00000000 DR2=00000000 DR3=00000000 
DR6=ffff0ff0 DR7=00000400
CCS=00000094 CCD=ffffffff CCO=EFLAGS
EFER=0000000000000000
Servicing hardware INT=0x20
     9: v=20 e=0000 i=0 cpl=0 IP=0010:001019b8 pc=001019b8 SP=0018:0012dd64 env->regs[R_EAX]=00260504
EAX=00260504 EBX=006e96c2 ECX=003029f4 EDX=fd132710
ESI=0012dd78 EDI=00000000 EBP=0012dd68 ESP=0012dd64
EIP=001019b8 EFL=00200202 [-------] CPL=0 II=0 A20=1 SMM=0 HLT=0
ES =0018 00000000 ffffffff 00cf9300 DPL=0 DS   [-WA]
CS =0010 00000000 ffffffff 00cf9a00 DPL=0 CS32 [-R-]
SS =0018 00000000 ffffffff 00cf9300 DPL=0 DS   [-WA]
DS =0018 00000000 ffffffff 00cf9300 DPL=0 DS   [-WA]
FS =0018 00000000 ffffffff 00cf9300 DPL=0 DS   [-WA]
GS =0018 00000000 ffffffff 00cf9300 DPL=0 DS   [-WA]
LDT=0000 00000000 0000ffff 00008200 DPL=0 LDT
TR =0000 00000000 0000ffff 00008b00 DPL=0 TSS32-busy
GDT=     000010b0 00000020
IDT=     001295e0 000007ff
CR0=00000011 CR2=00000000 CR3=00000000 CR4=00000000
DR0=00000000 DR1=00000000 DR2=00000000 DR3=00000000 
DR6=ffff0ff0 DR7=00000400
CCS=00000000 CCD=00260504 CCO=EFLAGS
EFER=0000000000000000
Servicing hardware INT=0x20
    10: v=20 e=0000 i=0 cpl=0 IP=0010:00101196 pc=00101196 SP=0018:00103c44 env->regs[R_EAX]=000001d4
EAX=000001d4 EBX=00103d28 ECX=000003d8 EDX=00007f66
ESI=00102844 EDI=00000018 EBP=00103c54 ESP=00103c44
EIP=00101196 EFL=00000293 [--S-A-C] CPL=0 II=0 A20=1 SMM=0 HLT=0
ES =0018 00000000 ffffffff 00cf9300 DPL=0 DS   [-WA]
CS =0010 00000000 ffffffff 00cf9a00 DPL=0 CS32 [-R-]
SS =0018 00000000 ffffffff 00cf9300 DPL=0 DS   [-WA]
DS =0018 00000000 ffffffff 00cf9300 DPL=0 DS   [-WA]
FS =0018 00000000 ffffffff 00cf9300 DPL=0 DS   [-WA]
GS =0018 00000000 ffffffff 00cf9300 DPL=0 DS   [-WA]
LDT=0000 00000000 0000ffff 00008200 DPL=0 LDT
TR =0000 00000000 0000ffff 00008b00 DPL=0 TSS32-busy
GDT=     000010b0 00000020
IDT=     001295e0 000007ff
CR0=00000011 CR2=00000000 CR3=00000000 CR4=00000000
DR0=00000000 DR1=00000000 DR2=00000000 DR3=00000000 
DR6=ffff0ff0 DR7=00000400
CCS=00000091 CCD=fffffffe CCO=EFLAGS
EFER=0000000000000000
Servicing hardware INT=0x20
    11: v=20 e=0000 i=0 cpl=0 IP=0010:00100994 pc=00100994 SP=0018:001048d4 env->regs[R_EAX]=0000001c
EAX=0000001c EBX=0012dd8c ECX=00001800 EDX=00102844
ESI=001027c0 EDI=00104928 EBP=001048e4 ESP=001048d4
EIP=00100994 EFL=00000296 [--S-AP-] CPL=0 II=0 A20=1 SMM=0 HLT=0
ES =0018 00000000 ffffffff 00cf9300 DPL=0 DS   [-WA]
CS =0010 00000000 ffffffff 00cf9a00 DPL=0 CS32 [-R-]
SS =0018 00000000 ffffffff 00cf9300 DPL=0 DS   [-WA]
DS =0018 00000000 ffffffff 00cf9300 DPL=0 DS   [-WA]
FS =0018 00000000 ffffffff 00cf9300 DPL=0 DS   [-WA]
GS =0018 00000000 ffffffff 00cf9300 DPL=0 DS   [-WA]
LDT=0000 00000000 0000ffff 00008200 DPL=0 LDT
TR =0000 00000000 0000ffff 00008b00 DPL=0 TSS32-busy
GDT=     000010b0 00000020
IDT=     001295e0 000007ff
CR0=00000011 CR2=00000000 CR3=00000000 CR4=00000000
DR0=00000000 DR1=00000000 DR2=00000000 DR3=00000000 
DR6=ffff0ff0 DR7=00000400
CCS=00000094 CCD=ffffffff CCO=EFLAGS
EFER=0000000000000000
Servicing hardware INT=0x20
    12: v=20 e=0000 i=0 cpl=0 IP=0010:00101c7d pc=00101c7d SP=0018:0012dd20 env->regs[R_EAX]=00102844
EAX=00102844 EBX=00010000 ECX=000b8000 EDX=00000001
ESI=00000000 EDI=00000000 EBP=0012dd68 ESP=0012dd20
EIP=00101c7d EFL=00200246 [---Z-P-] CPL=0 II=0 A20=1 SMM=0 HLT=0
ES =0018 00000000 ffffffff 00cf9300 DPL=0 DS   [-WA]
CS =0010 00000000 ffffffff 00cf9a00 DPL=0 CS32 [-R-]
SS =0018 00000000 ffffffff 00cf9300 DPL=0 DS   [-WA]
DS =0018 00000000 ffffffff 00cf9300 DPL=0 DS   [-WA]
FS =0018 00000000 ffffffff 00cf9300 DPL=0 DS   [-WA]
GS =0018 00000000 ffffffff 00cf9300 DPL=0 DS   [-WA]
LDT=0000 00000000 0000ffff 00008200 DPL=0 LDT
TR =0000 00000000 0000ffff 00008b00 DPL=0 TSS32-busy
GDT=     000010b0 00000020
IDT=     001295e0 000007ff
CR0=00000011 CR2=00000000 CR3=00000000 CR4=00000000
DR0=00000000 DR1=00000000 DR2=00000000 DR3=00000000 
DR6=ffff0ff0 DR7=00000400
CCS=00000044 CCD=00000000 CCO=EFLAGS
EFER=0000000000000000
Servicing hardware INT=0x20
    13: v=20 e=0000 i=0 cpl=0 IP=0010:00101196 pc=00101196 SP=0018:00103c44 env->regs[R_EAX]=00000104
EAX=00000104 EBX=00103d28 ECX=00000212 EDX=0000f16f
ESI=00102844 EDI=00000005 EBP=00103c54 ESP=00103c44
EIP=00101196 EFL=00000297 [--S-APC] CPL=0 II=0 A20=1 SMM=0 HLT=0
ES =0018 00000000 ffffffff 00cf9300 DPL=0 DS   [-WA]
CS =0010 00000000 ffffffff 00cf9a00 DPL=0 CS32 [-R-]
SS =0018 00000000 ffffffff 00cf9300 DPL=0 DS   [-WA]
DS =0018 00000000 ffffffff 00cf9300 DPL=0 DS   [-WA]
FS =0018 00000000 ffffffff 00cf9300 DPL=0 DS   [-WA]
GS =0018 00000000 ffffffff 00cf9300 DPL=0 DS   [-WA]
LDT=0000 00000000 0000ffff 00008200 DPL=0 LDT
TR =0000 00000000 0000ffff 00008b00 DPL=0 TSS32-busy
GDT=     000010b0 00000020
IDT=     001295e0 000007ff
CR0=00000011 CR2=00000000 CR3=00000000 CR4=00000000
DR0=00000000 DR1=00000000 DR2=00000000 DR3=00000000 
DR6=ffff0ff0 DR7=00000400
CCS=00000095 CCD=ffffffeb CCO=EFLAGS
EFER=0000000000000000
Servicing hardware INT=0x20
    14: v=20 e=0000 i=0 cpl=0 IP=0010:00100994 pc=00100994 SP=0018:001048d4 env->regs[R_EAX]=0000001c
EAX=0000001c EBX=0012dd8c ECX=00001800 EDX=00102844
ESI=001027c0 EDI=00104928 EBP=001048e4 ESP=001048d4
EIP=00100994 EFL=00000296 [--S-AP-] CPL=0 II=0 A20=1 SMM=0 HLT=0
ES =0018 00000000 ffffffff 00cf9300 DPL=0 DS   [-WA]
CS =0010 00000000 ffffffff 00cf9a00 DPL=0 CS32 [-R-]
SS =0018 00000000 ffffffff 00cf9300 DPL=0 DS   [-WA]
DS =0018 00000000 ffffffff 00cf9300 DPL=0 DS   [-WA]
FS =0018 00000000 ffffffff 00cf9300 DPL=0 DS   [-WA]
GS =0018 00000000 ffffffff 00cf9300 DPL=0 DS   [-WA]
LDT=0000 00000000 0000ffff 00008200 DPL=0 LDT
TR =0000 00000000 0000ffff 00008b00 DPL=0 TSS32-busy
GDT=     000010b0 00000020
IDT=     001295e0 000007ff
CR0=00000011 CR2=00000000 CR3=00000000 CR4=00000000
DR0=00000000 DR1=00000000 DR2=00000000 DR3=00000000 
DR6=ffff0ff0 DR7=00000400
CCS=00000094 CCD=ffffffff CCO=EFLAGS
EFER=0000000000000000
Servicing hardware INT=0x20
    15: v=20 e=0000 i=0 cpl=0 IP=0010:001019b8 pc=001019b8 SP=0018:0012dd64 env->regs[R_EAX]=001f0714
EAX=001f0714 EBX=006e96c2 ECX=003029f4 EDX=fd0c2920
ESI=0012dd78 EDI=00000000 EBP=0012dd68 ESP=0012dd64
EIP=001019b8 EFL=00200206 [-----P-] CPL=0 II=0 A20=1 SMM=0 HLT=0
ES =0018 00000000 ffffffff 00cf9300 DPL=0 DS   [-WA]
CS =0010 00000000 ffffffff 00cf9a00 DPL=0 CS32 [-R-]
SS =0018 00000000 ffffffff 00cf9300 DPL=0 DS   [-WA]
DS =0018 00000000 ffffffff 00cf9300 DPL=0 DS   [-WA]
FS =0018 00000000 ffffffff 00cf9300 DPL=0 DS   [-WA]
GS =0018 00000000 ffffffff 00cf9300 DPL=0 DS   [-WA]
LDT=0000 00000000 0000ffff 00008200 DPL=0 LDT
TR =0000 00000000 0000ffff 00008b00 DPL=0 TSS32-busy
GDT=     000010b0 00000020
IDT=     001295e0 000007ff
CR0=00000011 CR2=00000000 CR3=00000000 CR4=00000000
DR0=00000000 DR1=00000000 DR2=00000000 DR3=00000000 
DR6=ffff0ff0 DR7=00000400
CCS=00000004 CCD=001f0714 CCO=EFLAGS
EFER=0000000000000000
Servicing hardware INT=0x20
    16: v=20 e=0000 i=0 cpl=0 IP=0010:001011e2 pc=001011e2 SP=0018:00103c98 env->regs[R_EAX]=001011e2
EAX=001011e2 EBX=00100076 ECX=00001070 EDX=00006b61
ESI=0010006f EDI=00000000 EBP=00103cb4 ESP=00103c98
EIP=001011e2 EFL=00000206 [-----P-] CPL=0 II=0 A20=1 SMM=0 HLT=0
ES =0018 00000000 ffffffff 00cf9300 DPL=0 DS   [-WA]
CS =0010 00000000 ffffffff 00cf9a00 DPL=0 CS32 [-R-]
SS =0018 00000000 ffffffff 00cf9300 DPL=0 DS   [-WA]
DS =0018 00000000 ffffffff 00cf9300 DPL=0 DS   [-WA]
FS =0018 00000000 ffffffff 00cf9300 DPL=0 DS   [-WA]
GS =0018 00000000 ffffffff 00cf9300 DPL=0 DS   [-WA]
LDT=0000 00000000 0000ffff 00008200 DPL=0 LDT
TR =0000 00000000 0000ffff 00008b00 DPL=0 TSS32-busy
GDT=     000010b0 00000020
IDT=     001295e0 000007ff
CR0=00000011 CR2=00000000 CR3=00000000 CR4=00000000
DR0=00000000 DR1=00000000 DR2=00000000 DR3=00000000 
DR6=ffff0ff0 DR7=00000400
CCS=00000004 CCD=00103ca0 CCO=EFLAGS
EFER=0000000000000000
Servicing hardware INT=0x20
    17: v=20 e=0000 i=0 cpl=0 IP=0010:00100994 pc=00100994 SP=0018:001048d4 env->regs[R_EAX]=0000001c
EAX=0000001c EBX=0012dd8c ECX=00001800 EDX=00102844
ESI=001027c0 EDI=00104928 EBP=001048e4 ESP=001048d4
EIP=00100994 EFL=00000296 [--S-AP-] CPL=0 II=0 A20=1 SMM=0 HLT=0
ES =0018 00000000 ffffffff 00cf9300 DPL=0 DS   [-WA]
CS =0010 00000000 ffffffff 00cf9a00 DPL=0 CS32 [-R-]
SS =0018 00000000 ffffffff 00cf9300 DPL=0 DS   [-WA]
DS =0018 00000000 ffffffff 00cf9300 DPL=0 DS   [-WA]
FS =0018 00000000 ffffffff 00cf9300 DPL=0 DS   [-WA]
GS =0018 00000000 ffffffff 00cf9300 DPL=0 DS   [-WA]
LDT=0000 00000000 0000ffff 00008200 DPL=0 LDT
TR =0000 00000000 0000ffff 00008b00 DPL=0 TSS32-busy
GDT=     000010b0 00000020
IDT=     001295e0 000007ff
CR0=00000011 CR2=00000000 CR3=00000000 CR4=00000000
DR0=00000000 DR1=00000000 DR2=00000000 DR3=00000000 
DR6=ffff0ff0 DR7=00000400
CCS=00000094 CCD=ffffffff CCO=EFLAGS
EFER=0000000000000000
Servicing hardware INT=0x20
    18: v=20 e=0000 i=0 cpl=0 IP=0010:00101c4f pc=00101c4f SP=0018:0012dd20 env->regs[R_EAX]=00102844
EAX=00102844 EBX=00010000 ECX=00075300 EDX=00054c08
ESI=0012ddf4 EDI=00000000 EBP=0012dd68 ESP=0012dd20
EIP=00101c4f EFL=00200283 [--S---C] CPL=0 II=0 A20=1 SMM=0 HLT=0
ES =0018 00000000 ffffffff 00cf9300 DPL=0 DS   [-WA]
CS =0010 00000000 ffffffff 00cf9a00 DPL=0 CS32 [-R-]
SS =0018 00000000 ffffffff 00cf9300 DPL=0 DS   [-WA]
DS =0018 00000000 ffffffff 00cf9300 DPL=0 DS   [-WA]
FS =0018 00000000 ffffffff 00cf9300 DPL=0 DS   [-WA]
GS =0018 00000000 ffffffff 00cf9300 DPL=0 DS   [-WA]
LDT=0000 00000000 0000ffff 00008200 DPL=0 LDT
TR =0000 00000000 0000ffff 00008b00 DPL=0 TSS32-busy
GDT=     000010b0 00000020
IDT=     001295e0 000007ff
CR0=00000011 CR2=00000000 CR3=00000000 CR4=00000000
DR0=00000000 DR1=00000000 DR2=00000000 DR3=00000000 
DR6=ffff0ff0 DR7=00000400
CCS=00000081 CCD=fffdf908 CCO=EFLAGS
EFER=0000000000000000
Servicing hardware INT=0x20
    19: v=20 e=0000 i=0 cpl=0 IP=0010:00101196 pc=00101196 SP=0018:00103c44 env->regs[R_EAX]=00000138
EAX=00000138 EBX=00103d28 ECX=0000029e EDX=0000456f
ESI=00102844 EDI=00000017 EBP=00103c54 ESP=00103c44
EIP=00101196 EFL=00000293 [--S-A-C] CPL=0 II=0 A20=1 SMM=0 HLT=0
ES =0018 00000000 ffffffff 00cf9300 DPL=0 DS   [-WA]
CS =0010 00000000 ffffffff 00cf9a00 DPL=0 CS32 [-R-]
SS =0018 00000000 ffffffff 00cf9300 DPL=0 DS   [-WA]
DS =0018 00000000 ffffffff 00cf9300 DPL=0 DS   [-WA]
FS =0018 00000000 ffffffff 00cf9300 DPL=0 DS   [-WA]
GS =0018 00000000 ffffffff 00cf9300 DPL=0 DS   [-WA]
LDT=0000 00000000 0000ffff 00008200 DPL=0 LDT
TR =0000 00000000 0000ffff 00008b00 DPL=0 TSS32-busy
GDT=     000010b0 00000020
IDT=     001295e0 000007ff
CR0=00000011 CR2=00000000 CR3=00000000 CR4=00000000
DR0=00000000 DR1=00000000 DR2=00000000 DR3=00000000 
DR6=ffff0ff0 DR7=00000400
CCS=00000091 CCD=fffffffd CCO=EFLAGS
EFER=0000000000000000
Servicing hardware INT=0x20
    20: v=20 e=0000 i=0 cpl=0 IP=0010:00100994 pc=00100994 SP=0018:001048d4 env->regs[R_EAX]=0000001c
EAX=0000001c EBX=0012dd8c ECX=00001800 EDX=00102844
ESI=001027c0 EDI=00104928 EBP=001048e4 ESP=001048d4
EIP=00100994 EFL=00000296 [--S-AP-] CPL=0 II=0 A20=1 SMM=0 HLT=0
ES =0018 00000000 ffffffff 00cf9300 DPL=0 DS   [-WA]
CS =0010 00000000 ffffffff 00cf9a00 DPL=0 CS32 [-R-]
SS =0018 00000000 ffffffff 00cf9300 DPL=0 DS   [-WA]
DS =0018 00000000 ffffffff 00cf9300 DPL=0 DS   [-WA]
FS =0018 00000000 ffffffff 00cf9300 DPL=0 DS   [-WA]
GS =0018 00000000 ffffffff 00cf9300 DPL=0 DS   [-WA]
LDT=0000 00000000 0000ffff 00008200 DPL=0 LDT
TR =0000 00000000 0000ffff 00008b00 DPL=0 TSS32-busy
GDT=     000010b0 00000020
IDT=     001295e0 000007ff
CR0=00000011 CR2=00000000 CR3=00000000 CR4=00000000
DR0=00000000 DR1=00000000 DR2=00000000 DR3=00000000 
DR6=ffff0ff0 DR7=00000400
CCS=00000094 CCD=ffffffff CCO=EFLAGS
EFER=0000000000000000
Servicing hardware INT=0x20
    21: v=20 e=0000 i=0 cpl=0 IP=0010:001019b8 pc=001019b8 SP=0018:0012dd64 env->regs[R_EAX]=00159cac
EAX=00159cac EBX=00000000 ECX=003029f4 EDX=fd02beb8
ESI=0012dd78 EDI=00000000 EBP=0012dd68 ESP=0012dd64
EIP=001019b8 EFL=00200206 [-----P-] CPL=0 II=0 A20=1 SMM=0 HLT=0
ES =0018 00000000 ffffffff 00cf9300 DPL=0 DS   [-WA]
CS =0010 00000000 ffffffff 00cf9a00 DPL=0 CS32 [-R-]
SS =0018 00000000 ffffffff 00cf9300 DPL=0 DS   [-WA]
DS =0018 00000000 ffffffff 00cf9300 DPL=0 DS   [-WA]
FS =0018 00000000 ffffffff 00cf9300 DPL=0 DS   [-WA]
GS =0018 00000000 ffffffff 00cf9300 DPL=0 DS   [-WA]
LDT=0000 00000000 0000ffff 00008200 DPL=0 LDT
TR =0000 00000000 0000ffff 00008b00 DPL=0 TSS32-busy
GDT=     000010b0 00000020
IDT=     001295e0 000007ff
CR0=00000011 CR2=00000000 CR3=00000000 CR4=00000000
DR0=00000000 DR1=00000000 DR2=00000000 DR3=00000000 
DR6=ffff0ff0 DR7=00000400
CCS=00000004 CCD=00159cac CCO=EFLAGS
EFER=0000000000000000
Servicing hardware INT=0x20
    22: v=20 e=0000 i=0 cpl=0 IP=0010:001011e2 pc=001011e2 SP=0018:00103c98 env->regs[R_EAX]=001011e2
EAX=001011e2 EBX=00100073 ECX=00001074 EDX=0000b16f
ESI=0010006f EDI=00000000 EBP=00103cb4 ESP=00103c98
EIP=001011e2 EFL=00000206 [-----P-] CPL=0 II=0 A20=1 SMM=0 HLT=0
ES =0018 00000000 ffffffff 00cf9300 DPL=0 DS   [-WA]
CS =0010 00000000 ffffffff 00cf9a00 DPL=0 CS32 [-R-]
SS =0018 00000000 ffffffff 00cf9300 DPL=0 DS   [-WA]
DS =0018 00000000 ffffffff 00cf9300 DPL=0 DS   [-WA]
FS =0018 00000000 ffffffff 00cf9300 DPL=0 DS   [-WA]
GS =0018 00000000 ffffffff 00cf9300 DPL=0 DS   [-WA]
LDT=0000 00000000 0000ffff 00008200 DPL=0 LDT
TR =0000 00000000 0000ffff 00008b00 DPL=0 TSS32-busy
GDT=     000010b0 00000020
IDT=     001295e0 000007ff
CR0=00000011 CR2=00000000 CR3=00000000 CR4=00000000
DR0=00000000 DR1=00000000 DR2=00000000 DR3=00000000 
DR6=ffff0ff0 DR7=00000400
CCS=00000004 CCD=00103ca0 CCO=EFLAGS
EFER=0000000000000000
Servicing hardware INT=0x20
    23: v=20 e=0000 i=0 cpl=0 IP=0010:00100994 pc=00100994 SP=0018:001048d4 env->regs[R_EAX]=0000001c
EAX=0000001c EBX=0012dd00 ECX=00001800 EDX=00102844
ESI=001027c0 EDI=0012dd00 EBP=001048e4 ESP=001048d4
EIP=00100994 EFL=00000296 [--S-AP-] CPL=0 II=0 A20=1 SMM=0 HLT=0
ES =0018 00000000 ffffffff 00cf9300 DPL=0 DS   [-WA]
CS =0010 00000000 ffffffff 00cf9a00 DPL=0 CS32 [-R-]
SS =0018 00000000 ffffffff 00cf9300 DPL=0 DS   [-WA]
DS =0018 00000000 ffffffff 00cf9300 DPL=0 DS   [-WA]
FS =0018 00000000 ffffffff 00cf9300 DPL=0 DS   [-WA]
GS =0018 00000000 ffffffff 00cf9300 DPL=0 DS   [-WA]
LDT=0000 00000000 0000ffff 00008200 DPL=0 LDT
TR =0000 00000000 0000ffff 00008b00 DPL=0 TSS32-busy
GDT=     000010b0 00000020
IDT=     001295e0 000007ff
CR0=00000011 CR2=00000000 CR3=00000000 CR4=00000000
DR0=00000000 DR1=00000000 DR2=00000000 DR3=00000000 
DR6=ffff0ff0 DR7=00000400
CCS=00000094 CCD=ffffffff CCO=EFLAGS
EFER=0000000000000000
Servicing hardware INT=0x20
    24: v=20 e=0000 i=0 cpl=0 IP=0010:00101c7d pc=00101c7d SP=0018:0012dd20 env->regs[R_EAX]=00102844
EAX=00102844 EBX=00010000 ECX=000b8000 EDX=000001d3
ESI=00000000 EDI=00000000 EBP=0012dd68 ESP=0012dd20
EIP=00101c7d EFL=00200283 [--S---C] CPL=0 II=0 A20=1 SMM=0 HLT=0
ES =0018 00000000 ffffffff 00cf9300 DPL=0 DS   [-WA]
CS =0010 00000000 ffffffff 00cf9a00 DPL=0 CS32 [-R-]
SS =0018 00000000 ffffffff 00cf9300 DPL=0 DS   [-WA]
DS =0018 00000000 ffffffff 00cf9300 DPL=0 DS   [-WA]
FS =0018 00000000 ffffffff 00cf9300 DPL=0 DS   [-WA]
GS =0018 00000000 ffffffff 00cf9300 DPL=0 DS   [-WA]
LDT=0000 00000000 0000ffff 00008200 DPL=0 LDT
TR =0000 00000000 0000ffff 00008b00 DPL=0 TSS32-busy
GDT=     000010b0 00000020
IDT=     001295e0 000007ff
CR0=00000011 CR2=00000000 CR3=00000000 CR4=00000000
DR0=00000000 DR1=00000000 DR2=00000000 DR3=00000000 
DR6=ffff0ff0 DR7=00000400
CCS=00000081 CCD=fffff232 CCO=EFLAGS
EFER=0000000000000000
Servicing hardware INT=0x20
    25: v=20 e=0000 i=0 cpl=0 IP=0010:00101196 pc=00101196 SP=0018:00103c44 env->regs[R_EAX]=000000d0
EAX=000000d0 EBX=00103d28 ECX=000001a2 EDX=0000c720
ESI=00102844 EDI=00000001 EBP=00103c54 ESP=00103c44
EIP=00101196 EFL=00000297 [--S-APC] CPL=0 II=0 A20=1 SMM=0 HLT=0
ES =0018 00000000 ffffffff 00cf9300 DPL=0 DS   [-WA]
CS =0010 00000000 ffffffff 00cf9a00 DPL=0 CS32 [-R-]
SS =0018 00000000 ffffffff 00cf9300 DPL=0 DS   [-WA]
DS =0018 00000000 ffffffff 00cf9300 DPL=0 DS   [-WA]
FS =0018 00000000 ffffffff 00cf9300 DPL=0 DS   [-WA]
GS =0018 00000000 ffffffff 00cf9300 DPL=0 DS   [-WA]
LDT=0000 00000000 0000ffff 00008200 DPL=0 LDT
TR =0000 00000000 0000ffff 00008b00 DPL=0 TSS32-busy
GDT=     000010b0 00000020
IDT=     001295e0 000007ff
CR0=00000011 CR2=00000000 CR3=00000000 CR4=00000000
DR0=00000000 DR1=00000000 DR2=00000000 DR3=00000000 
DR6=ffff0ff0 DR7=00000400
CCS=00000095 CCD=ffffffe7 CCO=EFLAGS
EFER=0000000000000000
Servicing hardware INT=0x20
    26: v=20 e=0000 i=0 cpl=0 IP=0010:00100994 pc=00100994 SP=0018:001048d4 env->regs[R_EAX]=0000001c
EAX=0000001c EBX=00000066 ECX=00001800 EDX=00102844
ESI=001027c0 EDI=00104928 EBP=001048e4 ESP=001048d4
EIP=00100994 EFL=00000296 [--S-AP-] CPL=0 II=0 A20=1 SMM=0 HLT=0
ES =0018 00000000 ffffffff 00cf9300 DPL=0 DS   [-WA]
CS =0010 00000000 ffffffff 00cf9a00 DPL=0 CS32 [-R-]
SS =0018 00000000 ffffffff 00cf9300 DPL=0 DS   [-WA]
DS =0018 00000000 ffffffff 00cf9300 DPL=0 DS   [-WA]
FS =0018 00000000 ffffffff 00cf9300 DPL=0 DS   [-WA]
GS =0018 00000000 ffffffff 00cf9300 DPL=0 DS   [-WA]
LDT=0000 00000000 0000ffff 00008200 DPL=0 LDT
TR =0000 00000000 0000ffff 00008b00 DPL=0 TSS32-busy
GDT=     000010b0 00000020
IDT=     001295e0 000007ff
CR0=00000011 CR2=00000000 CR3=00000000 CR4=00000000
DR0=00000000 DR1=00000000 DR2=00000000 DR3=00000000 
DR6=ffff0ff0 DR7=00000400
CCS=00000094 CCD=ffffffff CCO=EFLAGS
EFER=0000000000000000
Servicing hardware INT=0x20
    27: v=20 e=0000 i=0 cpl=0 IP=0010:00101c7d pc=00101c7d SP=0018:0012dd20 env->regs[R_EAX]=00102844
EAX=00102844 EBX=00010000 ECX=000b8000 EDX=000001dd
ESI=00000000 EDI=00000000 EBP=0012dd68 ESP=0012dd20
EIP=00101c7d EFL=00200287 [--S--PC] CPL=0 II=0 A20=1 SMM=0 HLT=0
ES =0018 00000000 ffffffff 00cf9300 DPL=0 DS   [-WA]
CS =0010 00000000 ffffffff 00cf9a00 DPL=0 CS32 [-R-]
SS =0018 00000000 ffffffff 00cf9300 DPL=0 DS   [-WA]
DS =0018 00000000 ffffffff 00cf9300 DPL=0 DS   [-WA]
FS =0018 00000000 ffffffff 00cf9300 DPL=0 DS   [-WA]
GS =0018 00000000 ffffffff 00cf9300 DPL=0 DS   [-WA]
LDT=0000 00000000 0000ffff 00008200 DPL=0 LDT
TR =0000 00000000 0000ffff 00008b00 DPL=0 TSS32-busy
GDT=     000010b0 00000020
IDT=     001295e0 000007ff
CR0=00000011 CR2=00000000 CR3=00000000 CR4=00000000
DR0=00000000 DR1=00000000 DR2=00000000 DR3=00000000 
DR6=ffff0ff0 DR7=00000400
CCS=00000085 CCD=fffff23c CCO=EFLAGS
EFER=0000000000000000
Servicing hardware INT=0x20
    28: v=20 e=0000 i=0 cpl=0 IP=0010:00101196 pc=00101196 SP=0018:00103c44 env->regs[R_EAX]=0000001a
EAX=0000001a EBX=00103d28 ECX=0000003c EDX=0000ab72
ESI=00102844 EDI=00000004 EBP=00103c54 ESP=00103c44
EIP=00101196 EFL=00000293 [--S-A-C] CPL=0 II=0 A20=1 SMM=0 HLT=0
ES =0018 00000000 ffffffff 00cf9300 DPL=0 DS   [-WA]
CS =0010 00000000 ffffffff 00cf9a00 DPL=0 CS32 [-R-]
SS =0018 00000000 ffffffff 00cf9300 DPL=0 DS   [-WA]
DS =0018 00000000 ffffffff 00cf9300 DPL=0 DS   [-WA]
FS =0018 00000000 ffffffff 00cf9300 DPL=0 DS   [-WA]
GS =0018 00000000 ffffffff 00cf9300 DPL=0 DS   [-WA]
LDT=0000 00000000 0000ffff 00008200 DPL=0 LDT
TR =0000 00000000 0000ffff 00008b00 DPL=0 TSS32-busy
GDT=     000010b0 00000020
IDT=     001295e0 000007ff
CR0=00000011 CR2=00000000 CR3=00000000 CR4=00000000
DR0=00000000 DR1=00000000 DR2=00000000 DR3=00000000 
DR6=ffff0ff0 DR7=00000400
CCS=00000091 CCD=ffffffea CCO=EFLAGS
EFER=0000000000000000
Servicing hardware INT=0x20
    29: v=20 e=0000 i=0 cpl=0 IP=0010:00100994 pc=00100994 SP=0018:001048d4 env->regs[R_EAX]=0000001c
EAX=0000001c EBX=00000066 ECX=00001800 EDX=00102844
ESI=001027c0 EDI=00104928 EBP=001048e4 ESP=001048d4
EIP=00100994 EFL=00000296 [--S-AP-] CPL=0 II=0 A20=1 SMM=0 HLT=0
ES =0018 00000000 ffffffff 00cf9300 DPL=0 DS   [-WA]
CS =0010 00000000 ffffffff 00cf9a00 DPL=0 CS32 [-R-]
SS =0018 00000000 ffffffff 00cf9300 DPL=0 DS   [-WA]
DS =0018 00000000 ffffffff 00cf9300 DPL=0 DS   [-WA]
FS =0018 00000000 ffffffff 00cf9300 DPL=0 DS   [-WA]
GS =0018 00000000 ffffffff 00cf9300 DPL=0 DS   [-WA]
LDT=0000 00000000 0000ffff 00008200 DPL=0 LDT
TR =0000 00000000 0000ffff 00008b00 DPL=0 TSS32-busy
GDT=     000010b0 00000020
IDT=     001295e0 000007ff
CR0=00000011 CR2=00000000 CR3=00000000 CR4=00000000
DR0=00000000 DR1=00000000 DR2=00000000 DR3=00000000 
DR6=ffff0ff0 DR7=00000400
CCS=00000094 CCD=ffffffff CCO=EFLAGS
EFER=0000000000000000
Servicing hardware INT=0x20
    30: v=20 e=0000 i=0 cpl=0 IP=0010:00101c7d pc=00101c7d SP=0018:0012dd20 env->regs[R_EAX]=00102844
EAX=00102844 EBX=00010000 ECX=000b8000 EDX=00000001
ESI=00000000 EDI=00000000 EBP=0012dd68 ESP=0012dd20
EIP=00101c7d EFL=00200246 [---Z-P-] CPL=0 II=0 A20=1 SMM=0 HLT=0
ES =0018 00000000 ffffffff 00cf9300 DPL=0 DS   [-WA]
CS =0010 00000000 ffffffff 00cf9a00 DPL=0 CS32 [-R-]
SS =0018 00000000 ffffffff 00cf9300 DPL=0 DS   [-WA]
DS =0018 00000000 ffffffff 00cf9300 DPL=0 DS   [-WA]
FS =0018 00000000 ffffffff 00cf9300 DPL=0 DS   [-WA]
GS =0018 00000000 ffffffff 00cf9300 DPL=0 DS   [-WA]
LDT=0000 00000000 0000ffff 00008200 DPL=0 LDT
TR =0000 00000000 0000ffff 00008b00 DPL=0 TSS32-busy
GDT=     000010b0 00000020
IDT=     001295e0 000007ff
CR0=00000011 CR2=00000000 CR3=00000000 CR4=00000000
DR0=00000000 DR1=00000000 DR2=00000000 DR3=00000000 
DR6=ffff0ff0 DR7=00000400
CCS=00000044 CCD=00000000 CCO=EFLAGS
EFER=0000000000000000
Servicing hardware INT=0x20
    31: v=20 e=0000 i=0 cpl=0 IP=0010:00101304 pc=00101304 SP=0018:00103c9c env->regs[R_EAX]=00000008
EAX=00000008 EBX=00100075 ECX=00001052 EDX=00006161
ESI=0010006f EDI=00000000 EBP=00103cb4 ESP=00103c9c
EIP=00101304 EFL=00000246 [---Z-P-] CPL=0 II=0 A20=1 SMM=0 HLT=0
ES =0018 00000000 ffffffff 00cf9300 DPL=0 DS   [-WA]
CS =0010 00000000 ffffffff 00cf9a00 DPL=0 CS32 [-R-]
SS =0018 00000000 ffffffff 00cf9300 DPL=0 DS   [-WA]
DS =0018 00000000 ffffffff 00cf9300 DPL=0 DS   [-WA]
FS =0018 00000000 ffffffff 00cf9300 DPL=0 DS   [-WA]
GS =0018 00000000 ffffffff 00cf9300 DPL=0 DS   [-WA]
LDT=0000 00000000 0000ffff 00008200 DPL=0 LDT
TR =0000 00000000 0000ffff 00008b00 DPL=0 TSS32-busy
GDT=     000010b0 00000020
IDT=     001295e0 000007ff
CR0=00000011 CR2=00000000 CR3=00000000 CR4=00000000
DR0=00000000 DR1=00000000 DR2=00000000 DR3=00000000 
DR6=ffff0ff0 DR7=00000400
CCS=00000044 CCD=00000000 CCO=EFLAGS
EFER=0000000000000000
Servicing hardware INT=0x20
    32: v=20 e=0000 i=0 cpl=0 IP=0010:00100994 pc=00100994 SP=0018:001048d4 env->regs[R_EAX]=0000001c
EAX=0000001c EBX=00000000 ECX=00001800 EDX=00102844
ESI=001027c0 EDI=00000000 EBP=001048e4 ESP=001048d4
EIP=00100994 EFL=00000296 [--S-AP-] CPL=0 II=0 A20=1 SMM=0 HLT=0
ES =0018 00000000 ffffffff 00cf9300 DPL=0 DS   [-WA]
CS =0010 00000000 ffffffff 00cf9a00 DPL=0 CS32 [-R-]
SS =0018 00000000 ffffffff 00cf9300 DPL=0 DS   [-WA]
DS =0018 00000000 ffffffff 00cf9300 DPL=0 DS   [-WA]
FS =0018 00000000 ffffffff 00cf9300 DPL=0 DS   [-WA]
GS =0018 00000000 ffffffff 00cf9300 DPL=0 DS   [-WA]
LDT=0000 00000000 0000ffff 00008200 DPL=0 LDT
TR =0000 00000000 0000ffff 00008b00 DPL=0 TSS32-busy
GDT=     000010b0 00000020
IDT=     001295e0 000007ff
CR0=00000011 CR2=00000000 CR3=00000000 CR4=00000000
DR0=00000000 DR1=00000000 DR2=00000000 DR3=00000000 
DR6=ffff0ff0 DR7=00000400
CCS=00000094 CCD=ffffffff CCO=EFLAGS
EFER=0000000000000000
Servicing hardware INT=0x20
    33: v=20 e=0000 i=0 cpl=0 IP=0010:00101c7d pc=00101c7d SP=0018:0012dd20 env->regs[R_EAX]=00102844
EAX=00102844 EBX=00010000 ECX=000b8000 EDX=00000001
ESI=00000000 EDI=00000000 EBP=0012dd68 ESP=0012dd20
EIP=00101c7d EFL=00200246 [---Z-P-] CPL=0 II=0 A20=1 SMM=0 HLT=0
ES =0018 00000000 ffffffff 00cf9300 DPL=0 DS   [-WA]
CS =0010 00000000 ffffffff 00cf9a00 DPL=0 CS32 [-R-]
SS =0018 00000000 ffffffff 00cf9300 DPL=0 DS   [-WA]
DS =0018 00000000 ffffffff 00cf9300 DPL=0 DS   [-WA]
FS =0018 00000000 ffffffff 00cf9300 DPL=0 DS   [-WA]
GS =0018 00000000 ffffffff 00cf9300 DPL=0 DS   [-WA]
LDT=0000 00000000 0000ffff 00008200 DPL=0 LDT
TR =0000 00000000 0000ffff 00008b00 DPL=0 TSS32-busy
GDT=     000010b0 00000020
IDT=     001295e0 000007ff
CR0=00000011 CR2=00000000 CR3=00000000 CR4=00000000
DR0=00000000 DR1=00000000 DR2=00000000 DR3=00000000 
DR6=ffff0ff0 DR7=00000400
CCS=00000044 CCD=00000000 CCO=EFLAGS
EFER=0000000000000000
Servicing hardware INT=0x20
    34: v=20 e=0000 i=0 cpl=0 IP=0010:00101304 pc=00101304 SP=0018:00103c9c env->regs[R_EAX]=00000010
EAX=00000010 EBX=00100074 ECX=00001062 EDX=0000cb62
ESI=0010006f EDI=00000000 EBP=00103cb4 ESP=00103c9c
EIP=00101304 EFL=00000246 [---Z-P-] CPL=0 II=0 A20=1 SMM=0 HLT=0
ES =0018 00000000 ffffffff 00cf9300 DPL=0 DS   [-WA]
CS =0010 00000000 ffffffff 00cf9a00 DPL=0 CS32 [-R-]
SS =0018 00000000 ffffffff 00cf9300 DPL=0 DS   [-WA]
DS =0018 00000000 ffffffff 00cf9300 DPL=0 DS   [-WA]
FS =0018 00000000 ffffffff 00cf9300 DPL=0 DS   [-WA]
GS =0018 00000000 ffffffff 00cf9300 DPL=0 DS   [-WA]
LDT=0000 00000000 0000ffff 00008200 DPL=0 LDT
TR =0000 00000000 0000ffff 00008b00 DPL=0 TSS32-busy
GDT=     000010b0 00000020
IDT=     001295e0 000007ff
CR0=00000011 CR2=00000000 CR3=00000000 CR4=00000000
DR0=00000000 DR1=00000000 DR2=00000000 DR3=00000000 
DR6=ffff0ff0 DR7=00000400
CCS=00000044 CCD=00000000 CCO=EFLAGS
EFER=0000000000000000
Servicing hardware INT=0x20
    35: v=20 e=0000 i=0 cpl=0 IP=0010:00100994 pc=00100994 SP=0018:001048d4 env->regs[R_EAX]=0000001c
EAX=0000001c EBX=00000000 ECX=00001800 EDX=00102844
ESI=001027c0 EDI=00000000 EBP=001048e4 ESP=001048d4
EIP=00100994 EFL=00000296 [--S-AP-] CPL=0 II=0 A20=1 SMM=0 HLT=0
ES =0018 00000000 ffffffff 00cf9300 DPL=0 DS   [-WA]
CS =0010 00000000 ffffffff 00cf9a00 DPL=0 CS32 [-R-]
SS =0018 00000000 ffffffff 00cf9300 DPL=0 DS   [-WA]
DS =0018 00000000 ffffffff 00cf9300 DPL=0 DS   [-WA]
FS =0018 00000000 ffffffff 00cf9300 DPL=0 DS   [-WA]
GS =0018 00000000 ffffffff 00cf9300 DPL=0 DS   [-WA]
LDT=0000 00000000 0000ffff 00008200 DPL=0 LDT
TR =0000 00000000 0000ffff 00008b00 DPL=0 TSS32-busy
GDT=     000010b0 00000020
IDT=     001295e0 000007ff
CR0=00000011 CR2=00000000 CR3=00000000 CR4=00000000
DR0=00000000 DR1=00000000 DR2=00000000 DR3=00000000 
DR6=ffff0ff0 DR7=00000400
CCS=00000094 CCD=ffffffff CCO=EFLAGS
EFER=0000000000000000
Servicing hardware INT=0x20
    36: v=20 e=0000 i=0 cpl=0 IP=0010:001019b8 pc=001019b8 SP=0018:0012dd64 env->regs[R_EAX]=0025d88c
EAX=0025d88c EBX=006e96c2 ECX=003029f4 EDX=fd12fa98
ESI=0012dd78 EDI=00000000 EBP=0012dd68 ESP=0012dd64
EIP=001019b8 EFL=00200202 [-------] CPL=0 II=0 A20=1 SMM=0 HLT=0
ES =0018 00000000 ffffffff 00cf9300 DPL=0 DS   [-WA]
CS =0010 00000000 ffffffff 00cf9a00 DPL=0 CS32 [-R-]
SS =0018 00000000 ffffffff 00cf9300 DPL=0 DS   [-WA]
DS =0018 00000000 ffffffff 00cf9300 DPL=0 DS   [-WA]
FS =0018 00000000 ffffffff 00cf9300 DPL=0 DS   [-WA]
GS =0018 00000000 ffffffff 00cf9300 DPL=0 DS   [-WA]
LDT=0000 00000000 0000ffff 00008200 DPL=0 LDT
TR =0000 00000000 0000ffff 00008b00 DPL=0 TSS32-busy
GDT=     000010b0 00000020
IDT=     001295e0 000007ff
CR0=00000011 CR2=00000000 CR3=00000000 CR4=00000000
DR0=00000000 DR1=00000000 DR2=00000000 DR3=00000000 
DR6=ffff0ff0 DR7=00000400
CCS=00000000 CCD=0025d88c CCO=EFLAGS
EFER=0000000000000000
Servicing hardware INT=0x20
    37: v=20 e=0000 i=0 cpl=0 IP=0010:0010122f pc=0010122f SP=0018:00103c5c env->regs[R_EAX]=00102844
EAX=00102844 EBX=0000003c ECX=00001062 EDX=00007120
ESI=00102880 EDI=00000062 EBP=00103c94 ESP=00103c5c
EIP=0010122f EFL=00000212 [----A--] CPL=0 II=0 A20=1 SMM=0 HLT=0
ES =0018 00000000 ffffffff 00cf9300 DPL=0 DS   [-WA]
CS =0010 00000000 ffffffff 00cf9a00 DPL=0 CS32 [-R-]
SS =0018 00000000 ffffffff 00cf9300 DPL=0 DS   [-WA]
DS =0018 00000000 ffffffff 00cf9300 DPL=0 DS   [-WA]
FS =0018 00000000 ffffffff 00cf9300 DPL=0 DS   [-WA]
GS =0018 00000000 ffffffff 00cf9300 DPL=0 DS   [-WA]
LDT=0000 00000000 0000ffff 00008200 DPL=0 LDT
TR =0000 00000000 0000ffff 00008b00 DPL=0 TSS32-busy
GDT=     000010b0 00000020
IDT=     001295e0 000007ff
CR0=00000011 CR2=00000000 CR3=00000000 CR4=00000000
DR0=00000000 DR1=00000000 DR2=00000000 DR3=00000000 
DR6=ffff0ff0 DR7=00000400
CCS=00000010 CCD=00000058 CCO=EFLAGS
EFER=0000000000000000
Servicing hardware INT=0x20
    38: v=20 e=0000 i=0 cpl=0 IP=0010:00100994 pc=00100994 SP=0018:001048d4 env->regs[R_EAX]=0000001c
EAX=0000001c EBX=00000000 ECX=00001800 EDX=00102844
ESI=001027c0 EDI=00000000 EBP=001048e4 ESP=001048d4
EIP=00100994 EFL=00000296 [--S-AP-] CPL=0 II=0 A20=1 SMM=0 HLT=0
ES =0018 00000000 ffffffff 00cf9300 DPL=0 DS   [-WA]
CS =0010 00000000 ffffffff 00cf9a00 DPL=0 CS32 [-R-]
SS =0018 00000000 ffffffff 00cf9300 DPL=0 DS   [-WA]
DS =0018 00000000 ffffffff 00cf9300 DPL=0 DS   [-WA]
FS =0018 00000000 ffffffff 00cf9300 DPL=0 DS   [-WA]
GS =0018 00000000 ffffffff 00cf9300 DPL=0 DS   [-WA]
LDT=0000 00000000 0000ffff 00008200 DPL=0 LDT
TR =0000 00000000 0000ffff 00008b00 DPL=0 TSS32-busy
GDT=     000010b0 00000020
IDT=     001295e0 000007ff
CR0=00000011 CR2=00000000 CR3=00000000 CR4=00000000
DR0=00000000 DR1=00000000 DR2=00000000 DR3=00000000 
DR6=ffff0ff0 DR7=00000400
CCS=00000094 CCD=ffffffff CCO=EFLAGS
EFER=0000000000000000
Servicing hardware INT=0x20
    39: v=20 e=0000 i=0 cpl=0 IP=0010:00101c7d pc=00101c7d SP=0018:0012dd20 env->regs[R_EAX]=00102844
EAX=00102844 EBX=00010000 ECX=000b8000 EDX=00000001
ESI=00000000 EDI=00000000 EBP=0012dd68 ESP=0012dd20
EIP=00101c7d EFL=00200246 [---Z-P-] CPL=0 II=0 A20=1 SMM=0 HLT=0
ES =0018 00000000 ffffffff 00cf9300 DPL=0 DS   [-WA]
CS =0010 00000000 ffffffff 00cf9a00 DPL=0 CS32 [-R-]
SS =0018 00000000 ffffffff 00cf9300 DPL=0 DS   [-WA]
DS =0018 00000000 ffffffff 00cf9300 DPL=0 DS   [-WA]
FS =0018 00000000 ffffffff 00cf9300 DPL=0 DS   [-WA]
GS =0018 00000000 ffffffff 00cf9300 DPL=0 DS   [-WA]
LDT=0000 00000000 0000ffff 00008200 DPL=0 LDT
TR =0000 00000000 0000ffff 00008b00 DPL=0 TSS32-busy
GDT=     000010b0 00000020
IDT=     001295e0 000007ff
CR0=00000011 CR2=00000000 CR3=00000000 CR4=00000000
DR0=00000000 DR1=00000000 DR2=00000000 DR3=00000000 
DR6=ffff0ff0 DR7=00000400
CCS=00000044 CCD=00000000 CCO=EFLAGS
EFER=0000000000000000
Servicing hardware INT=0x20
    40: v=20 e=0000 i=0 cpl=0 IP=0010:00101268 pc=00101268 SP=0018:00103c5c env->regs[R_EAX]=00102844
EAX=00102844 EBX=001034e8 ECX=00000c68 EDX=001034ac
ESI=00102880 EDI=0000000e EBP=00103c94 ESP=00103c5c
EIP=00101268 EFL=00000212 [----A--] CPL=0 II=0 A20=1 SMM=0 HLT=0
ES =0018 00000000 ffffffff 00cf9300 DPL=0 DS   [-WA]
CS =0010 00000000 ffffffff 00cf9a00 DPL=0 CS32 [-R-]
SS =0018 00000000 ffffffff 00cf9300 DPL=0 DS   [-WA]
DS =0018 00000000 ffffffff 00cf9300 DPL=0 DS   [-WA]
FS =0018 00000000 ffffffff 00cf9300 DPL=0 DS   [-WA]
GS =0018 00000000 ffffffff 00cf9300 DPL=0 DS   [-WA]
LDT=0000 00000000 0000ffff 00008200 DPL=0 LDT
TR =0000 00000000 0000ffff 00008b00 DPL=0 TSS32-busy
GDT=     000010b0 00000020
IDT=     001295e0 000007ff
CR0=00000011 CR2=00000000 CR3=00000000 CR4=00000000
DR0=00000000 DR1=00000000 DR2=00000000 DR3=00000000 
DR6=ffff0ff0 DR7=00000400
CCS=00000010 CCD=0000005e CCO=EFLAGS
EFER=0000000000000000
Servicing hardware INT=0x20
    41: v=20 e=0000 i=0 cpl=0 IP=0010:00100994 pc=00100994 SP=0018:001048d4 env->regs[R_EAX]=0000001c
EAX=0000001c EBX=00000000 ECX=00001800 EDX=00102844
ESI=001027c0 EDI=00000000 EBP=001048e4 ESP=001048d4
EIP=00100994 EFL=00000296 [--S-AP-] CPL=0 II=0 A20=1 SMM=0 HLT=0
ES =0018 00000000 ffffffff 00cf9300 DPL=0 DS   [-WA]
CS =0010 00000000 ffffffff 00cf9a00 DPL=0 CS32 [-R-]
SS =0018 00000000 ffffffff 00cf9300 DPL=0 DS   [-WA]
DS =0018 00000000 ffffffff 00cf9300 DPL=0 DS   [-WA]
FS =0018 00000000 ffffffff 00cf9300 DPL=0 DS   [-WA]
GS =0018 00000000 ffffffff 00cf9300 DPL=0 DS   [-WA]
LDT=0000 00000000 0000ffff 00008200 DPL=0 LDT
TR =0000 00000000 0000ffff 00008b00 DPL=0 TSS32-busy
GDT=     000010b0 00000020
IDT=     001295e0 000007ff
CR0=00000011 CR2=00000000 CR3=00000000 CR4=00000000
DR0=00000000 DR1=00000000 DR2=00000000 DR3=00000000 
DR6=ffff0ff0 DR7=00000400
CCS=00000094 CCD=ffffffff CCO=EFLAGS
EFER=0000000000000000
Servicing hardware INT=0x20
    42: v=20 e=0000 i=0 cpl=0 IP=0010:00101c7d pc=00101c7d SP=0018:0012dd20 env->regs[R_EAX]=00102844
EAX=00102844 EBX=00010000 ECX=000b8000 EDX=00000001
ESI=00000000 EDI=00000000 EBP=0012dd68 ESP=0012dd20
EIP=00101c7d EFL=00200246 [---Z-P-] CPL=0 II=0 A20=1 SMM=0 HLT=0
ES =0018 00000000 ffffffff 00cf9300 DPL=0 DS   [-WA]
CS =0010 00000000 ffffffff 00cf9a00 DPL=0 CS32 [-R-]
SS =0018 00000000 ffffffff 00cf9300 DPL=0 DS   [-WA]
DS =0018 00000000 ffffffff 00cf9300 DPL=0 DS   [-WA]
FS =0018 00000000 ffffffff 00cf9300 DPL=0 DS   [-WA]
GS =0018 00000000 ffffffff 00cf9300 DPL=0 DS   [-WA]
LDT=0000 00000000 0000ffff 00008200 DPL=0 LDT
TR =0000 00000000 0000ffff 00008b00 DPL=0 TSS32-busy
GDT=     000010b0 00000020
IDT=     001295e0 000007ff
CR0=00000011 CR2=00000000 CR3=00000000 CR4=00000000
DR0=00000000 DR1=00000000 DR2=00000000 DR3=00000000 
DR6=ffff0ff0 DR7=00000400
CCS=00000044 CCD=00000000 CCO=EFLAGS
EFER=0000000000000000
Servicing hardware INT=0x20
    43: v=20 e=0000 i=0 cpl=0 IP=0010:00101196 pc=00101196 SP=0018:00103c44 env->regs[R_EAX]=00000034
EAX=00000034 EBX=00103d28 ECX=0000008e EDX=00002f20
ESI=00102844 EDI=00000013 EBP=00103c54 ESP=00103c44
EIP=00101196 EFL=00000297 [--S-APC] CPL=0 II=0 A20=1 SMM=0 HLT=0
ES =0018 00000000 ffffffff 00cf9300 DPL=0 DS   [-WA]
CS =0010 00000000 ffffffff 00cf9a00 DPL=0 CS32 [-R-]
SS =0018 00000000 ffffffff 00cf9300 DPL=0 DS   [-WA]
DS =0018 00000000 ffffffff 00cf9300 DPL=0 DS   [-WA]
FS =0018 00000000 ffffffff 00cf9300 DPL=0 DS   [-WA]
GS =0018 00000000 ffffffff 00cf9300 DPL=0 DS   [-WA]
LDT=0000 00000000 0000ffff 00008200 DPL=0 LDT
TR =0000 00000000 0000ffff 00008b00 DPL=0 TSS32-busy
GDT=     000010b0 00000020
IDT=     001295e0 000007ff
CR0=00000011 CR2=00000000 CR3=00000000 CR4=00000000
DR0=00000000 DR1=00000000 DR2=00000000 DR3=00000000 
DR6=ffff0ff0 DR7=00000400
CCS=00000095 CCD=fffffff9 CCO=EFLAGS
EFER=0000000000000000
Servicing hardware INT=0x20
    44: v=20 e=0000 i=0 cpl=0 IP=0010:00100994 pc=00100994 SP=0018:001048d4 env->regs[R_EAX]=0000001c
EAX=0000001c EBX=00000000 ECX=00001800 EDX=00102844
ESI=001027c0 EDI=00000000 EBP=001048e4 ESP=001048d4
EIP=00100994 EFL=00000296 [--S-AP-] CPL=0 II=0 A20=1 SMM=0 HLT=0
ES =0018 00000000 ffffffff 00cf9300 DPL=0 DS   [-WA]
CS =0010 00000000 ffffffff 00cf9a00 DPL=0 CS32 [-R-]
SS =0018 00000000 ffffffff 00cf9300 DPL=0 DS   [-WA]
DS =0018 00000000 ffffffff 00cf9300 DPL=0 DS   [-WA]
FS =0018 00000000 ffffffff 00cf9300 DPL=0 DS   [-WA]
GS =0018 00000000 ffffffff 00cf9300 DPL=0 DS   [-WA]
LDT=0000 00000000 0000ffff 00008200 DPL=0 LDT
TR =0000 00000000 0000ffff 00008b00 DPL=0 TSS32-busy
GDT=     000010b0 00000020
IDT=     001295e0 000007ff
CR0=00000011 CR2=00000000 CR3=00000000 CR4=00000000
DR0=00000000 DR1=00000000 DR2=00000000 DR3=00000000 
DR6=ffff0ff0 DR7=00000400
CCS=00000094 CCD=ffffffff CCO=EFLAGS
EFER=0000000000000000
Servicing hardware INT=0x20
    45: v=20 e=0000 i=0 cpl=0 IP=0010:00101c7d pc=00101c7d SP=0018:0012dd20 env->regs[R_EAX]=00102844
EAX=00102844 EBX=00010000 ECX=000b8000 EDX=00000001
ESI=00000000 EDI=00000000 EBP=0012dd68 ESP=0012dd20
EIP=00101c7d EFL=00200246 [---Z-P-] CPL=0 II=0 A20=1 SMM=0 HLT=0
ES =0018 00000000 ffffffff 00cf9300 DPL=0 DS   [-WA]
CS =0010 00000000 ffffffff 00cf9a00 DPL=0 CS32 [-R-]
SS =0018 00000000 ffffffff 00cf9300 DPL=0 DS   [-WA]
DS =0018 00000000 ffffffff 00cf9300 DPL=0 DS   [-WA]
FS =0018 00000000 ffffffff 00cf9300 DPL=0 DS   [-WA]
GS =0018 00000000 ffffffff 00cf9300 DPL=0 DS   [-WA]
LDT=0000 00000000 0000ffff 00008200 DPL=0 LDT
TR =0000 00000000 0000ffff 00008b00 DPL=0 TSS32-busy
GDT=     000010b0 00000020
IDT=     001295e0 000007ff
CR0=00000011 CR2=00000000 CR3=00000000 CR4=00000000
DR0=00000000 DR1=00000000 DR2=00000000 DR3=00000000 
DR6=ffff0ff0 DR7=00000400
CCS=00000044 CCD=00000000 CCO=EFLAGS
EFER=0000000000000000
Servicing hardware INT=0x20
    46: v=20 e=0000 i=0 cpl=0 IP=0010:00101304 pc=00101304 SP=0018:00103c9c env->regs[R_EAX]=0000000e
EAX=0000000e EBX=00100074 ECX=0000105e EDX=00005362
ESI=0010006f EDI=00000000 EBP=00103cb4 ESP=00103c9c
EIP=00101304 EFL=00000246 [---Z-P-] CPL=0 II=0 A20=1 SMM=0 HLT=0
ES =0018 00000000 ffffffff 00cf9300 DPL=0 DS   [-WA]
CS =0010 00000000 ffffffff 00cf9a00 DPL=0 CS32 [-R-]
SS =0018 00000000 ffffffff 00cf9300 DPL=0 DS   [-WA]
DS =0018 00000000 ffffffff 00cf9300 DPL=0 DS   [-WA]
FS =0018 00000000 ffffffff 00cf9300 DPL=0 DS   [-WA]
GS =0018 00000000 ffffffff 00cf9300 DPL=0 DS   [-WA]
LDT=0000 00000000 0000ffff 00008200 DPL=0 LDT
TR =0000 00000000 0000ffff 00008b00 DPL=0 TSS32-busy
GDT=     000010b0 00000020
IDT=     001295e0 000007ff
CR0=00000011 CR2=00000000 CR3=00000000 CR4=00000000
DR0=00000000 DR1=00000000 DR2=00000000 DR3=00000000 
DR6=ffff0ff0 DR7=00000400
CCS=00000044 CCD=00000000 CCO=EFLAGS
EFER=0000000000000000
Servicing hardware INT=0x20
    47: v=20 e=0000 i=0 cpl=0 IP=0010:00100994 pc=00100994 SP=0018:001048d4 env->regs[R_EAX]=0000001c
EAX=0000001c EBX=00000000 ECX=00001800 EDX=00102844
ESI=001027c0 EDI=00000000 EBP=001048e4 ESP=001048d4
EIP=00100994 EFL=00000296 [--S-AP-] CPL=0 II=0 A20=1 SMM=0 HLT=0
ES =0018 00000000 ffffffff 00cf9300 DPL=0 DS   [-WA]
CS =0010 00000000 ffffffff 00cf9a00 DPL=0 CS32 [-R-]
SS =0018 00000000 ffffffff 00cf9300 DPL=0 DS   [-WA]
DS =0018 00000000 ffffffff 00cf9300 DPL=0 DS   [-WA]
FS =0018 00000000 ffffffff 00cf9300 DPL=0 DS   [-WA]
GS =0018 00000000 ffffffff 00cf9300 DPL=0 DS   [-WA]
LDT=0000 00000000 0000ffff 00008200 DPL=0 LDT
TR =0000 00000000 0000ffff 00008b00 DPL=0 TSS32-busy
GDT=     000010b0 00000020
IDT=     001295e0 000007ff
CR0=00000011 CR2=00000000 CR3=00000000 CR4=00000000
DR0=00000000 DR1=00000000 DR2=00000000 DR3=00000000 
DR6=ffff0ff0 DR7=00000400
CCS=00000094 CCD=ffffffff CCO=EFLAGS
EFER=0000000000000000
Servicing hardware INT=0x20
    48: v=20 e=0000 i=0 cpl=0 IP=0010:00101c7d pc=00101c7d SP=0018:0012dd20 env->regs[R_EAX]=00102844
EAX=00102844 EBX=00010000 ECX=000b8000 EDX=00000001
ESI=00000000 EDI=00000000 EBP=0012dd68 ESP=0012dd20
EIP=00101c7d EFL=00200246 [---Z-P-] CPL=0 II=0 A20=1 SMM=0 HLT=0
ES =0018 00000000 ffffffff 00cf9300 DPL=0 DS   [-WA]
CS =0010 00000000 ffffffff 00cf9a00 DPL=0 CS32 [-R-]
SS =0018 00000000 ffffffff 00cf9300 DPL=0 DS   [-WA]
DS =0018 00000000 ffffffff 00cf9300 DPL=0 DS   [-WA]
FS =0018 00000000 ffffffff 00cf9300 DPL=0 DS   [-WA]
GS =0018 00000000 ffffffff 00cf9300 DPL=0 DS   [-WA]
LDT=0000 00000000 0000ffff 00008200 DPL=0 LDT
TR =0000 00000000 0000ffff 00008b00 DPL=0 TSS32-busy
GDT=     000010b0 00000020
IDT=     001295e0 000007ff
CR0=00000011 CR2=00000000 CR3=00000000 CR4=00000000
DR0=00000000 DR1=00000000 DR2=00000000 DR3=00000000 
DR6=ffff0ff0 DR7=00000400
CCS=00000044 CCD=00000000 CCO=EFLAGS
EFER=0000000000000000
Servicing hardware INT=0x20
    49: v=20 e=0000 i=0 cpl=0 IP=0010:00101196 pc=00101196 SP=0018:00103c44 env->regs[R_EAX]=0000004e
EAX=0000004e EBX=00103d28 ECX=000000c2 EDX=0000d361
ESI=00102844 EDI=00000013 EBP=00103c54 ESP=00103c44
EIP=00101196 EFL=00000297 [--S-APC] CPL=0 II=0 A20=1 SMM=0 HLT=0
ES =0018 00000000 ffffffff 00cf9300 DPL=0 DS   [-WA]
CS =0010 00000000 ffffffff 00cf9a00 DPL=0 CS32 [-R-]
SS =0018 00000000 ffffffff 00cf9300 DPL=0 DS   [-WA]
DS =0018 00000000 ffffffff 00cf9300 DPL=0 DS   [-WA]
FS =0018 00000000 ffffffff 00cf9300 DPL=0 DS   [-WA]
GS =0018 00000000 ffffffff 00cf9300 DPL=0 DS   [-WA]
LDT=0000 00000000 0000ffff 00008200 DPL=0 LDT
TR =0000 00000000 0000ffff 00008b00 DPL=0 TSS32-busy
GDT=     000010b0 00000020
IDT=     001295e0 000007ff
CR0=00000011 CR2=00000000 CR3=00000000 CR4=00000000
DR0=00000000 DR1=00000000 DR2=00000000 DR3=00000000 
DR6=ffff0ff0 DR7=00000400
CCS=00000095 CCD=fffffff9 CCO=EFLAGS
EFER=0000000000000000
Servicing hardware INT=0x20
    50: v=20 e=0000 i=0 cpl=0 IP=0010:00100994 pc=00100994 SP=0018:001048d4 env->regs[R_EAX]=0000001c
EAX=0000001c EBX=00000000 ECX=00001800 EDX=00102844
ESI=001027c0 EDI=00000000 EBP=001048e4 ESP=001048d4
EIP=00100994 EFL=00000296 [--S-AP-] CPL=0 II=0 A20=1 SMM=0 HLT=0
ES =0018 00000000 ffffffff 00cf9300 DPL=0 DS   [-WA]
CS =0010 00000000 ffffffff 00cf9a00 DPL=0 CS32 [-R-]
SS =0018 00000000 ffffffff 00cf9300 DPL=0 DS   [-WA]
DS =0018 00000000 ffffffff 00cf9300 DPL=0 DS   [-WA]
FS =0018 00000000 ffffffff 00cf9300 DPL=0 DS   [-WA]
GS =0018 00000000 ffffffff 00cf9300 DPL=0 DS   [-WA]
LDT=0000 00000000 0000ffff 00008200 DPL=0 LDT
TR =0000 00000000 0000ffff 00008b00 DPL=0 TSS32-busy
GDT=     000010b0 00000020
IDT=     001295e0 000007ff
CR0=00000011 CR2=00000000 CR3=00000000 CR4=00000000
DR0=00000000 DR1=00000000 DR2=00000000 DR3=00000000 
DR6=ffff0ff0 DR7=00000400
CCS=00000094 CCD=ffffffff CCO=EFLAGS
EFER=0000000000000000
Servicing hardware INT=0x20
    51: v=20 e=0000 i=0 cpl=0 IP=0010:00101c7d pc=00101c7d SP=0018:0012dd20 env->regs[R_EAX]=00102844
EAX=00102844 EBX=00010000 ECX=000b8000 EDX=00000001
ESI=00000000 EDI=00000000 EBP=0012dd68 ESP=0012dd20
EIP=00101c7d EFL=00200246 [---Z-P-] CPL=0 II=0 A20=1 SMM=0 HLT=0
ES =0018 00000000 ffffffff 00cf9300 DPL=0 DS   [-WA]
CS =0010 00000000 ffffffff 00cf9a00 DPL=0 CS32 [-R-]
SS =0018 00000000 ffffffff 00cf9300 DPL=0 DS   [-WA]
DS =0018 00000000 ffffffff 00cf9300 DPL=0 DS   [-WA]
FS =0018 00000000 ffffffff 00cf9300 DPL=0 DS   [-WA]
GS =0018 00000000 ffffffff 00cf9300 DPL=0 DS   [-WA]
LDT=0000 00000000 0000ffff 00008200 DPL=0 LDT
TR =0000 00000000 0000ffff 00008b00 DPL=0 TSS32-busy
GDT=     000010b0 00000020
IDT=     001295e0 000007ff
CR0=00000011 CR2=00000000 CR3=00000000 CR4=00000000
DR0=00000000 DR1=00000000 DR2=00000000 DR3=00000000 
DR6=ffff0ff0 DR7=00000400
CCS=00000044 CCD=00000000 CCO=EFLAGS
EFER=0000000000000000
Servicing hardware INT=0x20
    52: v=20 e=0000 i=0 cpl=0 IP=0010:00101196 pc=00101196 SP=0018:00103c44 env->regs[R_EAX]=00000104
EAX=00000104 EBX=00103d28 ECX=00000218 EDX=0000b766
ESI=00102844 EDI=00000008 EBP=00103c54 ESP=00103c44
EIP=00101196 EFL=00000297 [--S-APC] CPL=0 II=0 A20=1 SMM=0 HLT=0
ES =0018 00000000 ffffffff 00cf9300 DPL=0 DS   [-WA]
CS =0010 00000000 ffffffff 00cf9a00 DPL=0 CS32 [-R-]
SS =0018 00000000 ffffffff 00cf9300 DPL=0 DS   [-WA]
DS =0018 00000000 ffffffff 00cf9300 DPL=0 DS   [-WA]
FS =0018 00000000 ffffffff 00cf9300 DPL=0 DS   [-WA]
GS =0018 00000000 ffffffff 00cf9300 DPL=0 DS   [-WA]
LDT=0000 00000000 0000ffff 00008200 DPL=0 LDT
TR =0000 00000000 0000ffff 00008b00 DPL=0 TSS32-busy
GDT=     000010b0 00000020
IDT=     001295e0 000007ff
CR0=00000011 CR2=00000000 CR3=00000000 CR4=00000000
DR0=00000000 DR1=00000000 DR2=00000000 DR3=00000000 
DR6=ffff0ff0 DR7=00000400
CCS=00000095 CCD=ffffffee CCO=EFLAGS
EFER=0000000000000000
Servicing hardware INT=0x20
    53: v=20 e=0000 i=0 cpl=0 IP=0010:00100994 pc=00100994 SP=0018:001048d4 env->regs[R_EAX]=0000001c
EAX=0000001c EBX=00000000 ECX=00001800 EDX=00102844
ESI=001027c0 EDI=00000000 EBP=001048e4 ESP=001048d4
EIP=00100994 EFL=00000296 [--S-AP-] CPL=0 II=0 A20=1 SMM=0 HLT=0
ES =0018 00000000 ffffffff 00cf9300 DPL=0 DS   [-WA]
CS =0010 00000000 ffffffff 00cf9a00 DPL=0 CS32 [-R-]
SS =0018 00000000 ffffffff 00cf9300 DPL=0 DS   [-WA]
DS =0018 00000000 ffffffff 00cf9300 DPL=0 DS   [-WA]
FS =0018 00000000 ffffffff 00cf9300 DPL=0 DS   [-WA]
GS =0018 00000000 ffffffff 00cf9300 DPL=0 DS   [-WA]
LDT=0000 00000000 0000ffff 00008200 DPL=0 LDT
TR =0000 00000000 0000ffff 00008b00 DPL=0 TSS32-busy
GDT=     000010b0 00000020
IDT=     001295e0 000007ff
CR0=00000011 CR2=00000000 CR3=00000000 CR4=00000000
DR0=00000000 DR1=00000000 DR2=00000000 DR3=00000000 
DR6=ffff0ff0 DR7=00000400
CCS=00000094 CCD=ffffffff CCO=EFLAGS
EFER=0000000000000000
Servicing hardware INT=0x20
    54: v=20 e=0000 i=0 cpl=0 IP=0010:00101761 pc=00101761 SP=0018:0012dce0 env->regs[R_EAX]=00011870
EAX=00011870 EBX=00000320 ECX=00000000 EDX=00000003
ESI=00000007 EDI=00173fb4 EBP=0012dd08 ESP=0012dce0
EIP=00101761 EFL=00200293 [--S-A-C] CPL=0 II=0 A20=1 SMM=0 HLT=0
ES =0018 00000000 ffffffff 00cf9300 DPL=0 DS   [-WA]
CS =0010 00000000 ffffffff 00cf9a00 DPL=0 CS32 [-R-]
SS =0018 00000000 ffffffff 00cf9300 DPL=0 DS   [-WA]
DS =0018 00000000 ffffffff 00cf9300 DPL=0 DS   [-WA]
FS =0018 00000000 ffffffff 00cf9300 DPL=0 DS   [-WA]
GS =0018 00000000 ffffffff 00cf9300 DPL=0 DS   [-WA]
LDT=0000 00000000 0000ffff 00008200 DPL=0 LDT
TR =0000 00000000 0000ffff 00008b00 DPL=0 TSS32-busy
GDT=     000010b0 00000020
IDT=     001295e0 000007ff
CR0=00000011 CR2=00000000 CR3=00000000 CR4=00000000
DR0=00000000 DR1=00000000 DR2=00000000 DR3=00000000 
DR6=ffff0ff0 DR7=00000400
CCS=00000091 CCD=fffffffb CCO=EFLAGS
EFER=0000000000000000
Servicing hardware INT=0x20
    55: v=20 e=0000 i=0 cpl=0 IP=0010:00101196 pc=00101196 SP=0018:00103c44 env->regs[R_EAX]=000000b6
EAX=000000b6 EBX=00103d28 ECX=00000178 EDX=00001b66
ESI=00102844 EDI=00000006 EBP=00103c54 ESP=00103c44
EIP=00101196 EFL=00000293 [--S-A-C] CPL=0 II=0 A20=1 SMM=0 HLT=0
ES =0018 00000000 ffffffff 00cf9300 DPL=0 DS   [-WA]
CS =0010 00000000 ffffffff 00cf9a00 DPL=0 CS32 [-R-]
SS =0018 00000000 ffffffff 00cf9300 DPL=0 DS   [-WA]
DS =0018 00000000 ffffffff 00cf9300 DPL=0 DS   [-WA]
FS =0018 00000000 ffffffff 00cf9300 DPL=0 DS   [-WA]
GS =0018 00000000 ffffffff 00cf9300 DPL=0 DS   [-WA]
LDT=0000 00000000 0000ffff 00008200 DPL=0 LDT
TR =0000 00000000 0000ffff 00008b00 DPL=0 TSS32-busy
GDT=     000010b0 00000020
IDT=     001295e0 000007ff
CR0=00000011 CR2=00000000 CR3=00000000 CR4=00000000
DR0=00000000 DR1=00000000 DR2=00000000 DR3=00000000 
DR6=ffff0ff0 DR7=00000400
CCS=00000091 CCD=ffffffec CCO=EFLAGS
EFER=0000000000000000
Servicing hardware INT=0x20
    56: v=20 e=0000 i=0 cpl=0 IP=0010:00100994 pc=00100994 SP=0018:001048d4 env->regs[R_EAX]=0000001c
EAX=0000001c EBX=00000000 ECX=00001800 EDX=00102844
ESI=001027c0 EDI=00000000 EBP=001048e4 ESP=001048d4
EIP=00100994 EFL=00000296 [--S-AP-] CPL=0 II=0 A20=1 SMM=0 HLT=0
ES =0018 00000000 ffffffff 00cf9300 DPL=0 DS   [-WA]
CS =0010 00000000 ffffffff 00cf9a00 DPL=0 CS32 [-R-]
SS =0018 00000000 ffffffff 00cf9300 DPL=0 DS   [-WA]
DS =0018 00000000 ffffffff 00cf9300 DPL=0 DS   [-WA]
FS =0018 00000000 ffffffff 00cf9300 DPL=0 DS   [-WA]
GS =0018 00000000 ffffffff 00cf9300 DPL=0 DS   [-WA]
LDT=0000 00000000 0000ffff 00008200 DPL=0 LDT
TR =0000 00000000 0000ffff 00008b00 DPL=0 TSS32-busy
GDT=     000010b0 00000020
IDT=     001295e0 000007ff
CR0=00000011 CR2=00000000 CR3=00000000 CR4=00000000
DR0=00000000 DR1=00000000 DR2=00000000 DR3=00000000 
DR6=ffff0ff0 DR7=00000400
CCS=00000094 CCD=ffffffff CCO=EFLAGS
EFER=0000000000000000
Servicing hardware INT=0x20
    57: v=20 e=0000 i=0 cpl=0 IP=0010:00101146 pc=00101146 SP=0018:0012dcec env->regs[R_EAX]=00150b54
EAX=00150b54 EBX=00000088 ECX=0074b2ed EDX=000000e0
ESI=00000024 EDI=000000b0 EBP=0012dd04 ESP=0012dcec
EIP=00101146 EFL=00200212 [----A--] CPL=0 II=0 A20=1 SMM=0 HLT=0
ES =0018 00000000 ffffffff 00cf9300 DPL=0 DS   [-WA]
CS =0010 00000000 ffffffff 00cf9a00 DPL=0 CS32 [-R-]
SS =0018 00000000 ffffffff 00cf9300 DPL=0 DS   [-WA]
DS =0018 00000000 ffffffff 00cf9300 DPL=0 DS   [-WA]
FS =0018 00000000 ffffffff 00cf9300 DPL=0 DS   [-WA]
GS =0018 00000000 ffffffff 00cf9300 DPL=0 DS   [-WA]
LDT=0000 00000000 0000ffff 00008200 DPL=0 LDT
TR =0000 00000000 0000ffff 00008b00 DPL=0 TSS32-busy
GDT=     000010b0 00000020
IDT=     001295e0 000007ff
CR0=00000011 CR2=00000000 CR3=00000000 CR4=00000000
DR0=00000000 DR1=00000000 DR2=00000000 DR3=00000000 
DR6=ffff0ff0 DR7=00000400
CCS=00000010 CCD=00000058 CCO=EFLAGS
EFER=0000000000000000
Servicing hardware INT=0x20
    58: v=20 e=0000 i=0 cpl=0 IP=0010:00101196 pc=00101196 SP=0018:00103c44 env->regs[R_EAX]=000000d0
EAX=000000d0 EBX=00103d28 ECX=000001b6 EDX=00007b20
ESI=00102844 EDI=0000000b EBP=00103c54 ESP=00103c44
EIP=00101196 EFL=00000283 [--S---C] CPL=0 II=0 A20=1 SMM=0 HLT=0
ES =0018 00000000 ffffffff 00cf9300 DPL=0 DS   [-WA]
CS =0010 00000000 ffffffff 00cf9a00 DPL=0 CS32 [-R-]
SS =0018 00000000 ffffffff 00cf9300 DPL=0 DS   [-WA]
DS =0018 00000000 ffffffff 00cf9300 DPL=0 DS   [-WA]
FS =0018 00000000 ffffffff 00cf9300 DPL=0 DS   [-WA]
GS =0018 00000000 ffffffff 00cf9300 DPL=0 DS   [-WA]
LDT=0000 00000000 0000ffff 00008200 DPL=0 LDT
TR =0000 00000000 0000ffff 00008b00 DPL=0 TSS32-busy
GDT=     000010b0 00000020
IDT=     001295e0 000007ff
CR0=00000011 CR2=00000000 CR3=00000000 CR4=00000000
DR0=00000000 DR1=00000000 DR2=00000000 DR3=00000000 
DR6=ffff0ff0 DR7=00000400
CCS=00000081 CCD=fffffff1 CCO=EFLAGS
EFER=0000000000000000
Servicing hardware INT=0x20
    59: v=20 e=0000 i=0 cpl=0 IP=0010:00100994 pc=00100994 SP=0018:001048d4 env->regs[R_EAX]=0000001c
EAX=0000001c EBX=00000000 ECX=00001800 EDX=00102844
ESI=001027c0 EDI=00000000 EBP=001048e4 ESP=001048d4
EIP=00100994 EFL=00000296 [--S-AP-] CPL=0 II=0 A20=1 SMM=0 HLT=0
ES =0018 00000000 ffffffff 00cf9300 DPL=0 DS   [-WA]
CS =0010 00000000 ffffffff 00cf9a00 DPL=0 CS32 [-R-]
SS =0018 00000000 ffffffff 00cf9300 DPL=0 DS   [-WA]
DS =0018 00000000 ffffffff 00cf9300 DPL=0 DS   [-WA]
FS =0018 00000000 ffffffff 00cf9300 DPL=0 DS   [-WA]
GS =0018 00000000 ffffffff 00cf9300 DPL=0 DS   [-WA]
LDT=0000 00000000 0000ffff 00008200 DPL=0 LDT
TR =0000 00000000 0000ffff 00008b00 DPL=0 TSS32-busy
GDT=     000010b0 00000020
IDT=     001295e0 000007ff
CR0=00000011 CR2=00000000 CR3=00000000 CR4=00000000
DR0=00000000 DR1=00000000 DR2=00000000 DR3=00000000 
DR6=ffff0ff0 DR7=00000400
CCS=00000094 CCD=ffffffff CCO=EFLAGS
EFER=0000000000000000
Servicing hardware INT=0x20
    60: v=20 e=0000 i=0 cpl=0 IP=0010:00101c7d pc=00101c7d SP=0018:0012dd20 env->regs[R_EAX]=00102844
EAX=00102844 EBX=00010000 ECX=000b8000 EDX=00000001
ESI=00000000 EDI=00000000 EBP=0012dd68 ESP=0012dd20
EIP=00101c7d EFL=00200246 [---Z-P-] CPL=0 II=0 A20=1 SMM=0 HLT=0
ES =0018 00000000 ffffffff 00cf9300 DPL=0 DS   [-WA]
CS =0010 00000000 ffffffff 00cf9a00 DPL=0 CS32 [-R-]
SS =0018 00000000 ffffffff 00cf9300 DPL=0 DS   [-WA]
DS =0018 00000000 ffffffff 00cf9300 DPL=0 DS   [-WA]
FS =0018 00000000 ffffffff 00cf9300 DPL=0 DS   [-WA]
GS =0018 00000000 ffffffff 00cf9300 DPL=0 DS   [-WA]
LDT=0000 00000000 0000ffff 00008200 DPL=0 LDT
TR =0000 00000000 0000ffff 00008b00 DPL=0 TSS32-busy
GDT=     000010b0 00000020
IDT=     001295e0 000007ff
CR0=00000011 CR2=00000000 CR3=00000000 CR4=00000000
DR0=00000000 DR1=00000000 DR2=00000000 DR3=00000000 
DR6=ffff0ff0 DR7=00000400
CCS=00000044 CCD=00000000 CCO=EFLAGS
EFER=0000000000000000
Servicing hardware INT=0x20
    61: v=20 e=0000 i=0 cpl=0 IP=0010:00101196 pc=00101196 SP=0018:00103c44 env->regs[R_EAX]=000000ea
EAX=000000ea EBX=00103d28 ECX=000001fe EDX=0000bd6f
ESI=00102844 EDI=00000015 EBP=00103c54 ESP=00103c44
EIP=00101196 EFL=00000293 [--S-A-C] CPL=0 II=0 A20=1 SMM=0 HLT=0
ES =0018 00000000 ffffffff 00cf9300 DPL=0 DS   [-WA]
CS =0010 00000000 ffffffff 00cf9a00 DPL=0 CS32 [-R-]
SS =0018 00000000 ffffffff 00cf9300 DPL=0 DS   [-WA]
DS =0018 00000000 ffffffff 00cf9300 DPL=0 DS   [-WA]
FS =0018 00000000 ffffffff 00cf9300 DPL=0 DS   [-WA]
GS =0018 00000000 ffffffff 00cf9300 DPL=0 DS   [-WA]
LDT=0000 00000000 0000ffff 00008200 DPL=0 LDT
TR =0000 00000000 0000ffff 00008b00 DPL=0 TSS32-busy
GDT=     000010b0 00000020
IDT=     001295e0 000007ff
CR0=00000011 CR2=00000000 CR3=00000000 CR4=00000000
DR0=00000000 DR1=00000000 DR2=00000000 DR3=00000000 
DR6=ffff0ff0 DR7=00000400
CCS=00000091 CCD=fffffffb CCO=EFLAGS
EFER=0000000000000000
Servicing hardware INT=0x20
    62: v=20 e=0000 i=0 cpl=0 IP=0010:00100994 pc=00100994 SP=0018:001048d4 env->regs[R_EAX]=0000001c
EAX=0000001c EBX=00000000 ECX=00001800 EDX=00102844
ESI=001027c0 EDI=00000000 EBP=001048e4 ESP=001048d4
EIP=00100994 EFL=00000296 [--S-AP-] CPL=0 II=0 A20=1 SMM=0 HLT=0
ES =0018 00000000 ffffffff 00cf9300 DPL=0 DS   [-WA]
CS =0010 00000000 ffffffff 00cf9a00 DPL=0 CS32 [-R-]
SS =0018 00000000 ffffffff 00cf9300 DPL=0 DS   [-WA]
DS =0018 00000000 ffffffff 00cf9300 DPL=0 DS   [-WA]
FS =0018 00000000 ffffffff 00cf9300 DPL=0 DS   [-WA]
GS =0018 00000000 ffffffff 00cf9300 DPL=0 DS   [-WA]
LDT=0000 00000000 0000ffff 00008200 DPL=0 LDT
TR =0000 00000000 0000ffff 00008b00 DPL=0 TSS32-busy
GDT=     000010b0 00000020
IDT=     001295e0 000007ff
CR0=00000011 CR2=00000000 CR3=00000000 CR4=00000000
DR0=00000000 DR1=00000000 DR2=00000000 DR3=00000000 
DR6=ffff0ff0 DR7=00000400
CCS=00000094 CCD=ffffffff CCO=EFLAGS
EFER=0000000000000000
Servicing hardware INT=0x20
    63: v=20 e=0000 i=0 cpl=0 IP=0010:001016d8 pc=001016d8 SP=0018:0012dc9c env->regs[R_EAX]=00021780
EAX=00021780 EBX=00000320 ECX=00000007 EDX=00000003
ESI=00000001 EDI=001b3bf4 EBP=0012dcc8 ESP=0012dc9c
EIP=001016d8 EFL=00200246 [---Z-P-] CPL=0 II=0 A20=1 SMM=0 HLT=0
ES =0018 00000000 ffffffff 00cf9300 DPL=0 DS   [-WA]
CS =0010 00000000 ffffffff 00cf9a00 DPL=0 CS32 [-R-]
SS =0018 00000000 ffffffff 00cf9300 DPL=0 DS   [-WA]
DS =0018 00000000 ffffffff 00cf9300 DPL=0 DS   [-WA]
FS =0018 00000000 ffffffff 00cf9300 DPL=0 DS   [-WA]
GS =0018 00000000 ffffffff 00cf9300 DPL=0 DS   [-WA]
LDT=0000 00000000 0000ffff 00008200 DPL=0 LDT
TR =0000 00000000 0000ffff 00008b00 DPL=0 TSS32-busy
GDT=     000010b0 00000020
IDT=     001295e0 000007ff
CR0=00000011 CR2=00000000 CR3=00000000 CR4=00000000
DR0=00000000 DR1=00000000 DR2=00000000 DR3=00000000 
DR6=ffff0ff0 DR7=00000400
CCS=00000044 CCD=00000000 CCO=EFLAGS
EFER=0000000000000000
Servicing hardware INT=0x20
    64: v=20 e=0000 i=0 cpl=0 IP=0010:00101196 pc=00101196 SP=0018:00103c44 env->regs[R_EAX]=00000068
EAX=00000068 EBX=00103d28 ECX=000000f0 EDX=00001d6f
ESI=00102844 EDI=00000010 EBP=00103c54 ESP=00103c44
EIP=00101196 EFL=00000297 [--S-APC] CPL=0 II=0 A20=1 SMM=0 HLT=0
ES =0018 00000000 ffffffff 00cf9300 DPL=0 DS   [-WA]
CS =0010 00000000 ffffffff 00cf9a00 DPL=0 CS32 [-R-]
SS =0018 00000000 ffffffff 00cf9300 DPL=0 DS   [-WA]
DS =0018 00000000 ffffffff 00cf9300 DPL=0 DS   [-WA]
FS =0018 00000000 ffffffff 00cf9300 DPL=0 DS   [-WA]
GS =0018 00000000 ffffffff 00cf9300 DPL=0 DS   [-WA]
LDT=0000 00000000 0000ffff 00008200 DPL=0 LDT
TR =0000 00000000 0000ffff 00008b00 DPL=0 TSS32-busy
GDT=     000010b0 00000020
IDT=     001295e0 000007ff
CR0=00000011 CR2=00000000 CR3=00000000 CR4=00000000
DR0=00000000 DR1=00000000 DR2=00000000 DR3=00000000 
DR6=ffff0ff0 DR7=00000400
CCS=00000095 CCD=fffffff6 CCO=EFLAGS
EFER=0000000000000000
Servicing hardware INT=0x20
    65: v=20 e=0000 i=0 cpl=0 IP=0010:00100994 pc=00100994 SP=0018:001048d4 env->regs[R_EAX]=0000001c
EAX=0000001c EBX=00000067 ECX=00001800 EDX=00102844
ESI=001027c0 EDI=00104928 EBP=001048e4 ESP=001048d4
EIP=00100994 EFL=00000296 [--S-AP-] CPL=0 II=0 A20=1 SMM=0 HLT=0
ES =0018 00000000 ffffffff 00cf9300 DPL=0 DS   [-WA]
CS =0010 00000000 ffffffff 00cf9a00 DPL=0 CS32 [-R-]
SS =0018 00000000 ffffffff 00cf9300 DPL=0 DS   [-WA]
DS =0018 00000000 ffffffff 00cf9300 DPL=0 DS   [-WA]
FS =0018 00000000 ffffffff 00cf9300 DPL=0 DS   [-WA]
GS =0018 00000000 ffffffff 00cf9300 DPL=0 DS   [-WA]
LDT=0000 00000000 0000ffff 00008200 DPL=0 LDT
TR =0000 00000000 0000ffff 00008b00 DPL=0 TSS32-busy
GDT=     000010b0 00000020
IDT=     001295e0 000007ff
CR0=00000011 CR2=00000000 CR3=00000000 CR4=00000000
DR0=00000000 DR1=00000000 DR2=00000000 DR3=00000000 
DR6=ffff0ff0 DR7=00000400
CCS=00000094 CCD=ffffffff CCO=EFLAGS
EFER=0000000000000000
Servicing hardware INT=0x20
    66: v=20 e=0000 i=0 cpl=0 IP=0010:00101c7d pc=00101c7d SP=0018:0012dd20 env->regs[R_EAX]=00102844
EAX=00102844 EBX=00010000 ECX=000b8000 EDX=00000001
ESI=00000000 EDI=00000000 EBP=0012dd68 ESP=0012dd20
EIP=00101c7d EFL=00200246 [---Z-P-] CPL=0 II=0 A20=1 SMM=0 HLT=0
ES =0018 00000000 ffffffff 00cf9300 DPL=0 DS   [-WA]
CS =0010 00000000 ffffffff 00cf9a00 DPL=0 CS32 [-R-]
SS =0018 00000000 ffffffff 00cf9300 DPL=0 DS   [-WA]
DS =0018 00000000 ffffffff 00cf9300 DPL=0 DS   [-WA]
FS =0018 00000000 ffffffff 00cf9300 DPL=0 DS   [-WA]
GS =0018 00000000 ffffffff 00cf9300 DPL=0 DS   [-WA]
LDT=0000 00000000 0000ffff 00008200 DPL=0 LDT
TR =0000 00000000 0000ffff 00008b00 DPL=0 TSS32-busy
GDT=     000010b0 00000020
IDT=     001295e0 000007ff
CR0=00000011 CR2=00000000 CR3=00000000 CR4=00000000
DR0=00000000 DR1=00000000 DR2=00000000 DR3=00000000 
DR6=ffff0ff0 DR7=00000400
CCS=00000044 CCD=00000000 CCO=EFLAGS
EFER=0000000000000000
Servicing hardware INT=0x20
    67: v=20 e=0000 i=0 cpl=0 IP=0010:00101196 pc=00101196 SP=0018:00103c44 env->regs[R_EAX]=00000152
EAX=00000152 EBX=00103d28 ECX=000002b6 EDX=00002f61
ESI=00102844 EDI=00000009 EBP=00103c54 ESP=00103c44
EIP=00101196 EFL=00000293 [--S-A-C] CPL=0 II=0 A20=1 SMM=0 HLT=0
ES =0018 00000000 ffffffff 00cf9300 DPL=0 DS   [-WA]
CS =0010 00000000 ffffffff 00cf9a00 DPL=0 CS32 [-R-]
SS =0018 00000000 ffffffff 00cf9300 DPL=0 DS   [-WA]
DS =0018 00000000 ffffffff 00cf9300 DPL=0 DS   [-WA]
FS =0018 00000000 ffffffff 00cf9300 DPL=0 DS   [-WA]
GS =0018 00000000 ffffffff 00cf9300 DPL=0 DS   [-WA]
LDT=0000 00000000 0000ffff 00008200 DPL=0 LDT
TR =0000 00000000 0000ffff 00008b00 DPL=0 TSS32-busy
GDT=     000010b0 00000020
IDT=     001295e0 000007ff
CR0=00000011 CR2=00000000 CR3=00000000 CR4=00000000
DR0=00000000 DR1=00000000 DR2=00000000 DR3=00000000 
DR6=ffff0ff0 DR7=00000400
CCS=00000091 CCD=ffffffef CCO=EFLAGS
EFER=0000000000000000
Servicing hardware INT=0x20
    68: v=20 e=0000 i=0 cpl=0 IP=0010:00100994 pc=00100994 SP=0018:001048d4 env->regs[R_EAX]=0000001c
EAX=0000001c EBX=00000067 ECX=00001800 EDX=00102844
ESI=001027c0 EDI=00104928 EBP=001048e4 ESP=001048d4
EIP=00100994 EFL=00000296 [--S-AP-] CPL=0 II=0 A20=1 SMM=0 HLT=0
ES =0018 00000000 ffffffff 00cf9300 DPL=0 DS   [-WA]
CS =0010 00000000 ffffffff 00cf9a00 DPL=0 CS32 [-R-]
SS =0018 00000000 ffffffff 00cf9300 DPL=0 DS   [-WA]
DS =0018 00000000 ffffffff 00cf9300 DPL=0 DS   [-WA]
FS =0018 00000000 ffffffff 00cf9300 DPL=0 DS   [-WA]
GS =0018 00000000 ffffffff 00cf9300 DPL=0 DS   [-WA]
LDT=0000 00000000 0000ffff 00008200 DPL=0 LDT
TR =0000 00000000 0000ffff 00008b00 DPL=0 TSS32-busy
GDT=     000010b0 00000020
IDT=     001295e0 000007ff
CR0=00000011 CR2=00000000 CR3=00000000 CR4=00000000
DR0=00000000 DR1=00000000 DR2=00000000 DR3=00000000 
DR6=ffff0ff0 DR7=00000400
CCS=00000094 CCD=ffffffff CCO=EFLAGS
EFER=0000000000000000
Servicing hardware INT=0x20
    69: v=20 e=0000 i=0 cpl=0 IP=0010:00101c7d pc=00101c7d SP=0018:0012dd20 env->regs[R_EAX]=00102844
EAX=00102844 EBX=00010000 ECX=000b8000 EDX=00000001
ESI=00000000 EDI=00000000 EBP=0012dd68 ESP=0012dd20
EIP=00101c7d EFL=00200246 [---Z-P-] CPL=0 II=0 A20=1 SMM=0 HLT=0
ES =0018 00000000 ffffffff 00cf9300 DPL=0 DS   [-WA]
CS =0010 00000000 ffffffff 00cf9a00 DPL=0 CS32 [-R-]
SS =0018 00000000 ffffffff 00cf9300 DPL=0 DS   [-WA]
DS =0018 00000000 ffffffff 00cf9300 DPL=0 DS   [-WA]
FS =0018 00000000 ffffffff 00cf9300 DPL=0 DS   [-WA]
GS =0018 00000000 ffffffff 00cf9300 DPL=0 DS   [-WA]
LDT=0000 00000000 0000ffff 00008200 DPL=0 LDT
TR =0000 00000000 0000ffff 00008b00 DPL=0 TSS32-busy
GDT=     000010b0 00000020
IDT=     001295e0 000007ff
CR0=00000011 CR2=00000000 CR3=00000000 CR4=00000000
DR0=00000000 DR1=00000000 DR2=00000000 DR3=00000000 
DR6=ffff0ff0 DR7=00000400
CCS=00000044 CCD=00000000 CCO=EFLAGS
EFER=0000000000000000
Servicing hardware INT=0x20
    70: v=20 e=0000 i=0 cpl=0 IP=0010:00101196 pc=00101196 SP=0018:00103c44 env->regs[R_EAX]=000001d4
EAX=000001d4 EBX=00103d28 ECX=000003c2 EDX=00000d66
ESI=00102844 EDI=0000000d EBP=00103c54 ESP=00103c44
EIP=00101196 EFL=00000287 [--S--PC] CPL=0 II=0 A20=1 SMM=0 HLT=0
ES =0018 00000000 ffffffff 00cf9300 DPL=0 DS   [-WA]
CS =0010 00000000 ffffffff 00cf9a00 DPL=0 CS32 [-R-]
SS =0018 00000000 ffffffff 00cf9300 DPL=0 DS   [-WA]
DS =0018 00000000 ffffffff 00cf9300 DPL=0 DS   [-WA]
FS =0018 00000000 ffffffff 00cf9300 DPL=0 DS   [-WA]
GS =0018 00000000 ffffffff 00cf9300 DPL=0 DS   [-WA]
LDT=0000 00000000 0000ffff 00008200 DPL=0 LDT
TR =0000 00000000 0000ffff 00008b00 DPL=0 TSS32-busy
GDT=     000010b0 00000020
IDT=     001295e0 000007ff
CR0=00000011 CR2=00000000 CR3=00000000 CR4=00000000
DR0=00000000 DR1=00000000 DR2=00000000 DR3=00000000 
DR6=ffff0ff0 DR7=00000400
CCS=00000085 CCD=fffffff3 CCO=EFLAGS
EFER=0000000000000000
Servicing hardware INT=0x20
    71: v=20 e=0000 i=0 cpl=0 IP=0010:00100994 pc=00100994 SP=0018:001048d4 env->regs[R_EAX]=0000001c
EAX=0000001c EBX=00000000 ECX=00001800 EDX=00102844
ESI=001027c0 EDI=00000000 EBP=001048e4 ESP=001048d4
EIP=00100994 EFL=00000296 [--S-AP-] CPL=0 II=0 A20=1 SMM=0 HLT=0
ES =0018 00000000 ffffffff 00cf9300 DPL=0 DS   [-WA]
CS =0010 00000000 ffffffff 00cf9a00 DPL=0 CS32 [-R-]
SS =0018 00000000 ffffffff 00cf9300 DPL=0 DS   [-WA]
DS =0018 00000000 ffffffff 00cf9300 DPL=0 DS   [-WA]
FS =0018 00000000 ffffffff 00cf9300 DPL=0 DS   [-WA]
GS =0018 00000000 ffffffff 00cf9300 DPL=0 DS   [-WA]
LDT=0000 00000000 0000ffff 00008200 DPL=0 LDT
TR =0000 00000000 0000ffff 00008b00 DPL=0 TSS32-busy
GDT=     000010b0 00000020
IDT=     001295e0 000007ff
CR0=00000011 CR2=00000000 CR3=00000000 CR4=00000000
DR0=00000000 DR1=00000000 DR2=00000000 DR3=00000000 
DR6=ffff0ff0 DR7=00000400
CCS=00000094 CCD=ffffffff CCO=EFLAGS
EFER=0000000000000000
Servicing hardware INT=0x20
    72: v=20 e=0000 i=0 cpl=0 IP=0010:00101c7d pc=00101c7d SP=0018:0012dd20 env->regs[R_EAX]=00102844
EAX=00102844 EBX=00010000 ECX=000b8000 EDX=00000001
ESI=00000000 EDI=00000000 EBP=0012dd68 ESP=0012dd20
EIP=00101c7d EFL=00200246 [---Z-P-] CPL=0 II=0 A20=1 SMM=0 HLT=0
ES =0018 00000000 ffffffff 00cf9300 DPL=0 DS   [-WA]
CS =0010 00000000 ffffffff 00cf9a00 DPL=0 CS32 [-R-]
SS =0018 00000000 ffffffff 00cf9300 DPL=0 DS   [-WA]
DS =0018 00000000 ffffffff 00cf9300 DPL=0 DS   [-WA]
FS =0018 00000000 ffffffff 00cf9300 DPL=0 DS   [-WA]
GS =0018 00000000 ffffffff 00cf9300 DPL=0 DS   [-WA]
LDT=0000 00000000 0000ffff 00008200 DPL=0 LDT
TR =0000 00000000 0000ffff 00008b00 DPL=0 TSS32-busy
GDT=     000010b0 00000020
IDT=     001295e0 000007ff
CR0=00000011 CR2=00000000 CR3=00000000 CR4=00000000
DR0=00000000 DR1=00000000 DR2=00000000 DR3=00000000 
DR6=ffff0ff0 DR7=00000400
CCS=00000044 CCD=00000000 CCO=EFLAGS
EFER=0000000000000000
Servicing hardware INT=0x20
    73: v=20 e=0000 i=0 cpl=0 IP=0010:001012a5 pc=001012a5 SP=0018:00103c5c env->regs[R_EAX]=0000000e
EAX=0000000e EBX=001034e8 ECX=0000105e EDX=00001920
ESI=00102880 EDI=00000020 EBP=00103c94 ESP=00103c5c
EIP=001012a5 EFL=00000287 [--S--PC] CPL=0 II=0 A20=1 SMM=0 HLT=0
ES =0018 00000000 ffffffff 00cf9300 DPL=0 DS   [-WA]
CS =0010 00000000 ffffffff 00cf9a00 DPL=0 CS32 [-R-]
SS =0018 00000000 ffffffff 00cf9300 DPL=0 DS   [-WA]
DS =0018 00000000 ffffffff 00cf9300 DPL=0 DS   [-WA]
FS =0018 00000000 ffffffff 00cf9300 DPL=0 DS   [-WA]
GS =0018 00000000 ffffffff 00cf9300 DPL=0 DS   [-WA]
LDT=0000 00000000 0000ffff 00008200 DPL=0 LDT
TR =0000 00000000 0000ffff 00008b00 DPL=0 TSS32-busy
GDT=     000010b0 00000020
IDT=     001295e0 000007ff
CR0=00000011 CR2=00000000 CR3=00000000 CR4=00000000
DR0=00000000 DR1=00000000 DR2=00000000 DR3=00000000 
DR6=ffff0ff0 DR7=00000400
CCS=00000085 CCD=fffffff5 CCO=EFLAGS
EFER=0000000000000000
Servicing hardware INT=0x20
    74: v=20 e=0000 i=0 cpl=0 IP=0010:00100994 pc=00100994 SP=0018:001048d4 env->regs[R_EAX]=0000001c
EAX=0000001c EBX=00000067 ECX=00001800 EDX=00102844
ESI=001027c0 EDI=00104928 EBP=001048e4 ESP=001048d4
EIP=00100994 EFL=00000296 [--S-AP-] CPL=0 II=0 A20=1 SMM=0 HLT=0
ES =0018 00000000 ffffffff 00cf9300 DPL=0 DS   [-WA]
CS =0010 00000000 ffffffff 00cf9a00 DPL=0 CS32 [-R-]
SS =0018 00000000 ffffffff 00cf9300 DPL=0 DS   [-WA]
DS =0018 00000000 ffffffff 00cf9300 DPL=0 DS   [-WA]
FS =0018 00000000 ffffffff 00cf9300 DPL=0 DS   [-WA]
GS =0018 00000000 ffffffff 00cf9300 DPL=0 DS   [-WA]
LDT=0000 00000000 0000ffff 00008200 DPL=0 LDT
TR =0000 00000000 0000ffff 00008b00 DPL=0 TSS32-busy
GDT=     000010b0 00000020
IDT=     001295e0 000007ff
CR0=00000011 CR2=00000000 CR3=00000000 CR4=00000000
DR0=00000000 DR1=00000000 DR2=00000000 DR3=00000000 
DR6=ffff0ff0 DR7=00000400
CCS=00000094 CCD=ffffffff CCO=EFLAGS
EFER=0000000000000000
Servicing hardware INT=0x20
    75: v=20 e=0000 i=0 cpl=0 IP=0010:00101c7d pc=00101c7d SP=0018:0012dd20 env->regs[R_EAX]=00102844
EAX=00102844 EBX=00010000 ECX=000b8000 EDX=00000001
ESI=00000000 EDI=00000000 EBP=0012dd68 ESP=0012dd20
EIP=00101c7d EFL=00200246 [---Z-P-] CPL=0 II=0 A20=1 SMM=0 HLT=0
ES =0018 00000000 ffffffff 00cf9300 DPL=0 DS   [-WA]
CS =0010 00000000 ffffffff 00cf9a00 DPL=0 CS32 [-R-]
SS =0018 00000000 ffffffff 00cf9300 DPL=0 DS   [-WA]
DS =0018 00000000 ffffffff 00cf9300 DPL=0 DS   [-WA]
FS =0018 00000000 ffffffff 00cf9300 DPL=0 DS   [-WA]
GS =0018 00000000 ffffffff 00cf9300 DPL=0 DS   [-WA]
LDT=0000 00000000 0000ffff 00008200 DPL=0 LDT
TR =0000 00000000 0000ffff 00008b00 DPL=0 TSS32-busy
GDT=     000010b0 00000020
IDT=     001295e0 000007ff
CR0=00000011 CR2=00000000 CR3=00000000 CR4=00000000
DR0=00000000 DR1=00000000 DR2=00000000 DR3=00000000 
DR6=ffff0ff0 DR7=00000400
CCS=00000044 CCD=00000000 CCO=EFLAGS
EFER=0000000000000000
Servicing hardware INT=0x20
    76: v=20 e=0000 i=0 cpl=0 IP=0010:00101304 pc=00101304 SP=0018:00103c9c env->regs[R_EAX]=00000008
EAX=00000008 EBX=00100070 ECX=00001052 EDX=0000a766
ESI=0010006f EDI=00000000 EBP=00103cb4 ESP=00103c9c
EIP=00101304 EFL=00000246 [---Z-P-] CPL=0 II=0 A20=1 SMM=0 HLT=0
ES =0018 00000000 ffffffff 00cf9300 DPL=0 DS   [-WA]
CS =0010 00000000 ffffffff 00cf9a00 DPL=0 CS32 [-R-]
SS =0018 00000000 ffffffff 00cf9300 DPL=0 DS   [-WA]
DS =0018 00000000 ffffffff 00cf9300 DPL=0 DS   [-WA]
FS =0018 00000000 ffffffff 00cf9300 DPL=0 DS   [-WA]
GS =0018 00000000 ffffffff 00cf9300 DPL=0 DS   [-WA]
LDT=0000 00000000 0000ffff 00008200 DPL=0 LDT
TR =0000 00000000 0000ffff 00008b00 DPL=0 TSS32-busy
GDT=     000010b0 00000020
IDT=     001295e0 000007ff
CR0=00000011 CR2=00000000 CR3=00000000 CR4=00000000
DR0=00000000 DR1=00000000 DR2=00000000 DR3=00000000 
DR6=ffff0ff0 DR7=00000400
CCS=00000044 CCD=00000000 CCO=EFLAGS
EFER=0000000000000000
Servicing hardware INT=0x20
    77: v=20 e=0000 i=0 cpl=0 IP=0010:00100994 pc=00100994 SP=0018:001048d4 env->regs[R_EAX]=0000001c
EAX=0000001c EBX=00000000 ECX=00001800 EDX=00102844
ESI=001027c0 EDI=00000000 EBP=001048e4 ESP=001048d4
EIP=00100994 EFL=00000296 [--S-AP-] CPL=0 II=0 A20=1 SMM=0 HLT=0
ES =0018 00000000 ffffffff 00cf9300 DPL=0 DS   [-WA]
CS =0010 00000000 ffffffff 00cf9a00 DPL=0 CS32 [-R-]
SS =0018 00000000 ffffffff 00cf9300 DPL=0 DS   [-WA]
DS =0018 00000000 ffffffff 00cf9300 DPL=0 DS   [-WA]
FS =0018 00000000 ffffffff 00cf9300 DPL=0 DS   [-WA]
GS =0018 00000000 ffffffff 00cf9300 DPL=0 DS   [-WA]
LDT=0000 00000000 0000ffff 00008200 DPL=0 LDT
TR =0000 00000000 0000ffff 00008b00 DPL=0 TSS32-busy
GDT=     000010b0 00000020
IDT=     001295e0 000007ff
CR0=00000011 CR2=00000000 CR3=00000000 CR4=00000000
DR0=00000000 DR1=00000000 DR2=00000000 DR3=00000000 
DR6=ffff0ff0 DR7=00000400
CCS=00000094 CCD=ffffffff CCO=EFLAGS
EFER=0000000000000000
Servicing hardware INT=0x20
    78: v=20 e=0000 i=0 cpl=0 IP=0010:00101c7d pc=00101c7d SP=0018:0012dd20 env->regs[R_EAX]=00102844
EAX=00102844 EBX=00010000 ECX=000b8000 EDX=00000001
ESI=00000000 EDI=00000000 EBP=0012dd68 ESP=0012dd20
EIP=00101c7d EFL=00200246 [---Z-P-] CPL=0 II=0 A20=1 SMM=0 HLT=0
ES =0018 00000000 ffffffff 00cf9300 DPL=0 DS   [-WA]
CS =0010 00000000 ffffffff 00cf9a00 DPL=0 CS32 [-R-]
SS =0018 00000000 ffffffff 00cf9300 DPL=0 DS   [-WA]
DS =0018 00000000 ffffffff 00cf9300 DPL=0 DS   [-WA]
FS =0018 00000000 ffffffff 00cf9300 DPL=0 DS   [-WA]
GS =0018 00000000 ffffffff 00cf9300 DPL=0 DS   [-WA]
LDT=0000 00000000 0000ffff 00008200 DPL=0 LDT
TR =0000 00000000 0000ffff 00008b00 DPL=0 TSS32-busy
GDT=     000010b0 00000020
IDT=     001295e0 000007ff
CR0=00000011 CR2=00000000 CR3=00000000 CR4=00000000
DR0=00000000 DR1=00000000 DR2=00000000 DR3=00000000 
DR6=ffff0ff0 DR7=00000400
CCS=00000044 CCD=00000000 CCO=EFLAGS
EFER=0000000000000000
Servicing hardware INT=0x20
    79: v=20 e=0000 i=0 cpl=0 IP=0010:00101196 pc=00101196 SP=0018:00103c44 env->regs[R_EAX]=0000016c
EAX=0000016c EBX=00103d28 ECX=000002dc EDX=00008b6f
ESI=00102844 EDI=00000002 EBP=00103c54 ESP=00103c44
EIP=00101196 EFL=00000297 [--S-APC] CPL=0 II=0 A20=1 SMM=0 HLT=0
ES =0018 00000000 ffffffff 00cf9300 DPL=0 DS   [-WA]
CS =0010 00000000 ffffffff 00cf9a00 DPL=0 CS32 [-R-]
SS =0018 00000000 ffffffff 00cf9300 DPL=0 DS   [-WA]
DS =0018 00000000 ffffffff 00cf9300 DPL=0 DS   [-WA]
FS =0018 00000000 ffffffff 00cf9300 DPL=0 DS   [-WA]
GS =0018 00000000 ffffffff 00cf9300 DPL=0 DS   [-WA]
LDT=0000 00000000 0000ffff 00008200 DPL=0 LDT
TR =0000 00000000 0000ffff 00008b00 DPL=0 TSS32-busy
GDT=     000010b0 00000020
IDT=     001295e0 000007ff
CR0=00000011 CR2=00000000 CR3=00000000 CR4=00000000
DR0=00000000 DR1=00000000 DR2=00000000 DR3=00000000 
DR6=ffff0ff0 DR7=00000400
CCS=00000095 CCD=ffffffe8 CCO=EFLAGS
EFER=0000000000000000
Servicing hardware INT=0x20
    80: v=20 e=0000 i=0 cpl=0 IP=0010:00100994 pc=00100994 SP=0018:001048d4 env->regs[R_EAX]=0000001c
EAX=0000001c EBX=00000000 ECX=00001800 EDX=00102844
ESI=001027c0 EDI=00000000 EBP=001048e4 ESP=001048d4
EIP=00100994 EFL=00000296 [--S-AP-] CPL=0 II=0 A20=1 SMM=0 HLT=0
ES =0018 00000000 ffffffff 00cf9300 DPL=0 DS   [-WA]
CS =0010 00000000 ffffffff 00cf9a00 DPL=0 CS32 [-R-]
SS =0018 00000000 ffffffff 00cf9300 DPL=0 DS   [-WA]
DS =0018 00000000 ffffffff 00cf9300 DPL=0 DS   [-WA]
FS =0018 00000000 ffffffff 00cf9300 DPL=0 DS   [-WA]
GS =0018 00000000 ffffffff 00cf9300 DPL=0 DS   [-WA]
LDT=0000 00000000 0000ffff 00008200 DPL=0 LDT
TR =0000 00000000 0000ffff 00008b00 DPL=0 TSS32-busy
GDT=     000010b0 00000020
IDT=     001295e0 000007ff
CR0=00000011 CR2=00000000 CR3=00000000 CR4=00000000
DR0=00000000 DR1=00000000 DR2=00000000 DR3=00000000 
DR6=ffff0ff0 DR7=00000400
CCS=00000094 CCD=ffffffff CCO=EFLAGS
EFER=0000000000000000
Servicing hardware INT=0x20
    81: v=20 e=0000 i=0 cpl=0 IP=0010:001019b8 pc=001019b8 SP=0018:0012dd64 env->regs[R_EAX]=001711a8
EAX=001711a8 EBX=00000000 ECX=003029f4 EDX=fd0433b4
ESI=0012dd78 EDI=00000000 EBP=0012dd68 ESP=0012dd64
EIP=001019b8 EFL=00200202 [-------] CPL=0 II=0 A20=1 SMM=0 HLT=0
ES =0018 00000000 ffffffff 00cf9300 DPL=0 DS   [-WA]
CS =0010 00000000 ffffffff 00cf9a00 DPL=0 CS32 [-R-]
SS =0018 00000000 ffffffff 00cf9300 DPL=0 DS   [-WA]
DS =0018 00000000 ffffffff 00cf9300 DPL=0 DS   [-WA]
FS =0018 00000000 ffffffff 00cf9300 DPL=0 DS   [-WA]
GS =0018 00000000 ffffffff 00cf9300 DPL=0 DS   [-WA]
LDT=0000 00000000 0000ffff 00008200 DPL=0 LDT
TR =0000 00000000 0000ffff 00008b00 DPL=0 TSS32-busy
GDT=     000010b0 00000020
IDT=     001295e0 000007ff
CR0=00000011 CR2=00000000 CR3=00000000 CR4=00000000
DR0=00000000 DR1=00000000 DR2=00000000 DR3=00000000 
DR6=ffff0ff0 DR7=00000400
CCS=00000000 CCD=001711a8 CCO=EFLAGS
EFER=0000000000000000
Servicing hardware INT=0x20
    82: v=20 e=0000 i=0 cpl=0 IP=0010:00101196 pc=00101196 SP=0018:00103c44 env->regs[R_EAX]=0000011e
EAX=0000011e EBX=00103d28 ECX=0000025e EDX=00007720
ESI=00102844 EDI=00000011 EBP=00103c54 ESP=00103c44
EIP=00101196 EFL=00000293 [--S-A-C] CPL=0 II=0 A20=1 SMM=0 HLT=0
ES =0018 00000000 ffffffff 00cf9300 DPL=0 DS   [-WA]
CS =0010 00000000 ffffffff 00cf9a00 DPL=0 CS32 [-R-]
SS =0018 00000000 ffffffff 00cf9300 DPL=0 DS   [-WA]
DS =0018 00000000 ffffffff 00cf9300 DPL=0 DS   [-WA]
FS =0018 00000000 ffffffff 00cf9300 DPL=0 DS   [-WA]
GS =0018 00000000 ffffffff 00cf9300 DPL=0 DS   [-WA]
LDT=0000 00000000 0000ffff 00008200 DPL=0 LDT
TR =0000 00000000 0000ffff 00008b00 DPL=0 TSS32-busy
GDT=     000010b0 00000020
IDT=     001295e0 000007ff
CR0=00000011 CR2=00000000 CR3=00000000 CR4=00000000
DR0=00000000 DR1=00000000 DR2=00000000 DR3=00000000 
DR6=ffff0ff0 DR7=00000400
CCS=00000091 CCD=fffffff7 CCO=EFLAGS
EFER=0000000000000000
Servicing hardware INT=0x20
    83: v=20 e=0000 i=0 cpl=0 IP=0010:00100994 pc=00100994 SP=0018:001048d4 env->regs[R_EAX]=0000001c
EAX=0000001c EBX=00000067 ECX=00001800 EDX=00102844
ESI=001027c0 EDI=00104928 EBP=001048e4 ESP=001048d4
EIP=00100994 EFL=00000296 [--S-AP-] CPL=0 II=0 A20=1 SMM=0 HLT=0
ES =0018 00000000 ffffffff 00cf9300 DPL=0 DS   [-WA]
CS =0010 00000000 ffffffff 00cf9a00 DPL=0 CS32 [-R-]
SS =0018 00000000 ffffffff 00cf9300 DPL=0 DS   [-WA]
DS =0018 00000000 ffffffff 00cf9300 DPL=0 DS   [-WA]
FS =0018 00000000 ffffffff 00cf9300 DPL=0 DS   [-WA]
GS =0018 00000000 ffffffff 00cf9300 DPL=0 DS   [-WA]
LDT=0000 00000000 0000ffff 00008200 DPL=0 LDT
TR =0000 00000000 0000ffff 00008b00 DPL=0 TSS32-busy
GDT=     000010b0 00000020
IDT=     001295e0 000007ff
CR0=00000011 CR2=00000000 CR3=00000000 CR4=00000000
DR0=00000000 DR1=00000000 DR2=00000000 DR3=00000000 
DR6=ffff0ff0 DR7=00000400
CCS=00000094 CCD=ffffffff CCO=EFLAGS
EFER=0000000000000000
Servicing hardware INT=0x20
    84: v=20 e=0000 i=0 cpl=0 IP=0010:00101c7d pc=00101c7d SP=0018:0012dd20 env->regs[R_EAX]=00102844
EAX=00102844 EBX=00010000 ECX=000b8000 EDX=00000001
ESI=00000000 EDI=00000000 EBP=0012dd68 ESP=0012dd20
EIP=00101c7d EFL=00200246 [---Z-P-] CPL=0 II=0 A20=1 SMM=0 HLT=0
ES =0018 00000000 ffffffff 00cf9300 DPL=0 DS   [-WA]
CS =0010 00000000 ffffffff 00cf9a00 DPL=0 CS32 [-R-]
SS =0018 00000000 ffffffff 00cf9300 DPL=0 DS   [-WA]
DS =0018 00000000 ffffffff 00cf9300 DPL=0 DS   [-WA]
FS =0018 00000000 ffffffff 00cf9300 DPL=0 DS   [-WA]
GS =0018 00000000 ffffffff 00cf9300 DPL=0 DS   [-WA]
LDT=0000 00000000 0000ffff 00008200 DPL=0 LDT
TR =0000 00000000 0000ffff 00008b00 DPL=0 TSS32-busy
GDT=     000010b0 00000020
IDT=     001295e0 000007ff
CR0=00000011 CR2=00000000 CR3=00000000 CR4=00000000
DR0=00000000 DR1=00000000 DR2=00000000 DR3=00000000 
DR6=ffff0ff0 DR7=00000400
CCS=00000044 CCD=00000000 CCO=EFLAGS
EFER=0000000000000000
Servicing hardware INT=0x20
    85: v=20 e=0000 i=0 cpl=0 IP=0010:00101304 pc=00101304 SP=0018:00103c9c env->regs[R_EAX]=0000000d
EAX=0000000d EBX=00100076 ECX=0000105c EDX=00003572
ESI=0010006f EDI=00000000 EBP=00103cb4 ESP=00103c9c
EIP=00101304 EFL=00000246 [---Z-P-] CPL=0 II=0 A20=1 SMM=0 HLT=0
ES =0018 00000000 ffffffff 00cf9300 DPL=0 DS   [-WA]
CS =0010 00000000 ffffffff 00cf9a00 DPL=0 CS32 [-R-]
SS =0018 00000000 ffffffff 00cf9300 DPL=0 DS   [-WA]
DS =0018 00000000 ffffffff 00cf9300 DPL=0 DS   [-WA]
FS =0018 00000000 ffffffff 00cf9300 DPL=0 DS   [-WA]
GS =0018 00000000 ffffffff 00cf9300 DPL=0 DS   [-WA]
LDT=0000 00000000 0000ffff 00008200 DPL=0 LDT
TR =0000 00000000 0000ffff 00008b00 DPL=0 TSS32-busy
GDT=     000010b0 00000020
IDT=     001295e0 000007ff
CR0=00000011 CR2=00000000 CR3=00000000 CR4=00000000
DR0=00000000 DR1=00000000 DR2=00000000 DR3=00000000 
DR6=ffff0ff0 DR7=00000400
CCS=00000044 CCD=00000000 CCO=EFLAGS
EFER=0000000000000000
Servicing hardware INT=0x20
    86: v=20 e=0000 i=0 cpl=0 IP=0010:00100994 pc=00100994 SP=0018:001048d4 env->regs[R_EAX]=0000001c
EAX=0000001c EBX=00000000 ECX=00001800 EDX=00102844
ESI=001027c0 EDI=00000000 EBP=001048e4 ESP=001048d4
EIP=00100994 EFL=00000296 [--S-AP-] CPL=0 II=0 A20=1 SMM=0 HLT=0
ES =0018 00000000 ffffffff 00cf9300 DPL=0 DS   [-WA]
CS =0010 00000000 ffffffff 00cf9a00 DPL=0 CS32 [-R-]
SS =0018 00000000 ffffffff 00cf9300 DPL=0 DS   [-WA]
DS =0018 00000000 ffffffff 00cf9300 DPL=0 DS   [-WA]
FS =0018 00000000 ffffffff 00cf9300 DPL=0 DS   [-WA]
GS =0018 00000000 ffffffff 00cf9300 DPL=0 DS   [-WA]
LDT=0000 00000000 0000ffff 00008200 DPL=0 LDT
TR =0000 00000000 0000ffff 00008b00 DPL=0 TSS32-busy
GDT=     000010b0 00000020
IDT=     001295e0 000007ff
CR0=00000011 CR2=00000000 CR3=00000000 CR4=00000000
DR0=00000000 DR1=00000000 DR2=00000000 DR3=00000000 
DR6=ffff0ff0 DR7=00000400
CCS=00000094 CCD=ffffffff CCO=EFLAGS
EFER=0000000000000000
Servicing hardware INT=0x20
    87: v=20 e=0000 i=0 cpl=0 IP=0010:00101c7d pc=00101c7d SP=0018:0012dd20 env->regs[R_EAX]=00102844
EAX=00102844 EBX=00010000 ECX=000b8000 EDX=00000001
ESI=00000000 EDI=00000000 EBP=0012dd68 ESP=0012dd20
EIP=00101c7d EFL=00200246 [---Z-P-] CPL=0 II=0 A20=1 SMM=0 HLT=0
ES =0018 00000000 ffffffff 00cf9300 DPL=0 DS   [-WA]
CS =0010 00000000 ffffffff 00cf9a00 DPL=0 CS32 [-R-]
SS =0018 00000000 ffffffff 00cf9300 DPL=0 DS   [-WA]
DS =0018 00000000 ffffffff 00cf9300 DPL=0 DS   [-WA]
FS =0018 00000000 ffffffff 00cf9300 DPL=0 DS   [-WA]
GS =0018 00000000 ffffffff 00cf9300 DPL=0 DS   [-WA]
LDT=0000 00000000 0000ffff 00008200 DPL=0 LDT
TR =0000 00000000 0000ffff 00008b00 DPL=0 TSS32-busy
GDT=     000010b0 00000020
IDT=     001295e0 000007ff
CR0=00000011 CR2=00000000 CR3=00000000 CR4=00000000
DR0=00000000 DR1=00000000 DR2=00000000 DR3=00000000 
DR6=ffff0ff0 DR7=00000400
CCS=00000044 CCD=00000000 CCO=EFLAGS
EFER=0000000000000000
Servicing hardware INT=0x20
    88: v=20 e=0000 i=0 cpl=0 IP=0010:00101196 pc=00101196 SP=0018:00103c44 env->regs[R_EAX]=000001d4
EAX=000001d4 EBX=00103d28 ECX=000003ba EDX=00006972
ESI=00102844 EDI=00000009 EBP=00103c54 ESP=00103c44
EIP=00101196 EFL=00000293 [--S-A-C] CPL=0 II=0 A20=1 SMM=0 HLT=0
ES =0018 00000000 ffffffff 00cf9300 DPL=0 DS   [-WA]
CS =0010 00000000 ffffffff 00cf9a00 DPL=0 CS32 [-R-]
SS =0018 00000000 ffffffff 00cf9300 DPL=0 DS   [-WA]
DS =0018 00000000 ffffffff 00cf9300 DPL=0 DS   [-WA]
FS =0018 00000000 ffffffff 00cf9300 DPL=0 DS   [-WA]
GS =0018 00000000 ffffffff 00cf9300 DPL=0 DS   [-WA]
LDT=0000 00000000 0000ffff 00008200 DPL=0 LDT
TR =0000 00000000 0000ffff 00008b00 DPL=0 TSS32-busy
GDT=     000010b0 00000020
IDT=     001295e0 000007ff
CR0=00000011 CR2=00000000 CR3=00000000 CR4=00000000
DR0=00000000 DR1=00000000 DR2=00000000 DR3=00000000 
DR6=ffff0ff0 DR7=00000400
CCS=00000091 CCD=ffffffef CCO=EFLAGS
EFER=0000000000000000
Servicing hardware INT=0x20
    89: v=20 e=0000 i=0 cpl=0 IP=0010:00100994 pc=00100994 SP=0018:001048d4 env->regs[R_EAX]=0000001c
EAX=0000001c EBX=00000000 ECX=00001800 EDX=00102844
ESI=001027c0 EDI=00000000 EBP=001048e4 ESP=001048d4
EIP=00100994 EFL=00000296 [--S-AP-] CPL=0 II=0 A20=1 SMM=0 HLT=0
ES =0018 00000000 ffffffff 00cf9300 DPL=0 DS   [-WA]
CS =0010 00000000 ffffffff 00cf9a00 DPL=0 CS32 [-R-]
SS =0018 00000000 ffffffff 00cf9300 DPL=0 DS   [-WA]
DS =0018 00000000 ffffffff 00cf9300 DPL=0 DS   [-WA]
FS =0018 00000000 ffffffff 00cf9300 DPL=0 DS   [-WA]
GS =0018 00000000 ffffffff 00cf9300 DPL=0 DS   [-WA]
LDT=0000 00000000 0000ffff 00008200 DPL=0 LDT
TR =0000 00000000 0000ffff 00008b00 DPL=0 TSS32-busy
GDT=     000010b0 00000020
IDT=     001295e0 000007ff
CR0=00000011 CR2=00000000 CR3=00000000 CR4=00000000
DR0=00000000 DR1=00000000 DR2=00000000 DR3=00000000 
DR6=ffff0ff0 DR7=00000400
CCS=00000094 CCD=ffffffff CCO=EFLAGS
EFER=0000000000000000
Servicing hardware INT=0x20
    90: v=20 e=0000 i=0 cpl=0 IP=0010:00101c7d pc=00101c7d SP=0018:0012dd20 env->regs[R_EAX]=00102844
EAX=00102844 EBX=00010000 ECX=000b8000 EDX=00000001
ESI=00000000 EDI=00000000 EBP=0012dd68 ESP=0012dd20
EIP=00101c7d EFL=00200246 [---Z-P-] CPL=0 II=0 A20=1 SMM=0 HLT=0
ES =0018 00000000 ffffffff 00cf9300 DPL=0 DS   [-WA]
CS =0010 00000000 ffffffff 00cf9a00 DPL=0 CS32 [-R-]
SS =0018 00000000 ffffffff 00cf9300 DPL=0 DS   [-WA]
DS =0018 00000000 ffffffff 00cf9300 DPL=0 DS   [-WA]
FS =0018 00000000 ffffffff 00cf9300 DPL=0 DS   [-WA]
GS =0018 00000000 ffffffff 00cf9300 DPL=0 DS   [-WA]
LDT=0000 00000000 0000ffff 00008200 DPL=0 LDT
TR =0000 00000000 0000ffff 00008b00 DPL=0 TSS32-busy
GDT=     000010b0 00000020
IDT=     001295e0 000007ff
CR0=00000011 CR2=00000000 CR3=00000000 CR4=00000000
DR0=00000000 DR1=00000000 DR2=00000000 DR3=00000000 
DR6=ffff0ff0 DR7=00000400
CCS=00000044 CCD=00000000 CCO=EFLAGS
EFER=0000000000000000
Servicing hardware INT=0x20
    91: v=20 e=0000 i=0 cpl=0 IP=0010:00101196 pc=00101196 SP=0018:00103c44 env->regs[R_EAX]=000001ba
EAX=000001ba EBX=00103d28 ECX=000003a4 EDX=00007766
ESI=00102844 EDI=00000018 EBP=00103c54 ESP=00103c44
EIP=00101196 EFL=00000293 [--S-A-C] CPL=0 II=0 A20=1 SMM=0 HLT=0
ES =0018 00000000 ffffffff 00cf9300 DPL=0 DS   [-WA]
CS =0010 00000000 ffffffff 00cf9a00 DPL=0 CS32 [-R-]
SS =0018 00000000 ffffffff 00cf9300 DPL=0 DS   [-WA]
DS =0018 00000000 ffffffff 00cf9300 DPL=0 DS   [-WA]
FS =0018 00000000 ffffffff 00cf9300 DPL=0 DS   [-WA]
GS =0018 00000000 ffffffff 00cf9300 DPL=0 DS   [-WA]
LDT=0000 00000000 0000ffff 00008200 DPL=0 LDT
TR =0000 00000000 0000ffff 00008b00 DPL=0 TSS32-busy
GDT=     000010b0 00000020
IDT=     001295e0 000007ff
CR0=00000011 CR2=00000000 CR3=00000000 CR4=00000000
DR0=00000000 DR1=00000000 DR2=00000000 DR3=00000000 
DR6=ffff0ff0 DR7=00000400
CCS=00000091 CCD=fffffffe CCO=EFLAGS
EFER=0000000000000000
Servicing hardware INT=0x20
    92: v=20 e=0000 i=0 cpl=0 IP=0010:00100994 pc=00100994 SP=0018:001048d4 env->regs[R_EAX]=0000001c
EAX=0000001c EBX=00000067 ECX=00001800 EDX=00102844
ESI=001027c0 EDI=00104928 EBP=001048e4 ESP=001048d4
EIP=00100994 EFL=00000296 [--S-AP-] CPL=0 II=0 A20=1 SMM=0 HLT=0
ES =0018 00000000 ffffffff 00cf9300 DPL=0 DS   [-WA]
CS =0010 00000000 ffffffff 00cf9a00 DPL=0 CS32 [-R-]
SS =0018 00000000 ffffffff 00cf9300 DPL=0 DS   [-WA]
DS =0018 00000000 ffffffff 00cf9300 DPL=0 DS   [-WA]
FS =0018 00000000 ffffffff 00cf9300 DPL=0 DS   [-WA]
GS =0018 00000000 ffffffff 00cf9300 DPL=0 DS   [-WA]
LDT=0000 00000000 0000ffff 00008200 DPL=0 LDT
TR =0000 00000000 0000ffff 00008b00 DPL=0 TSS32-busy
GDT=     000010b0 00000020
IDT=     001295e0 000007ff
CR0=00000011 CR2=00000000 CR3=00000000 CR4=00000000
DR0=00000000 DR1=00000000 DR2=00000000 DR3=00000000 
DR6=ffff0ff0 DR7=00000400
CCS=00000094 CCD=ffffffff CCO=EFLAGS
EFER=0000000000000000
Servicing hardware INT=0x20
    93: v=20 e=0000 i=0 cpl=0 IP=0010:00101c7d pc=00101c7d SP=0018:0012dd20 env->regs[R_EAX]=00102844
EAX=00102844 EBX=00010000 ECX=000b8000 EDX=00000001
ESI=00000000 EDI=00000000 EBP=0012dd68 ESP=0012dd20
EIP=00101c7d EFL=00200246 [---Z-P-] CPL=0 II=0 A20=1 SMM=0 HLT=0
ES =0018 00000000 ffffffff 00cf9300 DPL=0 DS   [-WA]
CS =0010 00000000 ffffffff 00cf9a00 DPL=0 CS32 [-R-]
SS =0018 00000000 ffffffff 00cf9300 DPL=0 DS   [-WA]
DS =0018 00000000 ffffffff 00cf9300 DPL=0 DS   [-WA]
FS =0018 00000000 ffffffff 00cf9300 DPL=0 DS   [-WA]
GS =0018 00000000 ffffffff 00cf9300 DPL=0 DS   [-WA]
LDT=0000 00000000 0000ffff 00008200 DPL=0 LDT
TR =0000 00000000 0000ffff 00008b00 DPL=0 TSS32-busy
GDT=     000010b0 00000020
IDT=     001295e0 000007ff
CR0=00000011 CR2=00000000 CR3=00000000 CR4=00000000
DR0=00000000 DR1=00000000 DR2=00000000 DR3=00000000 
DR6=ffff0ff0 DR7=00000400
CCS=00000044 CCD=00000000 CCO=EFLAGS
EFER=0000000000000000
Servicing hardware INT=0x20
    94: v=20 e=0000 i=0 cpl=0 IP=0010:00101196 pc=00101196 SP=0018:00103c44 env->regs[R_EAX]=00000068
EAX=00000068 EBX=00103d28 ECX=000000e6 EDX=0000c962
ESI=00102844 EDI=0000000b EBP=00103c54 ESP=00103c44
EIP=00101196 EFL=00000283 [--S---C] CPL=0 II=0 A20=1 SMM=0 HLT=0
ES =0018 00000000 ffffffff 00cf9300 DPL=0 DS   [-WA]
CS =0010 00000000 ffffffff 00cf9a00 DPL=0 CS32 [-R-]
SS =0018 00000000 ffffffff 00cf9300 DPL=0 DS   [-WA]
DS =0018 00000000 ffffffff 00cf9300 DPL=0 DS   [-WA]
FS =0018 00000000 ffffffff 00cf9300 DPL=0 DS   [-WA]
GS =0018 00000000 ffffffff 00cf9300 DPL=0 DS   [-WA]
LDT=0000 00000000 0000ffff 00008200 DPL=0 LDT
TR =0000 00000000 0000ffff 00008b00 DPL=0 TSS32-busy
GDT=     000010b0 00000020
IDT=     001295e0 000007ff
CR0=00000011 CR2=00000000 CR3=00000000 CR4=00000000
DR0=00000000 DR1=00000000 DR2=00000000 DR3=00000000 
DR6=ffff0ff0 DR7=00000400
CCS=00000081 CCD=fffffff1 CCO=EFLAGS
EFER=0000000000000000
Servicing hardware INT=0x20
    95: v=20 e=0000 i=0 cpl=0 IP=0010:00100994 pc=00100994 SP=0018:001048d4 env->regs[R_EAX]=0000001c
EAX=0000001c EBX=00000000 ECX=00001800 EDX=00102844
ESI=001027c0 EDI=00000000 EBP=001048e4 ESP=001048d4
EIP=00100994 EFL=00000296 [--S-AP-] CPL=0 II=0 A20=1 SMM=0 HLT=0
ES =0018 00000000 ffffffff 00cf9300 DPL=0 DS   [-WA]
CS =0010 00000000 ffffffff 00cf9a00 DPL=0 CS32 [-R-]
SS =0018 00000000 ffffffff 00cf9300 DPL=0 DS   [-WA]
DS =0018 00000000 ffffffff 00cf9300 DPL=0 DS   [-WA]
FS =0018 00000000 ffffffff 00cf9300 DPL=0 DS   [-WA]
GS =0018 00000000 ffffffff 00cf9300 DPL=0 DS   [-WA]
LDT=0000 00000000 0000ffff 00008200 DPL=0 LDT
TR =0000 00000000 0000ffff 00008b00 DPL=0 TSS32-busy
GDT=     000010b0 00000020
IDT=     001295e0 000007ff
CR0=00000011 CR2=00000000 CR3=00000000 CR4=00000000
DR0=00000000 DR1=00000000 DR2=00000000 DR3=00000000 
DR6=ffff0ff0 DR7=00000400
CCS=00000094 CCD=ffffffff CCO=EFLAGS
EFER=0000000000000000
Servicing hardware INT=0x20
    96: v=20 e=0000 i=0 cpl=0 IP=0010:00101c7d pc=00101c7d SP=0018:0012dd20 env->regs[R_EAX]=00102844
EAX=00102844 EBX=00010000 ECX=000b8000 EDX=00000001
ESI=00000000 EDI=00000000 EBP=0012dd68 ESP=0012dd20
EIP=00101c7d EFL=00200246 [---Z-P-] CPL=0 II=0 A20=1 SMM=0 HLT=0
ES =0018 00000000 ffffffff 00cf9300 DPL=0 DS   [-WA]
CS =0010 00000000 ffffffff 00cf9a00 DPL=0 CS32 [-R-]
SS =0018 00000000 ffffffff 00cf9300 DPL=0 DS   [-WA]
DS =0018 00000000 ffffffff 00cf9300 DPL=0 DS   [-WA]
FS =0018 00000000 ffffffff 00cf9300 DPL=0 DS   [-WA]
GS =0018 00000000 ffffffff 00cf9300 DPL=0 DS   [-WA]
LDT=0000 00000000 0000ffff 00008200 DPL=0 LDT
TR =0000 00000000 0000ffff 00008b00 DPL=0 TSS32-busy
GDT=     000010b0 00000020
IDT=     001295e0 000007ff
CR0=00000011 CR2=00000000 CR3=00000000 CR4=00000000
DR0=00000000 DR1=00000000 DR2=00000000 DR3=00000000 
DR6=ffff0ff0 DR7=00000400
CCS=00000044 CCD=00000000 CCO=EFLAGS
EFER=0000000000000000
Servicing hardware INT=0x20
    97: v=20 e=0000 i=0 cpl=0 IP=0010:00101196 pc=00101196 SP=0018:00103c44 env->regs[R_EAX]=00000082
EAX=00000082 EBX=00103d28 ECX=00000128 EDX=00009b6f
ESI=00102844 EDI=00000012 EBP=00103c54 ESP=00103c44
EIP=00101196 EFL=00000293 [--S-A-C] CPL=0 II=0 A20=1 SMM=0 HLT=0
ES =0018 00000000 ffffffff 00cf9300 DPL=0 DS   [-WA]
CS =0010 00000000 ffffffff 00cf9a00 DPL=0 CS32 [-R-]
SS =0018 00000000 ffffffff 00cf9300 DPL=0 DS   [-WA]
DS =0018 00000000 ffffffff 00cf9300 DPL=0 DS   [-WA]
FS =0018 00000000 ffffffff 00cf9300 DPL=0 DS   [-WA]
GS =0018 00000000 ffffffff 00cf9300 DPL=0 DS   [-WA]
LDT=0000 00000000 0000ffff 00008200 DPL=0 LDT
TR =0000 00000000 0000ffff 00008b00 DPL=0 TSS32-busy
GDT=     000010b0 00000020
IDT=     001295e0 000007ff
CR0=00000011 CR2=00000000 CR3=00000000 CR4=00000000
DR0=00000000 DR1=00000000 DR2=00000000 DR3=00000000 
DR6=ffff0ff0 DR7=00000400
CCS=00000091 CCD=fffffff8 CCO=EFLAGS
EFER=0000000000000000
Servicing hardware INT=0x20
    98: v=20 e=0000 i=0 cpl=0 IP=0010:00100994 pc=00100994 SP=0018:001048d4 env->regs[R_EAX]=0000001c
EAX=0000001c EBX=00000000 ECX=00001800 EDX=00102844
ESI=001027c0 EDI=00000000 EBP=001048e4 ESP=001048d4
EIP=00100994 EFL=00000296 [--S-AP-] CPL=0 II=0 A20=1 SMM=0 HLT=0
ES =0018 00000000 ffffffff 00cf9300 DPL=0 DS   [-WA]
CS =0010 00000000 ffffffff 00cf9a00 DPL=0 CS32 [-R-]
SS =0018 00000000 ffffffff 00cf9300 DPL=0 DS   [-WA]
DS =0018 00000000 ffffffff 00cf9300 DPL=0 DS   [-WA]
FS =0018 00000000 ffffffff 00cf9300 DPL=0 DS   [-WA]
GS =0018 00000000 ffffffff 00cf9300 DPL=0 DS   [-WA]
LDT=0000 00000000 0000ffff 00008200 DPL=0 LDT
TR =0000 00000000 0000ffff 00008b00 DPL=0 TSS32-busy
GDT=     000010b0 00000020
IDT=     001295e0 000007ff
CR0=00000011 CR2=00000000 CR3=00000000 CR4=00000000
DR0=00000000 DR1=00000000 DR2=00000000 DR3=00000000 
DR6=ffff0ff0 DR7=00000400
CCS=00000094 CCD=ffffffff CCO=EFLAGS
EFER=0000000000000000
Servicing hardware INT=0x20
    99: v=20 e=0000 i=0 cpl=0 IP=0010:001019bc pc=001019bc SP=0018:0012dd64 env->regs[R_EAX]=00143e80
EAX=00143e80 EBX=00000000 ECX=003029f4 EDX=fd01608c
ESI=0012dd78 EDI=00000000 EBP=0012dd68 ESP=0012dd64
EIP=001019bc EFL=00200293 [--S-A-C] CPL=0 II=0 A20=1 SMM=0 HLT=0
ES =0018 00000000 ffffffff 00cf9300 DPL=0 DS   [-WA]
CS =0010 00000000 ffffffff 00cf9a00 DPL=0 CS32 [-R-]
SS =0018 00000000 ffffffff 00cf9300 DPL=0 DS   [-WA]
DS =0018 00000000 ffffffff 00cf9300 DPL=0 DS   [-WA]
FS =0018 00000000 ffffffff 00cf9300 DPL=0 DS   [-WA]
GS =0018 00000000 ffffffff 00cf9300 DPL=0 DS   [-WA]
LDT=0000 00000000 0000ffff 00008200 DPL=0 LDT
TR =0000 00000000 0000ffff 00008b00 DPL=0 TSS32-busy
GDT=     000010b0 00000020
IDT=     001295e0 000007ff
CR0=00000011 CR2=00000000 CR3=00000000 CR4=00000000
DR0=00000000 DR1=00000000 DR2=00000000 DR3=00000000 
DR6=ffff0ff0 DR7=00000400
CCS=00000091 CCD=ffe4148c CCO=EFLAGS
EFER=0000000000000000
Servicing hardware INT=0x20
   100: v=20 e=0000 i=0 cpl=0 IP=0010:001011a8 pc=001011a8 SP=0018:00103c44 env->regs[R_EAX]=00000068
EAX=00000068 EBX=00103d28 ECX=00000104 EDX=0000d762
ESI=00102844 EDI=0000001a EBP=00103c54 ESP=00103c44
EIP=001011a8 EFL=00000246 [---Z-P-] CPL=0 II=0 A20=1 SMM=0 HLT=0
ES =0018 00000000 ffffffff 00cf9300 DPL=0 DS   [-WA]
CS =0010 00000000 ffffffff 00cf9a00 DPL=0 CS32 [-R-]
SS =0018 00000000 ffffffff 00cf9300 DPL=0 DS   [-WA]
DS =0018 00000000 ffffffff 00cf9300 DPL=0 DS   [-WA]
FS =0018 00000000 ffffffff 00cf9300 DPL=0 DS   [-WA]
GS =0018 00000000 ffffffff 00cf9300 DPL=0 DS   [-WA]
LDT=0000 00000000 0000ffff 00008200 DPL=0 LDT
TR =0000 00000000 0000ffff 00008b00 DPL=0 TSS32-busy
GDT=     000010b0 00000020
IDT=     001295e0 000007ff
CR0=00000011 CR2=00000000 CR3=00000000 CR4=00000000
DR0=00000000 DR1=00000000 DR2=00000000 DR3=00000000 
DR6=ffff0ff0 DR7=00000400
CCS=00000044 CCD=00000000 CCO=EFLAGS
EFER=0000000000000000
Servicing hardware INT=0x20
   101: v=20 e=0000 i=0 cpl=0 IP=0010:00100994 pc=00100994 SP=0018:001048d4 env->regs[R_EAX]=0000001c
EAX=0000001c EBX=0012dd8c ECX=00001900 EDX=00102844
ESI=001027c0 EDI=00104928 EBP=001048e4 ESP=001048d4
EIP=00100994 EFL=00000296 [--S-AP-] CPL=0 II=0 A20=1 SMM=0 HLT=0
ES =0018 00000000 ffffffff 00cf9300 DPL=0 DS   [-WA]
CS =0010 00000000 ffffffff 00cf9a00 DPL=0 CS32 [-R-]
SS =0018 00000000 ffffffff 00cf9300 DPL=0 DS   [-WA]
DS =0018 00000000 ffffffff 00cf9300 DPL=0 DS   [-WA]
FS =0018 00000000 ffffffff 00cf9300 DPL=0 DS   [-WA]
GS =0018 00000000 ffffffff 00cf9300 DPL=0 DS   [-WA]
LDT=0000 00000000 0000ffff 00008200 DPL=0 LDT
TR =0000 00000000 0000ffff 00008b00 DPL=0 TSS32-busy
GDT=     000010b0 00000020
IDT=     001295e0 000007ff
CR0=00000011 CR2=00000000 CR3=00000000 CR4=00000000
DR0=00000000 DR1=00000000 DR2=00000000 DR3=00000000 
DR6=ffff0ff0 DR7=00000400
CCS=00000094 CCD=ffffffff CCO=EFLAGS
EFER=0000000000000000
Servicing hardware INT=0x20
   102: v=20 e=0000 i=0 cpl=0 IP=0010:00101c7d pc=00101c7d SP=0018:0012dd20 env->regs[R_EAX]=00102844
EAX=00102844 EBX=00010000 ECX=000b8000 EDX=00000001
ESI=00000000 EDI=00000000 EBP=0012dd68 ESP=0012dd20
EIP=00101c7d EFL=00200246 [---Z-P-] CPL=0 II=0 A20=1 SMM=0 HLT=0
ES =0018 00000000 ffffffff 00cf9300 DPL=0 DS   [-WA]
CS =0010 00000000 ffffffff 00cf9a00 DPL=0 CS32 [-R-]
SS =0018 00000000 ffffffff 00cf9300 DPL=0 DS   [-WA]
DS =0018 00000000 ffffffff 00cf9300 DPL=0 DS   [-WA]
FS =0018 00000000 ffffffff 00cf9300 DPL=0 DS   [-WA]
GS =0018 00000000 ffffffff 00cf9300 DPL=0 DS   [-WA]
LDT=0000 00000000 0000ffff 00008200 DPL=0 LDT
TR =0000 00000000 0000ffff 00008b00 DPL=0 TSS32-busy
GDT=     000010b0 00000020
IDT=     001295e0 000007ff
CR0=00000011 CR2=00000000 CR3=00000000 CR4=00000000
DR0=00000000 DR1=00000000 DR2=00000000 DR3=00000000 
DR6=ffff0ff0 DR7=00000400
CCS=00000044 CCD=00000000 CCO=EFLAGS
EFER=0000000000000000
Servicing hardware INT=0x20
   103: v=20 e=0000 i=0 cpl=0 IP=0010:00101304 pc=00101304 SP=0018:00103c9c env->regs[R_EAX]=00000016
EAX=00000016 EBX=00100075 ECX=0000106e EDX=0000d961
ESI=0010006f EDI=00000000 EBP=00103cb4 ESP=00103c9c
EIP=00101304 EFL=00000246 [---Z-P-] CPL=0 II=0 A20=1 SMM=0 HLT=0
ES =0018 00000000 ffffffff 00cf9300 DPL=0 DS   [-WA]
CS =0010 00000000 ffffffff 00cf9a00 DPL=0 CS32 [-R-]
SS =0018 00000000 ffffffff 00cf9300 DPL=0 DS   [-WA]
DS =0018 00000000 ffffffff 00cf9300 DPL=0 DS   [-WA]
FS =0018 00000000 ffffffff 00cf9300 DPL=0 DS   [-WA]
GS =0018 00000000 ffffffff 00cf9300 DPL=0 DS   [-WA]
LDT=0000 00000000 0000ffff 00008200 DPL=0 LDT
TR =0000 00000000 0000ffff 00008b00 DPL=0 TSS32-busy
GDT=     000010b0 00000020
IDT=     001295e0 000007ff
CR0=00000011 CR2=00000000 CR3=00000000 CR4=00000000
DR0=00000000 DR1=00000000 DR2=00000000 DR3=00000000 
DR6=ffff0ff0 DR7=00000400
CCS=00000044 CCD=00000000 CCO=EFLAGS
EFER=0000000000000000
Servicing hardware INT=0x20
   104: v=20 e=0000 i=0 cpl=0 IP=0010:00100994 pc=00100994 SP=0018:001048d4 env->regs[R_EAX]=0000001c
EAX=0000001c EBX=0012dd00 ECX=00001900 EDX=00102844
ESI=001027c0 EDI=0012dd00 EBP=001048e4 ESP=001048d4
EIP=00100994 EFL=00000296 [--S-AP-] CPL=0 II=0 A20=1 SMM=0 HLT=0
ES =0018 00000000 ffffffff 00cf9300 DPL=0 DS   [-WA]
CS =0010 00000000 ffffffff 00cf9a00 DPL=0 CS32 [-R-]
SS =0018 00000000 ffffffff 00cf9300 DPL=0 DS   [-WA]
DS =0018 00000000 ffffffff 00cf9300 DPL=0 DS   [-WA]
FS =0018 00000000 ffffffff 00cf9300 DPL=0 DS   [-WA]
GS =0018 00000000 ffffffff 00cf9300 DPL=0 DS   [-WA]
LDT=0000 00000000 0000ffff 00008200 DPL=0 LDT
TR =0000 00000000 0000ffff 00008b00 DPL=0 TSS32-busy
GDT=     000010b0 00000020
IDT=     001295e0 000007ff
CR0=00000011 CR2=00000000 CR3=00000000 CR4=00000000
DR0=00000000 DR1=00000000 DR2=00000000 DR3=00000000 
DR6=ffff0ff0 DR7=00000400
CCS=00000094 CCD=ffffffff CCO=EFLAGS
EFER=0000000000000000
Servicing hardware INT=0x20
   105: v=20 e=0000 i=0 cpl=0 IP=0010:00101c7d pc=00101c7d SP=0018:0012dd20 env->regs[R_EAX]=00102844
EAX=00102844 EBX=00010000 ECX=000b8000 EDX=00000001
ESI=00000000 EDI=00000000 EBP=0012dd68 ESP=0012dd20
EIP=00101c7d EFL=00200246 [---Z-P-] CPL=0 II=0 A20=1 SMM=0 HLT=0
ES =0018 00000000 ffffffff 00cf9300 DPL=0 DS   [-WA]
CS =0010 00000000 ffffffff 00cf9a00 DPL=0 CS32 [-R-]
SS =0018 00000000 ffffffff 00cf9300 DPL=0 DS   [-WA]
DS =0018 00000000 ffffffff 00cf9300 DPL=0 DS   [-WA]
FS =0018 00000000 ffffffff 00cf9300 DPL=0 DS   [-WA]
GS =0018 00000000 ffffffff 00cf9300 DPL=0 DS   [-WA]
LDT=0000 00000000 0000ffff 00008200 DPL=0 LDT
TR =0000 00000000 0000ffff 00008b00 DPL=0 TSS32-busy
GDT=     000010b0 00000020
IDT=     001295e0 000007ff
CR0=00000011 CR2=00000000 CR3=00000000 CR4=00000000
DR0=00000000 DR1=00000000 DR2=00000000 DR3=00000000 
DR6=ffff0ff0 DR7=00000400
CCS=00000044 CCD=00000000 CCO=EFLAGS
EFER=0000000000000000
Servicing hardware INT=0x20
   106: v=20 e=0000 i=0 cpl=0 IP=0010:00101304 pc=00101304 SP=0018:00103c9c env->regs[R_EAX]=00000006
EAX=00000006 EBX=00100076 ECX=0000104e EDX=0000df72
ESI=0010006f EDI=00000000 EBP=00103cb4 ESP=00103c9c
EIP=00101304 EFL=00000246 [---Z-P-] CPL=0 II=0 A20=1 SMM=0 HLT=0
ES =0018 00000000 ffffffff 00cf9300 DPL=0 DS   [-WA]
CS =0010 00000000 ffffffff 00cf9a00 DPL=0 CS32 [-R-]
SS =0018 00000000 ffffffff 00cf9300 DPL=0 DS   [-WA]
DS =0018 00000000 ffffffff 00cf9300 DPL=0 DS   [-WA]
FS =0018 00000000 ffffffff 00cf9300 DPL=0 DS   [-WA]
GS =0018 00000000 ffffffff 00cf9300 DPL=0 DS   [-WA]
LDT=0000 00000000 0000ffff 00008200 DPL=0 LDT
TR =0000 00000000 0000ffff 00008b00 DPL=0 TSS32-busy
GDT=     000010b0 00000020
IDT=     001295e0 000007ff
CR0=00000011 CR2=00000000 CR3=00000000 CR4=00000000
DR0=00000000 DR1=00000000 DR2=00000000 DR3=00000000 
DR6=ffff0ff0 DR7=00000400
CCS=00000044 CCD=00000000 CCO=EFLAGS
EFER=0000000000000000
Servicing hardware INT=0x20
   107: v=20 e=0000 i=0 cpl=0 IP=0010:00100994 pc=00100994 SP=0018:001048d4 env->regs[R_EAX]=0000001c
EAX=0000001c EBX=0012dd00 ECX=00001900 EDX=00102844
ESI=001027c0 EDI=0012dd00 EBP=001048e4 ESP=001048d4
EIP=00100994 EFL=00000296 [--S-AP-] CPL=0 II=0 A20=1 SMM=0 HLT=0
ES =0018 00000000 ffffffff 00cf9300 DPL=0 DS   [-WA]
CS =0010 00000000 ffffffff 00cf9a00 DPL=0 CS32 [-R-]
SS =0018 00000000 ffffffff 00cf9300 DPL=0 DS   [-WA]
DS =0018 00000000 ffffffff 00cf9300 DPL=0 DS   [-WA]
FS =0018 00000000 ffffffff 00cf9300 DPL=0 DS   [-WA]
GS =0018 00000000 ffffffff 00cf9300 DPL=0 DS   [-WA]
LDT=0000 00000000 0000ffff 00008200 DPL=0 LDT
TR =0000 00000000 0000ffff 00008b00 DPL=0 TSS32-busy
GDT=     000010b0 00000020
IDT=     001295e0 000007ff
CR0=00000011 CR2=00000000 CR3=00000000 CR4=00000000
DR0=00000000 DR1=00000000 DR2=00000000 DR3=00000000 
DR6=ffff0ff0 DR7=00000400
CCS=00000094 CCD=ffffffff CCO=EFLAGS
EFER=0000000000000000
Servicing hardware INT=0x20
   108: v=20 e=0000 i=0 cpl=0 IP=0010:00101c7d pc=00101c7d SP=0018:0012dd20 env->regs[R_EAX]=00102844
EAX=00102844 EBX=00010000 ECX=000b8000 EDX=00000001
ESI=00000000 EDI=00000000 EBP=0012dd68 ESP=0012dd20
EIP=00101c7d EFL=00200246 [---Z-P-] CPL=0 II=0 A20=1 SMM=0 HLT=0
ES =0018 00000000 ffffffff 00cf9300 DPL=0 DS   [-WA]
CS =0010 00000000 ffffffff 00cf9a00 DPL=0 CS32 [-R-]
SS =0018 00000000 ffffffff 00cf9300 DPL=0 DS   [-WA]
DS =0018 00000000 ffffffff 00cf9300 DPL=0 DS   [-WA]
FS =0018 00000000 ffffffff 00cf9300 DPL=0 DS   [-WA]
GS =0018 00000000 ffffffff 00cf9300 DPL=0 DS   [-WA]
LDT=0000 00000000 0000ffff 00008200 DPL=0 LDT
TR =0000 00000000 0000ffff 00008b00 DPL=0 TSS32-busy
GDT=     000010b0 00000020
IDT=     001295e0 000007ff
CR0=00000011 CR2=00000000 CR3=00000000 CR4=00000000
DR0=00000000 DR1=00000000 DR2=00000000 DR3=00000000 
DR6=ffff0ff0 DR7=00000400
CCS=00000044 CCD=00000000 CCO=EFLAGS
EFER=0000000000000000
Servicing hardware INT=0x20
   109: v=20 e=0000 i=0 cpl=0 IP=0010:001012e3 pc=001012e3 SP=0018:00103c5c env->regs[R_EAX]=00000001
EAX=00000001 EBX=001034e8 ECX=00001044 EDX=0000c972
ESI=00102880 EDI=00000072 EBP=00103c94 ESP=00103c5c
EIP=001012e3 EFL=00000246 [---Z-P-] CPL=0 II=0 A20=1 SMM=0 HLT=0
ES =0018 00000000 ffffffff 00cf9300 DPL=0 DS   [-WA]
CS =0010 00000000 ffffffff 00cf9a00 DPL=0 CS32 [-R-]
SS =0018 00000000 ffffffff 00cf9300 DPL=0 DS   [-WA]
DS =0018 00000000 ffffffff 00cf9300 DPL=0 DS   [-WA]
FS =0018 00000000 ffffffff 00cf9300 DPL=0 DS   [-WA]
GS =0018 00000000 ffffffff 00cf9300 DPL=0 DS   [-WA]
LDT=0000 00000000 0000ffff 00008200 DPL=0 LDT
TR =0000 00000000 0000ffff 00008b00 DPL=0 TSS32-busy
GDT=     000010b0 00000020
IDT=     001295e0 000007ff
CR0=00000011 CR2=00000000 CR3=00000000 CR4=00000000
DR0=00000000 DR1=00000000 DR2=00000000 DR3=00000000 
DR6=ffff0ff0 DR7=00000400
CCS=00000044 CCD=00000000 CCO=EFLAGS
EFER=0000000000000000
Servicing hardware INT=0x20
   110: v=20 e=0000 i=0 cpl=0 IP=0010:00100994 pc=00100994 SP=0018:001048d4 env->regs[R_EAX]=0000001c
EAX=0000001c EBX=0012dd8c ECX=00001900 EDX=00102844
ESI=001027c0 EDI=00104928 EBP=001048e4 ESP=001048d4
EIP=00100994 EFL=00000296 [--S-AP-] CPL=0 II=0 A20=1 SMM=0 HLT=0
ES =0018 00000000 ffffffff 00cf9300 DPL=0 DS   [-WA]
CS =0010 00000000 ffffffff 00cf9a00 DPL=0 CS32 [-R-]
SS =0018 00000000 ffffffff 00cf9300 DPL=0 DS   [-WA]
DS =0018 00000000 ffffffff 00cf9300 DPL=0 DS   [-WA]
FS =0018 00000000 ffffffff 00cf9300 DPL=0 DS   [-WA]
GS =0018 00000000 ffffffff 00cf9300 DPL=0 DS   [-WA]
LDT=0000 00000000 0000ffff 00008200 DPL=0 LDT
TR =0000 00000000 0000ffff 00008b00 DPL=0 TSS32-busy
GDT=     000010b0 00000020
IDT=     001295e0 000007ff
CR0=00000011 CR2=00000000 CR3=00000000 CR4=00000000
DR0=00000000 DR1=00000000 DR2=00000000 DR3=00000000 
DR6=ffff0ff0 DR7=00000400
CCS=00000094 CCD=ffffffff CCO=EFLAGS
EFER=0000000000000000
Servicing hardware INT=0x20
   111: v=20 e=0000 i=0 cpl=0 IP=0010:00101c7d pc=00101c7d SP=0018:0012dd20 env->regs[R_EAX]=00102844
EAX=00102844 EBX=00010000 ECX=000b8000 EDX=00000001
ESI=00000000 EDI=00000000 EBP=0012dd68 ESP=0012dd20
EIP=00101c7d EFL=00200246 [---Z-P-] CPL=0 II=0 A20=1 SMM=0 HLT=0
ES =0018 00000000 ffffffff 00cf9300 DPL=0 DS   [-WA]
CS =0010 00000000 ffffffff 00cf9a00 DPL=0 CS32 [-R-]
SS =0018 00000000 ffffffff 00cf9300 DPL=0 DS   [-WA]
DS =0018 00000000 ffffffff 00cf9300 DPL=0 DS   [-WA]
FS =0018 00000000 ffffffff 00cf9300 DPL=0 DS   [-WA]
GS =0018 00000000 ffffffff 00cf9300 DPL=0 DS   [-WA]
LDT=0000 00000000 0000ffff 00008200 DPL=0 LDT
TR =0000 00000000 0000ffff 00008b00 DPL=0 TSS32-busy
GDT=     000010b0 00000020
IDT=     001295e0 000007ff
CR0=00000011 CR2=00000000 CR3=00000000 CR4=00000000
DR0=00000000 DR1=00000000 DR2=00000000 DR3=00000000 
DR6=ffff0ff0 DR7=00000400
CCS=00000044 CCD=00000000 CCO=EFLAGS
EFER=0000000000000000
Servicing hardware INT=0x20
   112: v=20 e=0000 i=0 cpl=0 IP=0010:00101304 pc=00101304 SP=0018:00103c9c env->regs[R_EAX]=0000000d
EAX=0000000d EBX=00100076 ECX=0000105c EDX=00001d72
ESI=0010006f EDI=00000000 EBP=00103cb4 ESP=00103c9c
EIP=00101304 EFL=00000246 [---Z-P-] CPL=0 II=0 A20=1 SMM=0 HLT=0
ES =0018 00000000 ffffffff 00cf9300 DPL=0 DS   [-WA]
CS =0010 00000000 ffffffff 00cf9a00 DPL=0 CS32 [-R-]
SS =0018 00000000 ffffffff 00cf9300 DPL=0 DS   [-WA]
DS =0018 00000000 ffffffff 00cf9300 DPL=0 DS   [-WA]
FS =0018 00000000 ffffffff 00cf9300 DPL=0 DS   [-WA]
GS =0018 00000000 ffffffff 00cf9300 DPL=0 DS   [-WA]
LDT=0000 00000000 0000ffff 00008200 DPL=0 LDT
TR =0000 00000000 0000ffff 00008b00 DPL=0 TSS32-busy
GDT=     000010b0 00000020
IDT=     001295e0 000007ff
CR0=00000011 CR2=00000000 CR3=00000000 CR4=00000000
DR0=00000000 DR1=00000000 DR2=00000000 DR3=00000000 
DR6=ffff0ff0 DR7=00000400
CCS=00000044 CCD=00000000 CCO=EFLAGS
EFER=0000000000000000
Servicing hardware INT=0x20
   113: v=20 e=0000 i=0 cpl=0 IP=0010:00100994 pc=00100994 SP=0018:001048d4 env->regs[R_EAX]=0000001c
EAX=0000001c EBX=0012dd00 ECX=00001900 EDX=00102844
ESI=001027c0 EDI=0012dd00 EBP=001048e4 ESP=001048d4
EIP=00100994 EFL=00000296 [--S-AP-] CPL=0 II=0 A20=1 SMM=0 HLT=0
ES =0018 00000000 ffffffff 00cf9300 DPL=0 DS   [-WA]
CS =0010 00000000 ffffffff 00cf9a00 DPL=0 CS32 [-R-]
SS =0018 00000000 ffffffff 00cf9300 DPL=0 DS   [-WA]
DS =0018 00000000 ffffffff 00cf9300 DPL=0 DS   [-WA]
FS =0018 00000000 ffffffff 00cf9300 DPL=0 DS   [-WA]
GS =0018 00000000 ffffffff 00cf9300 DPL=0 DS   [-WA]
LDT=0000 00000000 0000ffff 00008200 DPL=0 LDT
TR =0000 00000000 0000ffff 00008b00 DPL=0 TSS32-busy
GDT=     000010b0 00000020
IDT=     001295e0 000007ff
CR0=00000011 CR2=00000000 CR3=00000000 CR4=00000000
DR0=00000000 DR1=00000000 DR2=00000000 DR3=00000000 
DR6=ffff0ff0 DR7=00000400
CCS=00000094 CCD=ffffffff CCO=EFLAGS
EFER=0000000000000000
Servicing hardware INT=0x20
   114: v=20 e=0000 i=0 cpl=0 IP=0010:001019bc pc=001019bc SP=0018:0012dd64 env->regs[R_EAX]=002d26e4
EAX=002d26e4 EBX=006e96c2 ECX=003029f4 EDX=fd1a48f0
ESI=0012dd78 EDI=00000000 EBP=0012dd68 ESP=0012dd64
EIP=001019bc EFL=00200287 [--S--PC] CPL=0 II=0 A20=1 SMM=0 HLT=0
ES =0018 00000000 ffffffff 00cf9300 DPL=0 DS   [-WA]
CS =0010 00000000 ffffffff 00cf9a00 DPL=0 CS32 [-R-]
SS =0018 00000000 ffffffff 00cf9300 DPL=0 DS   [-WA]
DS =0018 00000000 ffffffff 00cf9300 DPL=0 DS   [-WA]
FS =0018 00000000 ffffffff 00cf9300 DPL=0 DS   [-WA]
GS =0018 00000000 ffffffff 00cf9300 DPL=0 DS   [-WA]
LDT=0000 00000000 0000ffff 00008200 DPL=0 LDT
TR =0000 00000000 0000ffff 00008b00 DPL=0 TSS32-busy
GDT=     000010b0 00000020
IDT=     001295e0 000007ff
CR0=00000011 CR2=00000000 CR3=00000000 CR4=00000000
DR0=00000000 DR1=00000000 DR2=00000000 DR3=00000000 
DR6=ffff0ff0 DR7=00000400
CCS=00000085 CCD=fffcfcf0 CCO=EFLAGS
EFER=0000000000000000
Servicing hardware INT=0x20
   115: v=20 e=0000 i=0 cpl=0 IP=0010:0010116e pc=0010116e SP=0018:00103c4c env->regs[R_EAX]=00000014
EAX=00000014 EBX=001034e8 ECX=001034e8 EDX=0000bd6f
ESI=0010116e EDI=0000006f EBP=00103c54 ESP=00103c4c
EIP=0010116e EFL=00000202 [-------] CPL=0 II=0 A20=1 SMM=0 HLT=0
ES =0018 00000000 ffffffff 00cf9300 DPL=0 DS   [-WA]
CS =0010 00000000 ffffffff 00cf9a00 DPL=0 CS32 [-R-]
SS =0018 00000000 ffffffff 00cf9300 DPL=0 DS   [-WA]
DS =0018 00000000 ffffffff 00cf9300 DPL=0 DS   [-WA]
FS =0018 00000000 ffffffff 00cf9300 DPL=0 DS   [-WA]
GS =0018 00000000 ffffffff 00cf9300 DPL=0 DS   [-WA]
LDT=0000 00000000 0000ffff 00008200 DPL=0 LDT
TR =0000 00000000 0000ffff 00008b00 DPL=0 TSS32-busy
GDT=     000010b0 00000020
IDT=     001295e0 000007ff
CR0=00000011 CR2=00000000 CR3=00000000 CR4=00000000
DR0=00000000 DR1=00000000 DR2=00000000 DR3=00000000 
DR6=ffff0ff0 DR7=00000400
CCS=00000000 CCD=00000001 CCO=EFLAGS
EFER=0000000000000000
Servicing hardware INT=0x20
   116: v=20 e=0000 i=0 cpl=0 IP=0010:00100994 pc=00100994 SP=0018:001048d4 env->regs[R_EAX]=0000001c
EAX=0000001c EBX=0012dd00 ECX=00001900 EDX=00102844
ESI=001027c0 EDI=0012dd00 EBP=001048e4 ESP=001048d4
EIP=00100994 EFL=00000296 [--S-AP-] CPL=0 II=0 A20=1 SMM=0 HLT=0
ES =0018 00000000 ffffffff 00cf9300 DPL=0 DS   [-WA]
CS =0010 00000000 ffffffff 00cf9a00 DPL=0 CS32 [-R-]
SS =0018 00000000 ffffffff 00cf9300 DPL=0 DS   [-WA]
DS =0018 00000000 ffffffff 00cf9300 DPL=0 DS   [-WA]
FS =0018 00000000 ffffffff 00cf9300 DPL=0 DS   [-WA]
GS =0018 00000000 ffffffff 00cf9300 DPL=0 DS   [-WA]
LDT=0000 00000000 0000ffff 00008200 DPL=0 LDT
TR =0000 00000000 0000ffff 00008b00 DPL=0 TSS32-busy
GDT=     000010b0 00000020
IDT=     001295e0 000007ff
CR0=00000011 CR2=00000000 CR3=00000000 CR4=00000000
DR0=00000000 DR1=00000000 DR2=00000000 DR3=00000000 
DR6=ffff0ff0 DR7=00000400
CCS=00000094 CCD=ffffffff CCO=EFLAGS
EFER=0000000000000000
Servicing hardware INT=0x20
   117: v=20 e=0000 i=0 cpl=0 IP=0010:00101c7d pc=00101c7d SP=0018:0012dd20 env->regs[R_EAX]=00102844
EAX=00102844 EBX=00010000 ECX=000b8000 EDX=00000001
ESI=00000000 EDI=00000000 EBP=0012dd68 ESP=0012dd20
EIP=00101c7d EFL=00200246 [---Z-P-] CPL=0 II=0 A20=1 SMM=0 HLT=0
ES =0018 00000000 ffffffff 00cf9300 DPL=0 DS   [-WA]
CS =0010 00000000 ffffffff 00cf9a00 DPL=0 CS32 [-R-]
SS =0018 00000000 ffffffff 00cf9300 DPL=0 DS   [-WA]
DS =0018 00000000 ffffffff 00cf9300 DPL=0 DS   [-WA]
FS =0018 00000000 ffffffff 00cf9300 DPL=0 DS   [-WA]
GS =0018 00000000 ffffffff 00cf9300 DPL=0 DS   [-WA]
LDT=0000 00000000 0000ffff 00008200 DPL=0 LDT
TR =0000 00000000 0000ffff 00008b00 DPL=0 TSS32-busy
GDT=     000010b0 00000020
IDT=     001295e0 000007ff
CR0=00000011 CR2=00000000 CR3=00000000 CR4=00000000
DR0=00000000 DR1=00000000 DR2=00000000 DR3=00000000 
DR6=ffff0ff0 DR7=00000400
CCS=00000044 CCD=00000000 CCO=EFLAGS
EFER=0000000000000000
Servicing hardware INT=0x20
   118: v=20 e=0000 i=0 cpl=0 IP=0010:00101196 pc=00101196 SP=0018:00103c44 env->regs[R_EAX]=000001d4
EAX=000001d4 EBX=00103d28 ECX=000003b6 EDX=0000af6f
ESI=00102844 EDI=00000007 EBP=00103c54 ESP=00103c44
EIP=00101196 EFL=00000297 [--S-APC] CPL=0 II=0 A20=1 SMM=0 HLT=0
ES =0018 00000000 ffffffff 00cf9300 DPL=0 DS   [-WA]
CS =0010 00000000 ffffffff 00cf9a00 DPL=0 CS32 [-R-]
SS =0018 00000000 ffffffff 00cf9300 DPL=0 DS   [-WA]
DS =0018 00000000 ffffffff 00cf9300 DPL=0 DS   [-WA]
FS =0018 00000000 ffffffff 00cf9300 DPL=0 DS   [-WA]
GS =0018 00000000 ffffffff 00cf9300 DPL=0 DS   [-WA]
LDT=0000 00000000 0000ffff 00008200 DPL=0 LDT
TR =0000 00000000 0000ffff 00008b00 DPL=0 TSS32-busy
GDT=     000010b0 00000020
IDT=     001295e0 000007ff
CR0=00000011 CR2=00000000 CR3=00000000 CR4=00000000
DR0=00000000 DR1=00000000 DR2=00000000 DR3=00000000 
DR6=ffff0ff0 DR7=00000400
CCS=00000095 CCD=ffffffed CCO=EFLAGS
EFER=0000000000000000
Servicing hardware INT=0x20
   119: v=20 e=0000 i=0 cpl=0 IP=0010:00100994 pc=00100994 SP=0018:001048d4 env->regs[R_EAX]=0000001c
EAX=0000001c EBX=0012dd00 ECX=00001900 EDX=00102844
ESI=001027c0 EDI=0012dd00 EBP=001048e4 ESP=001048d4
EIP=00100994 EFL=00000296 [--S-AP-] CPL=0 II=0 A20=1 SMM=0 HLT=0
ES =0018 00000000 ffffffff 00cf9300 DPL=0 DS   [-WA]
CS =0010 00000000 ffffffff 00cf9a00 DPL=0 CS32 [-R-]
SS =0018 00000000 ffffffff 00cf9300 DPL=0 DS   [-WA]
DS =0018 00000000 ffffffff 00cf9300 DPL=0 DS   [-WA]
FS =0018 00000000 ffffffff 00cf9300 DPL=0 DS   [-WA]
GS =0018 00000000 ffffffff 00cf9300 DPL=0 DS   [-WA]
LDT=0000 00000000 0000ffff 00008200 DPL=0 LDT
TR =0000 00000000 0000ffff 00008b00 DPL=0 TSS32-busy
GDT=     000010b0 00000020
IDT=     001295e0 000007ff
CR0=00000011 CR2=00000000 CR3=00000000 CR4=00000000
DR0=00000000 DR1=00000000 DR2=00000000 DR3=00000000 
DR6=ffff0ff0 DR7=00000400
CCS=00000094 CCD=ffffffff CCO=EFLAGS
EFER=0000000000000000
Servicing hardware INT=0x20
   120: v=20 e=0000 i=0 cpl=0 IP=0010:00101c7d pc=00101c7d SP=0018:0012dd20 env->regs[R_EAX]=00102844
EAX=00102844 EBX=00010000 ECX=000b8000 EDX=00000001
ESI=00000000 EDI=00000000 EBP=0012dd68 ESP=0012dd20
EIP=00101c7d EFL=00200246 [---Z-P-] CPL=0 II=0 A20=1 SMM=0 HLT=0
ES =0018 00000000 ffffffff 00cf9300 DPL=0 DS   [-WA]
CS =0010 00000000 ffffffff 00cf9a00 DPL=0 CS32 [-R-]
SS =0018 00000000 ffffffff 00cf9300 DPL=0 DS   [-WA]
DS =0018 00000000 ffffffff 00cf9300 DPL=0 DS   [-WA]
FS =0018 00000000 ffffffff 00cf9300 DPL=0 DS   [-WA]
GS =0018 00000000 ffffffff 00cf9300 DPL=0 DS   [-WA]
LDT=0000 00000000 0000ffff 00008200 DPL=0 LDT
TR =0000 00000000 0000ffff 00008b00 DPL=0 TSS32-busy
GDT=     000010b0 00000020
IDT=     001295e0 000007ff
CR0=00000011 CR2=00000000 CR3=00000000 CR4=00000000
DR0=00000000 DR1=00000000 DR2=00000000 DR3=00000000 
DR6=ffff0ff0 DR7=00000400
CCS=00000044 CCD=00000000 CCO=EFLAGS
EFER=0000000000000000
Servicing hardware INT=0x20
   121: v=20 e=0000 i=0 cpl=0 IP=0010:001012e3 pc=001012e3 SP=0018:00103c5c env->regs[R_EAX]=0000000a
EAX=0000000a EBX=001034e8 ECX=00001056 EDX=0000016f
ESI=00102880 EDI=0000006f EBP=00103c94 ESP=00103c5c
EIP=001012e3 EFL=00000246 [---Z-P-] CPL=0 II=0 A20=1 SMM=0 HLT=0
ES =0018 00000000 ffffffff 00cf9300 DPL=0 DS   [-WA]
CS =0010 00000000 ffffffff 00cf9a00 DPL=0 CS32 [-R-]
SS =0018 00000000 ffffffff 00cf9300 DPL=0 DS   [-WA]
DS =0018 00000000 ffffffff 00cf9300 DPL=0 DS   [-WA]
FS =0018 00000000 ffffffff 00cf9300 DPL=0 DS   [-WA]
GS =0018 00000000 ffffffff 00cf9300 DPL=0 DS   [-WA]
LDT=0000 00000000 0000ffff 00008200 DPL=0 LDT
TR =0000 00000000 0000ffff 00008b00 DPL=0 TSS32-busy
GDT=     000010b0 00000020
IDT=     001295e0 000007ff
CR0=00000011 CR2=00000000 CR3=00000000 CR4=00000000
DR0=00000000 DR1=00000000 DR2=00000000 DR3=00000000 
DR6=ffff0ff0 DR7=00000400
CCS=00000044 CCD=00000000 CCO=EFLAGS
EFER=0000000000000000
Servicing hardware INT=0x20
   122: v=20 e=0000 i=0 cpl=0 IP=0010:00100994 pc=00100994 SP=0018:001048d4 env->regs[R_EAX]=0000001c
EAX=0000001c EBX=00000066 ECX=00001900 EDX=00102844
ESI=001027c0 EDI=00104928 EBP=001048e4 ESP=001048d4
EIP=00100994 EFL=00000296 [--S-AP-] CPL=0 II=0 A20=1 SMM=0 HLT=0
ES =0018 00000000 ffffffff 00cf9300 DPL=0 DS   [-WA]
CS =0010 00000000 ffffffff 00cf9a00 DPL=0 CS32 [-R-]
SS =0018 00000000 ffffffff 00cf9300 DPL=0 DS   [-WA]
DS =0018 00000000 ffffffff 00cf9300 DPL=0 DS   [-WA]
FS =0018 00000000 ffffffff 00cf9300 DPL=0 DS   [-WA]
GS =0018 00000000 ffffffff 00cf9300 DPL=0 DS   [-WA]
LDT=0000 00000000 0000ffff 00008200 DPL=0 LDT
TR =0000 00000000 0000ffff 00008b00 DPL=0 TSS32-busy
GDT=     000010b0 00000020
IDT=     001295e0 000007ff
CR0=00000011 CR2=00000000 CR3=00000000 CR4=00000000
DR0=00000000 DR1=00000000 DR2=00000000 DR3=00000000 
DR6=ffff0ff0 DR7=00000400
CCS=00000094 CCD=ffffffff CCO=EFLAGS
EFER=0000000000000000
Servicing hardware INT=0x20
   123: v=20 e=0000 i=0 cpl=0 IP=0010:00101c44 pc=00101c44 SP=0018:0012dd20 env->regs[R_EAX]=00102844
EAX=00102844 EBX=00010000 ECX=00075300 EDX=0000579a
ESI=0012ddf4 EDI=00000000 EBP=0012dd68 ESP=0012dd20
EIP=00101c44 EFL=00200207 [-----PC] CPL=0 II=0 A20=1 SMM=0 HLT=0
ES =0018 00000000 ffffffff 00cf9300 DPL=0 DS   [-WA]
CS =0010 00000000 ffffffff 00cf9a00 DPL=0 CS32 [-R-]
SS =0018 00000000 ffffffff 00cf9300 DPL=0 DS   [-WA]
DS =0018 00000000 ffffffff 00cf9300 DPL=0 DS   [-WA]
FS =0018 00000000 ffffffff 00cf9300 DPL=0 DS   [-WA]
GS =0018 00000000 ffffffff 00cf9300 DPL=0 DS   [-WA]
LDT=0000 00000000 0000ffff 00008200 DPL=0 LDT
TR =0000 00000000 0000ffff 00008b00 DPL=0 TSS32-busy
GDT=     000010b0 00000020
IDT=     001295e0 000007ff
CR0=00000011 CR2=00000000 CR3=00000000 CR4=00000000
DR0=00000000 DR1=00000000 DR2=00000000 DR3=00000000 
DR6=ffff0ff0 DR7=00000400
CCS=00000005 CCD=0000579a CCO=EFLAGS
EFER=0000000000000000
Servicing hardware INT=0x20
   124: v=20 e=0000 i=0 cpl=0 IP=0010:00101196 pc=00101196 SP=0018:00103c44 env->regs[R_EAX]=0000011e
EAX=0000011e EBX=00103d28 ECX=00000254 EDX=0000af62
ESI=00102844 EDI=0000000c EBP=00103c54 ESP=00103c44
EIP=00101196 EFL=00000283 [--S---C] CPL=0 II=0 A20=1 SMM=0 HLT=0
ES =0018 00000000 ffffffff 00cf9300 DPL=0 DS   [-WA]
CS =0010 00000000 ffffffff 00cf9a00 DPL=0 CS32 [-R-]
SS =0018 00000000 ffffffff 00cf9300 DPL=0 DS   [-WA]
DS =0018 00000000 ffffffff 00cf9300 DPL=0 DS   [-WA]
FS =0018 00000000 ffffffff 00cf9300 DPL=0 DS   [-WA]
GS =0018 00000000 ffffffff 00cf9300 DPL=0 DS   [-WA]
LDT=0000 00000000 0000ffff 00008200 DPL=0 LDT
TR =0000 00000000 0000ffff 00008b00 DPL=0 TSS32-busy
GDT=     000010b0 00000020
IDT=     001295e0 000007ff
CR0=00000011 CR2=00000000 CR3=00000000 CR4=00000000
DR0=00000000 DR1=00000000 DR2=00000000 DR3=00000000 
DR6=ffff0ff0 DR7=00000400
CCS=00000081 CCD=fffffff2 CCO=EFLAGS
EFER=0000000000000000
Servicing hardware INT=0x20
   125: v=20 e=0000 i=0 cpl=0 IP=0010:00100994 pc=00100994 SP=0018:001048d4 env->regs[R_EAX]=0000001c
EAX=0000001c EBX=00000066 ECX=00001900 EDX=00102844
ESI=001027c0 EDI=00104928 EBP=001048e4 ESP=001048d4
EIP=00100994 EFL=00000296 [--S-AP-] CPL=0 II=0 A20=1 SMM=0 HLT=0
ES =0018 00000000 ffffffff 00cf9300 DPL=0 DS   [-WA]
CS =0010 00000000 ffffffff 00cf9a00 DPL=0 CS32 [-R-]
SS =0018 00000000 ffffffff 00cf9300 DPL=0 DS   [-WA]
DS =0018 00000000 ffffffff 00cf9300 DPL=0 DS   [-WA]
FS =0018 00000000 ffffffff 00cf9300 DPL=0 DS   [-WA]
GS =0018 00000000 ffffffff 00cf9300 DPL=0 DS   [-WA]
LDT=0000 00000000 0000ffff 00008200 DPL=0 LDT
TR =0000 00000000 0000ffff 00008b00 DPL=0 TSS32-busy
GDT=     000010b0 00000020
IDT=     001295e0 000007ff
CR0=00000011 CR2=00000000 CR3=00000000 CR4=00000000
DR0=00000000 DR1=00000000 DR2=00000000 DR3=00000000 
DR6=ffff0ff0 DR7=00000400
CCS=00000094 CCD=ffffffff CCO=EFLAGS
EFER=0000000000000000
Servicing hardware INT=0x20
   126: v=20 e=0000 i=0 cpl=0 IP=0010:00101c7d pc=00101c7d SP=0018:0012dd20 env->regs[R_EAX]=00102844
EAX=00102844 EBX=00010000 ECX=000b8000 EDX=00000001
ESI=00000000 EDI=00000000 EBP=0012dd68 ESP=0012dd20
EIP=00101c7d EFL=00200246 [---Z-P-] CPL=0 II=0 A20=1 SMM=0 HLT=0
ES =0018 00000000 ffffffff 00cf9300 DPL=0 DS   [-WA]
CS =0010 00000000 ffffffff 00cf9a00 DPL=0 CS32 [-R-]
SS =0018 00000000 ffffffff 00cf9300 DPL=0 DS   [-WA]
DS =0018 00000000 ffffffff 00cf9300 DPL=0 DS   [-WA]
FS =0018 00000000 ffffffff 00cf9300 DPL=0 DS   [-WA]
GS =0018 00000000 ffffffff 00cf9300 DPL=0 DS   [-WA]
LDT=0000 00000000 0000ffff 00008200 DPL=0 LDT
TR =0000 00000000 0000ffff 00008b00 DPL=0 TSS32-busy
GDT=     000010b0 00000020
IDT=     001295e0 000007ff
CR0=00000011 CR2=00000000 CR3=00000000 CR4=00000000
DR0=00000000 DR1=00000000 DR2=00000000 DR3=00000000 
DR6=ffff0ff0 DR7=00000400
CCS=00000044 CCD=00000000 CCO=EFLAGS
EFER=0000000000000000
Servicing hardware INT=0x20
   127: v=20 e=0000 i=0 cpl=0 IP=0010:00101196 pc=00101196 SP=0018:00103c44 env->regs[R_EAX]=00000104
EAX=00000104 EBX=00103d28 ECX=0000022c EDX=0000dd6f
ESI=00102844 EDI=00000012 EBP=00103c54 ESP=00103c44
EIP=00101196 EFL=00000293 [--S-A-C] CPL=0 II=0 A20=1 SMM=0 HLT=0
ES =0018 00000000 ffffffff 00cf9300 DPL=0 DS   [-WA]
CS =0010 00000000 ffffffff 00cf9a00 DPL=0 CS32 [-R-]
SS =0018 00000000 ffffffff 00cf9300 DPL=0 DS   [-WA]
DS =0018 00000000 ffffffff 00cf9300 DPL=0 DS   [-WA]
FS =0018 00000000 ffffffff 00cf9300 DPL=0 DS   [-WA]
GS =0018 00000000 ffffffff 00cf9300 DPL=0 DS   [-WA]
LDT=0000 00000000 0000ffff 00008200 DPL=0 LDT
TR =0000 00000000 0000ffff 00008b00 DPL=0 TSS32-busy
GDT=     000010b0 00000020
IDT=     001295e0 000007ff
CR0=00000011 CR2=00000000 CR3=00000000 CR4=00000000
DR0=00000000 DR1=00000000 DR2=00000000 DR3=00000000 
DR6=ffff0ff0 DR7=00000400
CCS=00000091 CCD=fffffff8 CCO=EFLAGS
EFER=0000000000000000
Servicing hardware INT=0x20
   128: v=20 e=0000 i=0 cpl=0 IP=0010:00100994 pc=00100994 SP=0018:001048d4 env->regs[R_EAX]=0000001c
EAX=0000001c EBX=00000000 ECX=00001900 EDX=00102844
ESI=001027c0 EDI=00000000 EBP=001048e4 ESP=001048d4
EIP=00100994 EFL=00000296 [--S-AP-] CPL=0 II=0 A20=1 SMM=0 HLT=0
ES =0018 00000000 ffffffff 00cf9300 DPL=0 DS   [-WA]
CS =0010 00000000 ffffffff 00cf9a00 DPL=0 CS32 [-R-]
SS =0018 00000000 ffffffff 00cf9300 DPL=0 DS   [-WA]
DS =0018 00000000 ffffffff 00cf9300 DPL=0 DS   [-WA]
FS =0018 00000000 ffffffff 00cf9300 DPL=0 DS   [-WA]
GS =0018 00000000 ffffffff 00cf9300 DPL=0 DS   [-WA]
LDT=0000 00000000 0000ffff 00008200 DPL=0 LDT
TR =0000 00000000 0000ffff 00008b00 DPL=0 TSS32-busy
GDT=     000010b0 00000020
IDT=     001295e0 000007ff
CR0=00000011 CR2=00000000 CR3=00000000 CR4=00000000
DR0=00000000 DR1=00000000 DR2=00000000 DR3=00000000 
DR6=ffff0ff0 DR7=00000400
CCS=00000094 CCD=ffffffff CCO=EFLAGS
EFER=0000000000000000
Servicing hardware INT=0x20
   129: v=20 e=0000 i=0 cpl=0 IP=0010:00101c7d pc=00101c7d SP=0018:0012dd20 env->regs[R_EAX]=00102844
EAX=00102844 EBX=00010000 ECX=000b8000 EDX=00000001
ESI=00000000 EDI=00000000 EBP=0012dd68 ESP=0012dd20
EIP=00101c7d EFL=00200246 [---Z-P-] CPL=0 II=0 A20=1 SMM=0 HLT=0
ES =0018 00000000 ffffffff 00cf9300 DPL=0 DS   [-WA]
CS =0010 00000000 ffffffff 00cf9a00 DPL=0 CS32 [-R-]
SS =0018 00000000 ffffffff 00cf9300 DPL=0 DS   [-WA]
DS =0018 00000000 ffffffff 00cf9300 DPL=0 DS   [-WA]
FS =0018 00000000 ffffffff 00cf9300 DPL=0 DS   [-WA]
GS =0018 00000000 ffffffff 00cf9300 DPL=0 DS   [-WA]
LDT=0000 00000000 0000ffff 00008200 DPL=0 LDT
TR =0000 00000000 0000ffff 00008b00 DPL=0 TSS32-busy
GDT=     000010b0 00000020
IDT=     001295e0 000007ff
CR0=00000011 CR2=00000000 CR3=00000000 CR4=00000000
DR0=00000000 DR1=00000000 DR2=00000000 DR3=00000000 
DR6=ffff0ff0 DR7=00000400
CCS=00000044 CCD=00000000 CCO=EFLAGS
EFER=0000000000000000
Servicing hardware INT=0x20
   130: v=20 e=0000 i=0 cpl=0 IP=0010:00101196 pc=00101196 SP=0018:00103c44 env->regs[R_EAX]=00000068
EAX=00000068 EBX=00103d28 ECX=000000da EDX=00009d66
ESI=00102844 EDI=00000005 EBP=00103c54 ESP=00103c44
EIP=00101196 EFL=00000297 [--S-APC] CPL=0 II=0 A20=1 SMM=0 HLT=0
ES =0018 00000000 ffffffff 00cf9300 DPL=0 DS   [-WA]
CS =0010 00000000 ffffffff 00cf9a00 DPL=0 CS32 [-R-]
SS =0018 00000000 ffffffff 00cf9300 DPL=0 DS   [-WA]
DS =0018 00000000 ffffffff 00cf9300 DPL=0 DS   [-WA]
FS =0018 00000000 ffffffff 00cf9300 DPL=0 DS   [-WA]
GS =0018 00000000 ffffffff 00cf9300 DPL=0 DS   [-WA]
LDT=0000 00000000 0000ffff 00008200 DPL=0 LDT
TR =0000 00000000 0000ffff 00008b00 DPL=0 TSS32-busy
GDT=     000010b0 00000020
IDT=     001295e0 000007ff
CR0=00000011 CR2=00000000 CR3=00000000 CR4=00000000
DR0=00000000 DR1=00000000 DR2=00000000 DR3=00000000 
DR6=ffff0ff0 DR7=00000400
CCS=00000095 CCD=ffffffeb CCO=EFLAGS
EFER=0000000000000000
Servicing hardware INT=0x20
   131: v=20 e=0000 i=0 cpl=0 IP=0010:00100994 pc=00100994 SP=0018:001048d4 env->regs[R_EAX]=0000001c
EAX=0000001c EBX=00000066 ECX=00001900 EDX=00102844
ESI=001027c0 EDI=00104928 EBP=001048e4 ESP=001048d4
EIP=00100994 EFL=00000296 [--S-AP-] CPL=0 II=0 A20=1 SMM=0 HLT=0
ES =0018 00000000 ffffffff 00cf9300 DPL=0 DS   [-WA]
CS =0010 00000000 ffffffff 00cf9a00 DPL=0 CS32 [-R-]
SS =0018 00000000 ffffffff 00cf9300 DPL=0 DS   [-WA]
DS =0018 00000000 ffffffff 00cf9300 DPL=0 DS   [-WA]
FS =0018 00000000 ffffffff 00cf9300 DPL=0 DS   [-WA]
GS =0018 00000000 ffffffff 00cf9300 DPL=0 DS   [-WA]
LDT=0000 00000000 0000ffff 00008200 DPL=0 LDT
TR =0000 00000000 0000ffff 00008b00 DPL=0 TSS32-busy
GDT=     000010b0 00000020
IDT=     001295e0 000007ff
CR0=00000011 CR2=00000000 CR3=00000000 CR4=00000000
DR0=00000000 DR1=00000000 DR2=00000000 DR3=00000000 
DR6=ffff0ff0 DR7=00000400
CCS=00000094 CCD=ffffffff CCO=EFLAGS
EFER=0000000000000000
Servicing hardware INT=0x20
   132: v=20 e=0000 i=0 cpl=0 IP=0010:001016c3 pc=001016c3 SP=0018:0012dc9c env->regs[R_EAX]=000183f8
EAX=000183f8 EBX=00000320 ECX=00000006 EDX=00000004
ESI=00000004 EDI=0018edd4 EBP=0012dcc8 ESP=0012dc9c
EIP=001016c3 EFL=00200293 [--S-A-C] CPL=0 II=0 A20=1 SMM=0 HLT=0
ES =0018 00000000 ffffffff 00cf9300 DPL=0 DS   [-WA]
CS =0010 00000000 ffffffff 00cf9a00 DPL=0 CS32 [-R-]
SS =0018 00000000 ffffffff 00cf9300 DPL=0 DS   [-WA]
DS =0018 00000000 ffffffff 00cf9300 DPL=0 DS   [-WA]
FS =0018 00000000 ffffffff 00cf9300 DPL=0 DS   [-WA]
GS =0018 00000000 ffffffff 00cf9300 DPL=0 DS   [-WA]
LDT=0000 00000000 0000ffff 00008200 DPL=0 LDT
TR =0000 00000000 0000ffff 00008b00 DPL=0 TSS32-busy
GDT=     000010b0 00000020
IDT=     001295e0 000007ff
CR0=00000011 CR2=00000000 CR3=00000000 CR4=00000000
DR0=00000000 DR1=00000000 DR2=00000000 DR3=00000000 
DR6=ffff0ff0 DR7=00000400
CCS=00000091 CCD=fffffffe CCO=EFLAGS
EFER=0000000000000000
Servicing hardware INT=0x20
   133: v=20 e=0000 i=0 cpl=0 IP=0010:00101196 pc=00101196 SP=0018:00103c44 env->regs[R_EAX]=000000b6
EAX=000000b6 EBX=00103d28 ECX=0000019a EDX=0000576f
ESI=00102844 EDI=00000017 EBP=00103c54 ESP=00103c44
EIP=00101196 EFL=00000293 [--S-A-C] CPL=0 II=0 A20=1 SMM=0 HLT=0
ES =0018 00000000 ffffffff 00cf9300 DPL=0 DS   [-WA]
CS =0010 00000000 ffffffff 00cf9a00 DPL=0 CS32 [-R-]
SS =0018 00000000 ffffffff 00cf9300 DPL=0 DS   [-WA]
DS =0018 00000000 ffffffff 00cf9300 DPL=0 DS   [-WA]
FS =0018 00000000 ffffffff 00cf9300 DPL=0 DS   [-WA]
GS =0018 00000000 ffffffff 00cf9300 DPL=0 DS   [-WA]
LDT=0000 00000000 0000ffff 00008200 DPL=0 LDT
TR =0000 00000000 0000ffff 00008b00 DPL=0 TSS32-busy
GDT=     000010b0 00000020
IDT=     001295e0 000007ff
CR0=00000011 CR2=00000000 CR3=00000000 CR4=00000000
DR0=00000000 DR1=00000000 DR2=00000000 DR3=00000000 
DR6=ffff0ff0 DR7=00000400
CCS=00000091 CCD=fffffffd CCO=EFLAGS
EFER=0000000000000000
Servicing hardware INT=0x20
   134: v=20 e=0000 i=0 cpl=0 IP=0010:00100994 pc=00100994 SP=0018:001048d4 env->regs[R_EAX]=0000001c
EAX=0000001c EBX=00000066 ECX=00001900 EDX=00102844
ESI=001027c0 EDI=00104928 EBP=001048e4 ESP=001048d4
EIP=00100994 EFL=00000296 [--S-AP-] CPL=0 II=0 A20=1 SMM=0 HLT=0
ES =0018 00000000 ffffffff 00cf9300 DPL=0 DS   [-WA]
CS =0010 00000000 ffffffff 00cf9a00 DPL=0 CS32 [-R-]
SS =0018 00000000 ffffffff 00cf9300 DPL=0 DS   [-WA]
DS =0018 00000000 ffffffff 00cf9300 DPL=0 DS   [-WA]
FS =0018 00000000 ffffffff 00cf9300 DPL=0 DS   [-WA]
GS =0018 00000000 ffffffff 00cf9300 DPL=0 DS   [-WA]
LDT=0000 00000000 0000ffff 00008200 DPL=0 LDT
TR =0000 00000000 0000ffff 00008b00 DPL=0 TSS32-busy
GDT=     000010b0 00000020
IDT=     001295e0 000007ff
CR0=00000011 CR2=00000000 CR3=00000000 CR4=00000000
DR0=00000000 DR1=00000000 DR2=00000000 DR3=00000000 
DR6=ffff0ff0 DR7=00000400
CCS=00000094 CCD=ffffffff CCO=EFLAGS
EFER=0000000000000000
Servicing hardware INT=0x20
   135: v=20 e=0000 i=0 cpl=0 IP=0010:00101c7d pc=00101c7d SP=0018:0012dd20 env->regs[R_EAX]=00102844
EAX=00102844 EBX=00010000 ECX=000b8000 EDX=00000001
ESI=00000000 EDI=00000000 EBP=0012dd68 ESP=0012dd20
EIP=00101c7d EFL=00200246 [---Z-P-] CPL=0 II=0 A20=1 SMM=0 HLT=0
ES =0018 00000000 ffffffff 00cf9300 DPL=0 DS   [-WA]
CS =0010 00000000 ffffffff 00cf9a00 DPL=0 CS32 [-R-]
SS =0018 00000000 ffffffff 00cf9300 DPL=0 DS   [-WA]
DS =0018 00000000 ffffffff 00cf9300 DPL=0 DS   [-WA]
FS =0018 00000000 ffffffff 00cf9300 DPL=0 DS   [-WA]
GS =0018 00000000 ffffffff 00cf9300 DPL=0 DS   [-WA]
LDT=0000 00000000 0000ffff 00008200 DPL=0 LDT
TR =0000 00000000 0000ffff 00008b00 DPL=0 TSS32-busy
GDT=     000010b0 00000020
IDT=     001295e0 000007ff
CR0=00000011 CR2=00000000 CR3=00000000 CR4=00000000
DR0=00000000 DR1=00000000 DR2=00000000 DR3=00000000 
DR6=ffff0ff0 DR7=00000400
CCS=00000044 CCD=00000000 CCO=EFLAGS
EFER=0000000000000000
Servicing hardware INT=0x20
   136: v=20 e=0000 i=0 cpl=0 IP=0010:001011e2 pc=001011e2 SP=0018:00103c98 env->regs[R_EAX]=001011e2
EAX=001011e2 EBX=00100070 ECX=0000105e EDX=0000d772
ESI=0010006f EDI=00000000 EBP=00103cb4 ESP=00103c98
EIP=001011e2 EFL=00000206 [-----P-] CPL=0 II=0 A20=1 SMM=0 HLT=0
ES =0018 00000000 ffffffff 00cf9300 DPL=0 DS   [-WA]
CS =0010 00000000 ffffffff 00cf9a00 DPL=0 CS32 [-R-]
SS =0018 00000000 ffffffff 00cf9300 DPL=0 DS   [-WA]
DS =0018 00000000 ffffffff 00cf9300 DPL=0 DS   [-WA]
FS =0018 00000000 ffffffff 00cf9300 DPL=0 DS   [-WA]
GS =0018 00000000 ffffffff 00cf9300 DPL=0 DS   [-WA]
LDT=0000 00000000 0000ffff 00008200 DPL=0 LDT
TR =0000 00000000 0000ffff 00008b00 DPL=0 TSS32-busy
GDT=     000010b0 00000020
IDT=     001295e0 000007ff
CR0=00000011 CR2=00000000 CR3=00000000 CR4=00000000
DR0=00000000 DR1=00000000 DR2=00000000 DR3=00000000 
DR6=ffff0ff0 DR7=00000400
CCS=00000004 CCD=00103ca0 CCO=EFLAGS
EFER=0000000000000000
Servicing hardware INT=0x20
   137: v=20 e=0000 i=0 cpl=0 IP=0010:00100994 pc=00100994 SP=0018:001048d4 env->regs[R_EAX]=0000001c
EAX=0000001c EBX=00000000 ECX=00001900 EDX=00102844
ESI=001027c0 EDI=00000000 EBP=001048e4 ESP=001048d4
EIP=00100994 EFL=00000296 [--S-AP-] CPL=0 II=0 A20=1 SMM=0 HLT=0
ES =0018 00000000 ffffffff 00cf9300 DPL=0 DS   [-WA]
CS =0010 00000000 ffffffff 00cf9a00 DPL=0 CS32 [-R-]
SS =0018 00000000 ffffffff 00cf9300 DPL=0 DS   [-WA]
DS =0018 00000000 ffffffff 00cf9300 DPL=0 DS   [-WA]
FS =0018 00000000 ffffffff 00cf9300 DPL=0 DS   [-WA]
GS =0018 00000000 ffffffff 00cf9300 DPL=0 DS   [-WA]
LDT=0000 00000000 0000ffff 00008200 DPL=0 LDT
TR =0000 00000000 0000ffff 00008b00 DPL=0 TSS32-busy
GDT=     000010b0 00000020
IDT=     001295e0 000007ff
CR0=00000011 CR2=00000000 CR3=00000000 CR4=00000000
DR0=00000000 DR1=00000000 DR2=00000000 DR3=00000000 
DR6=ffff0ff0 DR7=00000400
CCS=00000094 CCD=ffffffff CCO=EFLAGS
EFER=0000000000000000
Servicing hardware INT=0x20
   138: v=20 e=0000 i=0 cpl=0 IP=0010:001019b8 pc=001019b8 SP=0018:0012dd64 env->regs[R_EAX]=0026bdf8
EAX=0026bdf8 EBX=006e96c2 ECX=003029f4 EDX=fd13e004
ESI=0012dd78 EDI=00000000 EBP=0012dd68 ESP=0012dd64
EIP=001019b8 EFL=00200202 [-------] CPL=0 II=0 A20=1 SMM=0 HLT=0
ES =0018 00000000 ffffffff 00cf9300 DPL=0 DS   [-WA]
CS =0010 00000000 ffffffff 00cf9a00 DPL=0 CS32 [-R-]
SS =0018 00000000 ffffffff 00cf9300 DPL=0 DS   [-WA]
DS =0018 00000000 ffffffff 00cf9300 DPL=0 DS   [-WA]
FS =0018 00000000 ffffffff 00cf9300 DPL=0 DS   [-WA]
GS =0018 00000000 ffffffff 00cf9300 DPL=0 DS   [-WA]
LDT=0000 00000000 0000ffff 00008200 DPL=0 LDT
TR =0000 00000000 0000ffff 00008b00 DPL=0 TSS32-busy
GDT=     000010b0 00000020
IDT=     001295e0 000007ff
CR0=00000011 CR2=00000000 CR3=00000000 CR4=00000000
DR0=00000000 DR1=00000000 DR2=00000000 DR3=00000000 
DR6=ffff0ff0 DR7=00000400
CCS=00000000 CCD=0026bdf8 CCO=EFLAGS
EFER=0000000000000000
Servicing hardware INT=0x20
   139: v=20 e=0000 i=0 cpl=0 IP=0010:001011e2 pc=001011e2 SP=0018:00103c98 env->regs[R_EAX]=001011e2
EAX=001011e2 EBX=00100072 ECX=00001060 EDX=0000336f
ESI=0010006f EDI=00000000 EBP=00103cb4 ESP=00103c98
EIP=001011e2 EFL=00000206 [-----P-] CPL=0 II=0 A20=1 SMM=0 HLT=0
ES =0018 00000000 ffffffff 00cf9300 DPL=0 DS   [-WA]
CS =0010 00000000 ffffffff 00cf9a00 DPL=0 CS32 [-R-]
SS =0018 00000000 ffffffff 00cf9300 DPL=0 DS   [-WA]
DS =0018 00000000 ffffffff 00cf9300 DPL=0 DS   [-WA]
FS =0018 00000000 ffffffff 00cf9300 DPL=0 DS   [-WA]
GS =0018 00000000 ffffffff 00cf9300 DPL=0 DS   [-WA]
LDT=0000 00000000 0000ffff 00008200 DPL=0 LDT
TR =0000 00000000 0000ffff 00008b00 DPL=0 TSS32-busy
GDT=     000010b0 00000020
IDT=     001295e0 000007ff
CR0=00000011 CR2=00000000 CR3=00000000 CR4=00000000
DR0=00000000 DR1=00000000 DR2=00000000 DR3=00000000 
DR6=ffff0ff0 DR7=00000400
CCS=00000004 CCD=00103ca0 CCO=EFLAGS
EFER=0000000000000000
Servicing hardware INT=0x20
   140: v=20 e=0000 i=0 cpl=0 IP=0010:00100994 pc=00100994 SP=0018:001048d4 env->regs[R_EAX]=0000001c
EAX=0000001c EBX=00000000 ECX=00001900 EDX=00102844
ESI=001027c0 EDI=00000000 EBP=001048e4 ESP=001048d4
EIP=00100994 EFL=00000296 [--S-AP-] CPL=0 II=0 A20=1 SMM=0 HLT=0
ES =0018 00000000 ffffffff 00cf9300 DPL=0 DS   [-WA]
CS =0010 00000000 ffffffff 00cf9a00 DPL=0 CS32 [-R-]
SS =0018 00000000 ffffffff 00cf9300 DPL=0 DS   [-WA]
DS =0018 00000000 ffffffff 00cf9300 DPL=0 DS   [-WA]
FS =0018 00000000 ffffffff 00cf9300 DPL=0 DS   [-WA]
GS =0018 00000000 ffffffff 00cf9300 DPL=0 DS   [-WA]
LDT=0000 00000000 0000ffff 00008200 DPL=0 LDT
TR =0000 00000000 0000ffff 00008b00 DPL=0 TSS32-busy
GDT=     000010b0 00000020
IDT=     001295e0 000007ff
CR0=00000011 CR2=00000000 CR3=00000000 CR4=00000000
DR0=00000000 DR1=00000000 DR2=00000000 DR3=00000000 
DR6=ffff0ff0 DR7=00000400
CCS=00000094 CCD=ffffffff CCO=EFLAGS
EFER=0000000000000000
Servicing hardware INT=0x20
   141: v=20 e=0000 i=0 cpl=0 IP=0010:00101c7d pc=00101c7d SP=0018:0012dd20 env->regs[R_EAX]=00102844
EAX=00102844 EBX=00010000 ECX=000b8000 EDX=00000001
ESI=00000000 EDI=00000000 EBP=0012dd68 ESP=0012dd20
EIP=00101c7d EFL=00200246 [---Z-P-] CPL=0 II=0 A20=1 SMM=0 HLT=0
ES =0018 00000000 ffffffff 00cf9300 DPL=0 DS   [-WA]
CS =0010 00000000 ffffffff 00cf9a00 DPL=0 CS32 [-R-]
SS =0018 00000000 ffffffff 00cf9300 DPL=0 DS   [-WA]
DS =0018 00000000 ffffffff 00cf9300 DPL=0 DS   [-WA]
FS =0018 00000000 ffffffff 00cf9300 DPL=0 DS   [-WA]
GS =0018 00000000 ffffffff 00cf9300 DPL=0 DS   [-WA]
LDT=0000 00000000 0000ffff 00008200 DPL=0 LDT
TR =0000 00000000 0000ffff 00008b00 DPL=0 TSS32-busy
GDT=     000010b0 00000020
IDT=     001295e0 000007ff
CR0=00000011 CR2=00000000 CR3=00000000 CR4=00000000
DR0=00000000 DR1=00000000 DR2=00000000 DR3=00000000 
DR6=ffff0ff0 DR7=00000400
CCS=00000044 CCD=00000000 CCO=EFLAGS
EFER=0000000000000000
Servicing hardware INT=0x20
   142: v=20 e=0000 i=0 cpl=0 IP=0010:00101196 pc=00101196 SP=0018:00103c44 env->regs[R_EAX]=000000ea
EAX=000000ea EBX=00103d28 ECX=000001fa EDX=00006d66
ESI=00102844 EDI=00000013 EBP=00103c54 ESP=00103c44
EIP=00101196 EFL=00000297 [--S-APC] CPL=0 II=0 A20=1 SMM=0 HLT=0
ES =0018 00000000 ffffffff 00cf9300 DPL=0 DS   [-WA]
CS =0010 00000000 ffffffff 00cf9a00 DPL=0 CS32 [-R-]
SS =0018 00000000 ffffffff 00cf9300 DPL=0 DS   [-WA]
DS =0018 00000000 ffffffff 00cf9300 DPL=0 DS   [-WA]
FS =0018 00000000 ffffffff 00cf9300 DPL=0 DS   [-WA]
GS =0018 00000000 ffffffff 00cf9300 DPL=0 DS   [-WA]
LDT=0000 00000000 0000ffff 00008200 DPL=0 LDT
TR =0000 00000000 0000ffff 00008b00 DPL=0 TSS32-busy
GDT=     000010b0 00000020
IDT=     001295e0 000007ff
CR0=00000011 CR2=00000000 CR3=00000000 CR4=00000000
DR0=00000000 DR1=00000000 DR2=00000000 DR3=00000000 
DR6=ffff0ff0 DR7=00000400
CCS=00000095 CCD=fffffff9 CCO=EFLAGS
EFER=0000000000000000
Servicing hardware INT=0x20
   143: v=20 e=0000 i=0 cpl=0 IP=0010:00100994 pc=00100994 SP=0018:001048d4 env->regs[R_EAX]=0000001c
EAX=0000001c EBX=0012dd8c ECX=00001900 EDX=00102844
ESI=001027c0 EDI=00104928 EBP=001048e4 ESP=001048d4
EIP=00100994 EFL=00000296 [--S-AP-] CPL=0 II=0 A20=1 SMM=0 HLT=0
ES =0018 00000000 ffffffff 00cf9300 DPL=0 DS   [-WA]
CS =0010 00000000 ffffffff 00cf9a00 DPL=0 CS32 [-R-]
SS =0018 00000000 ffffffff 00cf9300 DPL=0 DS   [-WA]
DS =0018 00000000 ffffffff 00cf9300 DPL=0 DS   [-WA]
FS =0018 00000000 ffffffff 00cf9300 DPL=0 DS   [-WA]
GS =0018 00000000 ffffffff 00cf9300 DPL=0 DS   [-WA]
LDT=0000 00000000 0000ffff 00008200 DPL=0 LDT
TR =0000 00000000 0000ffff 00008b00 DPL=0 TSS32-busy
GDT=     000010b0 00000020
IDT=     001295e0 000007ff
CR0=00000011 CR2=00000000 CR3=00000000 CR4=00000000
DR0=00000000 DR1=00000000 DR2=00000000 DR3=00000000 
DR6=ffff0ff0 DR7=00000400
CCS=00000094 CCD=ffffffff CCO=EFLAGS
EFER=0000000000000000
Servicing hardware INT=0x20
   144: v=20 e=0000 i=0 cpl=0 IP=0010:00101c7d pc=00101c7d SP=0018:0012dd20 env->regs[R_EAX]=00102844
EAX=00102844 EBX=00010000 ECX=000b8000 EDX=00000001
ESI=00000000 EDI=00000000 EBP=0012dd68 ESP=0012dd20
EIP=00101c7d EFL=00200246 [---Z-P-] CPL=0 II=0 A20=1 SMM=0 HLT=0
ES =0018 00000000 ffffffff 00cf9300 DPL=0 DS   [-WA]
CS =0010 00000000 ffffffff 00cf9a00 DPL=0 CS32 [-R-]
SS =0018 00000000 ffffffff 00cf9300 DPL=0 DS   [-WA]
DS =0018 00000000 ffffffff 00cf9300 DPL=0 DS   [-WA]
FS =0018 00000000 ffffffff 00cf9300 DPL=0 DS   [-WA]
GS =0018 00000000 ffffffff 00cf9300 DPL=0 DS   [-WA]
LDT=0000 00000000 0000ffff 00008200 DPL=0 LDT
TR =0000 00000000 0000ffff 00008b00 DPL=0 TSS32-busy
GDT=     000010b0 00000020
IDT=     001295e0 000007ff
CR0=00000011 CR2=00000000 CR3=00000000 CR4=00000000
DR0=00000000 DR1=00000000 DR2=00000000 DR3=00000000 
DR6=ffff0ff0 DR7=00000400
CCS=00000044 CCD=00000000 CCO=EFLAGS
EFER=0000000000000000
Servicing hardware INT=0x20
   145: v=20 e=0000 i=0 cpl=0 IP=0010:001012a5 pc=001012a5 SP=0018:00103c5c env->regs[R_EAX]=00000012
EAX=00000012 EBX=001034e8 ECX=00001066 EDX=0000af6f
ESI=00102880 EDI=0000006f EBP=00103c94 ESP=00103c5c
EIP=001012a5 EFL=00000297 [--S-APC] CPL=0 II=0 A20=1 SMM=0 HLT=0
ES =0018 00000000 ffffffff 00cf9300 DPL=0 DS   [-WA]
CS =0010 00000000 ffffffff 00cf9a00 DPL=0 CS32 [-R-]
SS =0018 00000000 ffffffff 00cf9300 DPL=0 DS   [-WA]
DS =0018 00000000 ffffffff 00cf9300 DPL=0 DS   [-WA]
FS =0018 00000000 ffffffff 00cf9300 DPL=0 DS   [-WA]
GS =0018 00000000 ffffffff 00cf9300 DPL=0 DS   [-WA]
LDT=0000 00000000 0000ffff 00008200 DPL=0 LDT
TR =0000 00000000 0000ffff 00008b00 DPL=0 TSS32-busy
GDT=     000010b0 00000020
IDT=     001295e0 000007ff
CR0=00000011 CR2=00000000 CR3=00000000 CR4=00000000
DR0=00000000 DR1=00000000 DR2=00000000 DR3=00000000 
DR6=ffff0ff0 DR7=00000400
CCS=00000095 CCD=fffffff9 CCO=EFLAGS
EFER=0000000000000000
Servicing hardware INT=0x20
   146: v=20 e=0000 i=0 cpl=0 IP=0010:00100994 pc=00100994 SP=0018:001048d4 env->regs[R_EAX]=0000001c
EAX=0000001c EBX=0012dd8c ECX=00001900 EDX=00102844
ESI=001027c0 EDI=00104928 EBP=001048e4 ESP=001048d4
EIP=00100994 EFL=00000296 [--S-AP-] CPL=0 II=0 A20=1 SMM=0 HLT=0
ES =0018 00000000 ffffffff 00cf9300 DPL=0 DS   [-WA]
CS =0010 00000000 ffffffff 00cf9a00 DPL=0 CS32 [-R-]
SS =0018 00000000 ffffffff 00cf9300 DPL=0 DS   [-WA]
DS =0018 00000000 ffffffff 00cf9300 DPL=0 DS   [-WA]
FS =0018 00000000 ffffffff 00cf9300 DPL=0 DS   [-WA]
GS =0018 00000000 ffffffff 00cf9300 DPL=0 DS   [-WA]
LDT=0000 00000000 0000ffff 00008200 DPL=0 LDT
TR =0000 00000000 0000ffff 00008b00 DPL=0 TSS32-busy
GDT=     000010b0 00000020
IDT=     001295e0 000007ff
CR0=00000011 CR2=00000000 CR3=00000000 CR4=00000000
DR0=00000000 DR1=00000000 DR2=00000000 DR3=00000000 
DR6=ffff0ff0 DR7=00000400
CCS=00000094 CCD=ffffffff CCO=EFLAGS
EFER=0000000000000000
Servicing hardware INT=0x20
   147: v=20 e=0000 i=0 cpl=0 IP=0010:00101c7d pc=00101c7d SP=0018:0012dd20 env->regs[R_EAX]=00102844
EAX=00102844 EBX=00010000 ECX=000b8000 EDX=00000001
ESI=00000000 EDI=00000000 EBP=0012dd68 ESP=0012dd20
EIP=00101c7d EFL=00200246 [---Z-P-] CPL=0 II=0 A20=1 SMM=0 HLT=0
ES =0018 00000000 ffffffff 00cf9300 DPL=0 DS   [-WA]
CS =0010 00000000 ffffffff 00cf9a00 DPL=0 CS32 [-R-]
SS =0018 00000000 ffffffff 00cf9300 DPL=0 DS   [-WA]
DS =0018 00000000 ffffffff 00cf9300 DPL=0 DS   [-WA]
FS =0018 00000000 ffffffff 00cf9300 DPL=0 DS   [-WA]
GS =0018 00000000 ffffffff 00cf9300 DPL=0 DS   [-WA]
LDT=0000 00000000 0000ffff 00008200 DPL=0 LDT
TR =0000 00000000 0000ffff 00008b00 DPL=0 TSS32-busy
GDT=     000010b0 00000020
IDT=     001295e0 000007ff
CR0=00000011 CR2=00000000 CR3=00000000 CR4=00000000
DR0=00000000 DR1=00000000 DR2=00000000 DR3=00000000 
DR6=ffff0ff0 DR7=00000400
CCS=00000044 CCD=00000000 CCO=EFLAGS
EFER=0000000000000000
Servicing hardware INT=0x20
   148: v=20 e=0000 i=0 cpl=0 IP=0010:00101304 pc=00101304 SP=0018:00103c9c env->regs[R_EAX]=00000006
EAX=00000006 EBX=00100070 ECX=0000104e EDX=0000ff66
ESI=0010006f EDI=00000000 EBP=00103cb4 ESP=00103c9c
EIP=00101304 EFL=00000246 [---Z-P-] CPL=0 II=0 A20=1 SMM=0 HLT=0
ES =0018 00000000 ffffffff 00cf9300 DPL=0 DS   [-WA]
CS =0010 00000000 ffffffff 00cf9a00 DPL=0 CS32 [-R-]
SS =0018 00000000 ffffffff 00cf9300 DPL=0 DS   [-WA]
DS =0018 00000000 ffffffff 00cf9300 DPL=0 DS   [-WA]
FS =0018 00000000 ffffffff 00cf9300 DPL=0 DS   [-WA]
GS =0018 00000000 ffffffff 00cf9300 DPL=0 DS   [-WA]
LDT=0000 00000000 0000ffff 00008200 DPL=0 LDT
TR =0000 00000000 0000ffff 00008b00 DPL=0 TSS32-busy
GDT=     000010b0 00000020
IDT=     001295e0 000007ff
CR0=00000011 CR2=00000000 CR3=00000000 CR4=00000000
DR0=00000000 DR1=00000000 DR2=00000000 DR3=00000000 
DR6=ffff0ff0 DR7=00000400
CCS=00000044 CCD=00000000 CCO=EFLAGS
EFER=0000000000000000
Servicing hardware INT=0x20
   149: v=20 e=0000 i=0 cpl=0 IP=0010:00100994 pc=00100994 SP=0018:001048d4 env->regs[R_EAX]=0000001c
EAX=0000001c EBX=0012dd00 ECX=00001900 EDX=00102844
ESI=001027c0 EDI=0012dd00 EBP=001048e4 ESP=001048d4
EIP=00100994 EFL=00000296 [--S-AP-] CPL=0 II=0 A20=1 SMM=0 HLT=0
ES =0018 00000000 ffffffff 00cf9300 DPL=0 DS   [-WA]
CS =0010 00000000 ffffffff 00cf9a00 DPL=0 CS32 [-R-]
SS =0018 00000000 ffffffff 00cf9300 DPL=0 DS   [-WA]
DS =0018 00000000 ffffffff 00cf9300 DPL=0 DS   [-WA]
FS =0018 00000000 ffffffff 00cf9300 DPL=0 DS   [-WA]
GS =0018 00000000 ffffffff 00cf9300 DPL=0 DS   [-WA]
LDT=0000 00000000 0000ffff 00008200 DPL=0 LDT
TR =0000 00000000 0000ffff 00008b00 DPL=0 TSS32-busy
GDT=     000010b0 00000020
IDT=     001295e0 000007ff
CR0=00000011 CR2=00000000 CR3=00000000 CR4=00000000
DR0=00000000 DR1=00000000 DR2=00000000 DR3=00000000 
DR6=ffff0ff0 DR7=00000400
CCS=00000094 CCD=ffffffff CCO=EFLAGS
EFER=0000000000000000
Servicing hardware INT=0x20
   150: v=20 e=0000 i=0 cpl=0 IP=0010:00101c7d pc=00101c7d SP=0018:0012dd20 env->regs[R_EAX]=00102844
EAX=00102844 EBX=00010000 ECX=000b8000 EDX=00000001
ESI=00000000 EDI=00000000 EBP=0012dd68 ESP=0012dd20
EIP=00101c7d EFL=00200246 [---Z-P-] CPL=0 II=0 A20=1 SMM=0 HLT=0
ES =0018 00000000 ffffffff 00cf9300 DPL=0 DS   [-WA]
CS =0010 00000000 ffffffff 00cf9a00 DPL=0 CS32 [-R-]
SS =0018 00000000 ffffffff 00cf9300 DPL=0 DS   [-WA]
DS =0018 00000000 ffffffff 00cf9300 DPL=0 DS   [-WA]
FS =0018 00000000 ffffffff 00cf9300 DPL=0 DS   [-WA]
GS =0018 00000000 ffffffff 00cf9300 DPL=0 DS   [-WA]
LDT=0000 00000000 0000ffff 00008200 DPL=0 LDT
TR =0000 00000000 0000ffff 00008b00 DPL=0 TSS32-busy
GDT=     000010b0 00000020
IDT=     001295e0 000007ff
CR0=00000011 CR2=00000000 CR3=00000000 CR4=00000000
DR0=00000000 DR1=00000000 DR2=00000000 DR3=00000000 
DR6=ffff0ff0 DR7=00000400
CCS=00000044 CCD=00000000 CCO=EFLAGS
EFER=0000000000000000
Servicing hardware INT=0x20
   151: v=20 e=0000 i=0 cpl=0 IP=0010:00101196 pc=00101196 SP=0018:00103c44 env->regs[R_EAX]=00000082
EAX=00000082 EBX=00103d28 ECX=00000132 EDX=00003172
ESI=00102844 EDI=00000017 EBP=00103c54 ESP=00103c44
EIP=00101196 EFL=00000293 [--S-A-C] CPL=0 II=0 A20=1 SMM=0 HLT=0
ES =0018 00000000 ffffffff 00cf9300 DPL=0 DS   [-WA]
CS =0010 00000000 ffffffff 00cf9a00 DPL=0 CS32 [-R-]
SS =0018 00000000 ffffffff 00cf9300 DPL=0 DS   [-WA]
DS =0018 00000000 ffffffff 00cf9300 DPL=0 DS   [-WA]
FS =0018 00000000 ffffffff 00cf9300 DPL=0 DS   [-WA]
GS =0018 00000000 ffffffff 00cf9300 DPL=0 DS   [-WA]
LDT=0000 00000000 0000ffff 00008200 DPL=0 LDT
TR =0000 00000000 0000ffff 00008b00 DPL=0 TSS32-busy
GDT=     000010b0 00000020
IDT=     001295e0 000007ff
CR0=00000011 CR2=00000000 CR3=00000000 CR4=00000000
DR0=00000000 DR1=00000000 DR2=00000000 DR3=00000000 
DR6=ffff0ff0 DR7=00000400
CCS=00000091 CCD=fffffffd CCO=EFLAGS
EFER=0000000000000000
Servicing hardware INT=0x20
   152: v=20 e=0000 i=0 cpl=0 IP=0010:00100994 pc=00100994 SP=0018:001048d4 env->regs[R_EAX]=0000001c
EAX=0000001c EBX=0012dd8c ECX=00001900 EDX=00102844
ESI=001027c0 EDI=00104928 EBP=001048e4 ESP=001048d4
EIP=00100994 EFL=00000296 [--S-AP-] CPL=0 II=0 A20=1 SMM=0 HLT=0
ES =0018 00000000 ffffffff 00cf9300 DPL=0 DS   [-WA]
CS =0010 00000000 ffffffff 00cf9a00 DPL=0 CS32 [-R-]
SS =0018 00000000 ffffffff 00cf9300 DPL=0 DS   [-WA]
DS =0018 00000000 ffffffff 00cf9300 DPL=0 DS   [-WA]
FS =0018 00000000 ffffffff 00cf9300 DPL=0 DS   [-WA]
GS =0018 00000000 ffffffff 00cf9300 DPL=0 DS   [-WA]
LDT=0000 00000000 0000ffff 00008200 DPL=0 LDT
TR =0000 00000000 0000ffff 00008b00 DPL=0 TSS32-busy
GDT=     000010b0 00000020
IDT=     001295e0 000007ff
CR0=00000011 CR2=00000000 CR3=00000000 CR4=00000000
DR0=00000000 DR1=00000000 DR2=00000000 DR3=00000000 
DR6=ffff0ff0 DR7=00000400
CCS=00000094 CCD=ffffffff CCO=EFLAGS
EFER=0000000000000000
Servicing hardware INT=0x20
   153: v=20 e=0000 i=0 cpl=0 IP=0010:00101c7d pc=00101c7d SP=0018:0012dd20 env->regs[R_EAX]=00102844
EAX=00102844 EBX=00010000 ECX=000b8000 EDX=000001fd
ESI=00000000 EDI=00000000 EBP=0012dd68 ESP=0012dd20
EIP=00101c7d EFL=00200287 [--S--PC] CPL=0 II=0 A20=1 SMM=0 HLT=0
ES =0018 00000000 ffffffff 00cf9300 DPL=0 DS   [-WA]
CS =0010 00000000 ffffffff 00cf9a00 DPL=0 CS32 [-R-]
SS =0018 00000000 ffffffff 00cf9300 DPL=0 DS   [-WA]
DS =0018 00000000 ffffffff 00cf9300 DPL=0 DS   [-WA]
FS =0018 00000000 ffffffff 00cf9300 DPL=0 DS   [-WA]
GS =0018 00000000 ffffffff 00cf9300 DPL=0 DS   [-WA]
LDT=0000 00000000 0000ffff 00008200 DPL=0 LDT
TR =0000 00000000 0000ffff 00008b00 DPL=0 TSS32-busy
GDT=     000010b0 00000020
IDT=     001295e0 000007ff
CR0=00000011 CR2=00000000 CR3=00000000 CR4=00000000
DR0=00000000 DR1=00000000 DR2=00000000 DR3=00000000 
DR6=ffff0ff0 DR7=00000400
CCS=00000085 CCD=fffff25c CCO=EFLAGS
EFER=0000000000000000
Servicing hardware INT=0x20
   154: v=20 e=0000 i=0 cpl=0 IP=0010:00101196 pc=00101196 SP=0018:00103c44 env->regs[R_EAX]=000001a0
EAX=000001a0 EBX=00103d28 ECX=0000034e EDX=0000756f
ESI=00102844 EDI=00000007 EBP=00103c54 ESP=00103c44
EIP=00101196 EFL=00000297 [--S-APC] CPL=0 II=0 A20=1 SMM=0 HLT=0
ES =0018 00000000 ffffffff 00cf9300 DPL=0 DS   [-WA]
CS =0010 00000000 ffffffff 00cf9a00 DPL=0 CS32 [-R-]
SS =0018 00000000 ffffffff 00cf9300 DPL=0 DS   [-WA]
DS =0018 00000000 ffffffff 00cf9300 DPL=0 DS   [-WA]
FS =0018 00000000 ffffffff 00cf9300 DPL=0 DS   [-WA]
GS =0018 00000000 ffffffff 00cf9300 DPL=0 DS   [-WA]
LDT=0000 00000000 0000ffff 00008200 DPL=0 LDT
TR =0000 00000000 0000ffff 00008b00 DPL=0 TSS32-busy
GDT=     000010b0 00000020
IDT=     001295e0 000007ff
CR0=00000011 CR2=00000000 CR3=00000000 CR4=00000000
DR0=00000000 DR1=00000000 DR2=00000000 DR3=00000000 
DR6=ffff0ff0 DR7=00000400
CCS=00000095 CCD=ffffffed CCO=EFLAGS
EFER=0000000000000000
Servicing hardware INT=0x20
   155: v=20 e=0000 i=0 cpl=0 IP=0010:00100994 pc=00100994 SP=0018:001048d4 env->regs[R_EAX]=0000001c
EAX=0000001c EBX=0012dd00 ECX=00001900 EDX=00102844
ESI=001027c0 EDI=0012dd00 EBP=001048e4 ESP=001048d4
EIP=00100994 EFL=00000296 [--S-AP-] CPL=0 II=0 A20=1 SMM=0 HLT=0
ES =0018 00000000 ffffffff 00cf9300 DPL=0 DS   [-WA]
CS =0010 00000000 ffffffff 00cf9a00 DPL=0 CS32 [-R-]
SS =0018 00000000 ffffffff 00cf9300 DPL=0 DS   [-WA]
DS =0018 00000000 ffffffff 00cf9300 DPL=0 DS   [-WA]
FS =0018 00000000 ffffffff 00cf9300 DPL=0 DS   [-WA]
GS =0018 00000000 ffffffff 00cf9300 DPL=0 DS   [-WA]
LDT=0000 00000000 0000ffff 00008200 DPL=0 LDT
TR =0000 00000000 0000ffff 00008b00 DPL=0 TSS32-busy
GDT=     000010b0 00000020
IDT=     001295e0 000007ff
CR0=00000011 CR2=00000000 CR3=00000000 CR4=00000000
DR0=00000000 DR1=00000000 DR2=00000000 DR3=00000000 
DR6=ffff0ff0 DR7=00000400
CCS=00000094 CCD=ffffffff CCO=EFLAGS
EFER=0000000000000000
Servicing hardware INT=0x20
   156: v=20 e=0000 i=0 cpl=0 IP=0010:00101c7d pc=00101c7d SP=0018:0012dd20 env->regs[R_EAX]=00102844
EAX=00102844 EBX=00010000 ECX=000b8000 EDX=00000001
ESI=00000000 EDI=00000000 EBP=0012dd68 ESP=0012dd20
EIP=00101c7d EFL=00200246 [---Z-P-] CPL=0 II=0 A20=1 SMM=0 HLT=0
ES =0018 00000000 ffffffff 00cf9300 DPL=0 DS   [-WA]
CS =0010 00000000 ffffffff 00cf9a00 DPL=0 CS32 [-R-]
SS =0018 00000000 ffffffff 00cf9300 DPL=0 DS   [-WA]
DS =0018 00000000 ffffffff 00cf9300 DPL=0 DS   [-WA]
FS =0018 00000000 ffffffff 00cf9300 DPL=0 DS   [-WA]
GS =0018 00000000 ffffffff 00cf9300 DPL=0 DS   [-WA]
LDT=0000 00000000 0000ffff 00008200 DPL=0 LDT
TR =0000 00000000 0000ffff 00008b00 DPL=0 TSS32-busy
GDT=     000010b0 00000020
IDT=     001295e0 000007ff
CR0=00000011 CR2=00000000 CR3=00000000 CR4=00000000
DR0=00000000 DR1=00000000 DR2=00000000 DR3=00000000 
DR6=ffff0ff0 DR7=00000400
CCS=00000044 CCD=00000000 CCO=EFLAGS
EFER=0000000000000000
Servicing hardware INT=0x20
   157: v=20 e=0000 i=0 cpl=0 IP=0010:00101ef4 pc=00101ef4 SP=0018:00103c94 env->regs[R_EAX]=00000066
EAX=00000066 EBX=00100070 ECX=0000106a EDX=00004b72
ESI=0010006f EDI=00000000 EBP=00103cb4 ESP=00103c94
EIP=00101ef4 EFL=00000206 [-----P-] CPL=0 II=0 A20=1 SMM=0 HLT=0
ES =0018 00000000 ffffffff 00cf9300 DPL=0 DS   [-WA]
CS =0010 00000000 ffffffff 00cf9a00 DPL=0 CS32 [-R-]
SS =0018 00000000 ffffffff 00cf9300 DPL=0 DS   [-WA]
DS =0018 00000000 ffffffff 00cf9300 DPL=0 DS   [-WA]
FS =0018 00000000 ffffffff 00cf9300 DPL=0 DS   [-WA]
GS =0018 00000000 ffffffff 00cf9300 DPL=0 DS   [-WA]
LDT=0000 00000000 0000ffff 00008200 DPL=0 LDT
TR =0000 00000000 0000ffff 00008b00 DPL=0 TSS32-busy
GDT=     000010b0 00000020
IDT=     001295e0 000007ff
CR0=00000011 CR2=00000000 CR3=00000000 CR4=00000000
DR0=00000000 DR1=00000000 DR2=00000000 DR3=00000000 
DR6=ffff0ff0 DR7=00000400
CCS=00000004 CCD=00103ca0 CCO=EFLAGS
EFER=0000000000000000
Servicing hardware INT=0x20
   158: v=20 e=0000 i=0 cpl=0 IP=0010:00100994 pc=00100994 SP=0018:001048d4 env->regs[R_EAX]=0000001c
EAX=0000001c EBX=0012dd00 ECX=00001900 EDX=00102844
ESI=001027c0 EDI=0012dd00 EBP=001048e4 ESP=001048d4
EIP=00100994 EFL=00000296 [--S-AP-] CPL=0 II=0 A20=1 SMM=0 HLT=0
ES =0018 00000000 ffffffff 00cf9300 DPL=0 DS   [-WA]
CS =0010 00000000 ffffffff 00cf9a00 DPL=0 CS32 [-R-]
SS =0018 00000000 ffffffff 00cf9300 DPL=0 DS   [-WA]
DS =0018 00000000 ffffffff 00cf9300 DPL=0 DS   [-WA]
FS =0018 00000000 ffffffff 00cf9300 DPL=0 DS   [-WA]
GS =0018 00000000 ffffffff 00cf9300 DPL=0 DS   [-WA]
LDT=0000 00000000 0000ffff 00008200 DPL=0 LDT
TR =0000 00000000 0000ffff 00008b00 DPL=0 TSS32-busy
GDT=     000010b0 00000020
IDT=     001295e0 000007ff
CR0=00000011 CR2=00000000 CR3=00000000 CR4=00000000
DR0=00000000 DR1=00000000 DR2=00000000 DR3=00000000 
DR6=ffff0ff0 DR7=00000400
CCS=00000094 CCD=ffffffff CCO=EFLAGS
EFER=0000000000000000
Servicing hardware INT=0x20
   159: v=20 e=0000 i=0 cpl=0 IP=0010:001019b8 pc=001019b8 SP=0018:0012dd64 env->regs[R_EAX]=002f8004
EAX=002f8004 EBX=006e96c2 ECX=003029f4 EDX=fd1ca210
ESI=0012dd78 EDI=00000000 EBP=0012dd68 ESP=0012dd64
EIP=001019b8 EFL=00200202 [-------] CPL=0 II=0 A20=1 SMM=0 HLT=0
ES =0018 00000000 ffffffff 00cf9300 DPL=0 DS   [-WA]
CS =0010 00000000 ffffffff 00cf9a00 DPL=0 CS32 [-R-]
SS =0018 00000000 ffffffff 00cf9300 DPL=0 DS   [-WA]
DS =0018 00000000 ffffffff 00cf9300 DPL=0 DS   [-WA]
FS =0018 00000000 ffffffff 00cf9300 DPL=0 DS   [-WA]
GS =0018 00000000 ffffffff 00cf9300 DPL=0 DS   [-WA]
LDT=0000 00000000 0000ffff 00008200 DPL=0 LDT
TR =0000 00000000 0000ffff 00008b00 DPL=0 TSS32-busy
GDT=     000010b0 00000020
IDT=     001295e0 000007ff
CR0=00000011 CR2=00000000 CR3=00000000 CR4=00000000
DR0=00000000 DR1=00000000 DR2=00000000 DR3=00000000 
DR6=ffff0ff0 DR7=00000400
CCS=00000000 CCD=002f8004 CCO=EFLAGS
EFER=0000000000000000
Servicing hardware INT=0x20
   160: v=20 e=0000 i=0 cpl=0 IP=0010:00101196 pc=00101196 SP=0018:00103c44 env->regs[R_EAX]=000001d4
EAX=000001d4 EBX=00103d28 ECX=000003be EDX=0000e16f
ESI=00102844 EDI=0000000b EBP=00103c54 ESP=00103c44
EIP=00101196 EFL=00000283 [--S---C] CPL=0 II=0 A20=1 SMM=0 HLT=0
ES =0018 00000000 ffffffff 00cf9300 DPL=0 DS   [-WA]
CS =0010 00000000 ffffffff 00cf9a00 DPL=0 CS32 [-R-]
SS =0018 00000000 ffffffff 00cf9300 DPL=0 DS   [-WA]
DS =0018 00000000 ffffffff 00cf9300 DPL=0 DS   [-WA]
FS =0018 00000000 ffffffff 00cf9300 DPL=0 DS   [-WA]
GS =0018 00000000 ffffffff 00cf9300 DPL=0 DS   [-WA]
LDT=0000 00000000 0000ffff 00008200 DPL=0 LDT
TR =0000 00000000 0000ffff 00008b00 DPL=0 TSS32-busy
GDT=     000010b0 00000020
IDT=     001295e0 000007ff
CR0=00000011 CR2=00000000 CR3=00000000 CR4=00000000
DR0=00000000 DR1=00000000 DR2=00000000 DR3=00000000 
DR6=ffff0ff0 DR7=00000400
CCS=00000081 CCD=fffffff1 CCO=EFLAGS
EFER=0000000000000000
Servicing hardware INT=0x20
   161: v=20 e=0000 i=0 cpl=0 IP=0010:00100994 pc=00100994 SP=0018:001048d4 env->regs[R_EAX]=0000001c
EAX=0000001c EBX=0012dd00 ECX=00001900 EDX=00102844
ESI=001027c0 EDI=0012dd00 EBP=001048e4 ESP=001048d4
EIP=00100994 EFL=00000296 [--S-AP-] CPL=0 II=0 A20=1 SMM=0 HLT=0
ES =0018 00000000 ffffffff 00cf9300 DPL=0 DS   [-WA]
CS =0010 00000000 ffffffff 00cf9a00 DPL=0 CS32 [-R-]
SS =0018 00000000 ffffffff 00cf9300 DPL=0 DS   [-WA]
DS =0018 00000000 ffffffff 00cf9300 DPL=0 DS   [-WA]
FS =0018 00000000 ffffffff 00cf9300 DPL=0 DS   [-WA]
GS =0018 00000000 ffffffff 00cf9300 DPL=0 DS   [-WA]
LDT=0000 00000000 0000ffff 00008200 DPL=0 LDT
TR =0000 00000000 0000ffff 00008b00 DPL=0 TSS32-busy
GDT=     000010b0 00000020
IDT=     001295e0 000007ff
CR0=00000011 CR2=00000000 CR3=00000000 CR4=00000000
DR0=00000000 DR1=00000000 DR2=00000000 DR3=00000000 
DR6=ffff0ff0 DR7=00000400
CCS=00000094 CCD=ffffffff CCO=EFLAGS
EFER=0000000000000000
Servicing hardware INT=0x20
   162: v=20 e=0000 i=0 cpl=0 IP=0010:00101c7d pc=00101c7d SP=0018:0012dd20 env->regs[R_EAX]=00102844
EAX=00102844 EBX=00010000 ECX=000b8000 EDX=00000001
ESI=00000000 EDI=00000000 EBP=0012dd68 ESP=0012dd20
EIP=00101c7d EFL=00200246 [---Z-P-] CPL=0 II=0 A20=1 SMM=0 HLT=0
ES =0018 00000000 ffffffff 00cf9300 DPL=0 DS   [-WA]
CS =0010 00000000 ffffffff 00cf9a00 DPL=0 CS32 [-R-]
SS =0018 00000000 ffffffff 00cf9300 DPL=0 DS   [-WA]
DS =0018 00000000 ffffffff 00cf9300 DPL=0 DS   [-WA]
FS =0018 00000000 ffffffff 00cf9300 DPL=0 DS   [-WA]
GS =0018 00000000 ffffffff 00cf9300 DPL=0 DS   [-WA]
LDT=0000 00000000 0000ffff 00008200 DPL=0 LDT
TR =0000 00000000 0000ffff 00008b00 DPL=0 TSS32-busy
GDT=     000010b0 00000020
IDT=     001295e0 000007ff
CR0=00000011 CR2=00000000 CR3=00000000 CR4=00000000
DR0=00000000 DR1=00000000 DR2=00000000 DR3=00000000 
DR6=ffff0ff0 DR7=00000400
CCS=00000044 CCD=00000000 CCO=EFLAGS
EFER=0000000000000000
Servicing hardware INT=0x20
   163: v=20 e=0000 i=0 cpl=0 IP=0010:00101196 pc=00101196 SP=0018:00103c44 env->regs[R_EAX]=00000068
EAX=00000068 EBX=00103d28 ECX=000000d2 EDX=00006b20
ESI=00102844 EDI=00000001 EBP=00103c54 ESP=00103c44
EIP=00101196 EFL=00000297 [--S-APC] CPL=0 II=0 A20=1 SMM=0 HLT=0
ES =0018 00000000 ffffffff 00cf9300 DPL=0 DS   [-WA]
CS =0010 00000000 ffffffff 00cf9a00 DPL=0 CS32 [-R-]
SS =0018 00000000 ffffffff 00cf9300 DPL=0 DS   [-WA]
DS =0018 00000000 ffffffff 00cf9300 DPL=0 DS   [-WA]
FS =0018 00000000 ffffffff 00cf9300 DPL=0 DS   [-WA]
GS =0018 00000000 ffffffff 00cf9300 DPL=0 DS   [-WA]
LDT=0000 00000000 0000ffff 00008200 DPL=0 LDT
TR =0000 00000000 0000ffff 00008b00 DPL=0 TSS32-busy
GDT=     000010b0 00000020
IDT=     001295e0 000007ff
CR0=00000011 CR2=00000000 CR3=00000000 CR4=00000000
DR0=00000000 DR1=00000000 DR2=00000000 DR3=00000000 
DR6=ffff0ff0 DR7=00000400
CCS=00000095 CCD=ffffffe7 CCO=EFLAGS
EFER=0000000000000000
Servicing hardware INT=0x20
   164: v=20 e=0000 i=0 cpl=0 IP=0010:00100994 pc=00100994 SP=0018:001048d4 env->regs[R_EAX]=0000001c
EAX=0000001c EBX=0012dd00 ECX=00001900 EDX=00102844
ESI=001027c0 EDI=0012dd00 EBP=001048e4 ESP=001048d4
EIP=00100994 EFL=00000296 [--S-AP-] CPL=0 II=0 A20=1 SMM=0 HLT=0
ES =0018 00000000 ffffffff 00cf9300 DPL=0 DS   [-WA]
CS =0010 00000000 ffffffff 00cf9a00 DPL=0 CS32 [-R-]
SS =0018 00000000 ffffffff 00cf9300 DPL=0 DS   [-WA]
DS =0018 00000000 ffffffff 00cf9300 DPL=0 DS   [-WA]
FS =0018 00000000 ffffffff 00cf9300 DPL=0 DS   [-WA]
GS =0018 00000000 ffffffff 00cf9300 DPL=0 DS   [-WA]
LDT=0000 00000000 0000ffff 00008200 DPL=0 LDT
TR =0000 00000000 0000ffff 00008b00 DPL=0 TSS32-busy
GDT=     000010b0 00000020
IDT=     001295e0 000007ff
CR0=00000011 CR2=00000000 CR3=00000000 CR4=00000000
DR0=00000000 DR1=00000000 DR2=00000000 DR3=00000000 
DR6=ffff0ff0 DR7=00000400
CCS=00000094 CCD=ffffffff CCO=EFLAGS
EFER=0000000000000000
Servicing hardware INT=0x20
   165: v=20 e=0000 i=0 cpl=0 IP=0010:00101c7d pc=00101c7d SP=0018:0012dd20 env->regs[R_EAX]=00102844
EAX=00102844 EBX=00010000 ECX=000b8000 EDX=00000001
ESI=00000000 EDI=00000000 EBP=0012dd68 ESP=0012dd20
EIP=00101c7d EFL=00200246 [---Z-P-] CPL=0 II=0 A20=1 SMM=0 HLT=0
ES =0018 00000000 ffffffff 00cf9300 DPL=0 DS   [-WA]
CS =0010 00000000 ffffffff 00cf9a00 DPL=0 CS32 [-R-]
SS =0018 00000000 ffffffff 00cf9300 DPL=0 DS   [-WA]
DS =0018 00000000 ffffffff 00cf9300 DPL=0 DS   [-WA]
FS =0018 00000000 ffffffff 00cf9300 DPL=0 DS   [-WA]
GS =0018 00000000 ffffffff 00cf9300 DPL=0 DS   [-WA]
LDT=0000 00000000 0000ffff 00008200 DPL=0 LDT
TR =0000 00000000 0000ffff 00008b00 DPL=0 TSS32-busy
GDT=     000010b0 00000020
IDT=     001295e0 000007ff
CR0=00000011 CR2=00000000 CR3=00000000 CR4=00000000
DR0=00000000 DR1=00000000 DR2=00000000 DR3=00000000 
DR6=ffff0ff0 DR7=00000400
CCS=00000044 CCD=00000000 CCO=EFLAGS
EFER=0000000000000000
Servicing hardware INT=0x20
   166: v=20 e=0000 i=0 cpl=0 IP=0010:00101196 pc=00101196 SP=0018:00103c44 env->regs[R_EAX]=00000034
EAX=00000034 EBX=00103d28 ECX=00000092 EDX=0000ef6f
ESI=00102844 EDI=00000015 EBP=00103c54 ESP=00103c44
EIP=00101196 EFL=00000293 [--S-A-C] CPL=0 II=0 A20=1 SMM=0 HLT=0
ES =0018 00000000 ffffffff 00cf9300 DPL=0 DS   [-WA]
CS =0010 00000000 ffffffff 00cf9a00 DPL=0 CS32 [-R-]
SS =0018 00000000 ffffffff 00cf9300 DPL=0 DS   [-WA]
DS =0018 00000000 ffffffff 00cf9300 DPL=0 DS   [-WA]
FS =0018 00000000 ffffffff 00cf9300 DPL=0 DS   [-WA]
GS =0018 00000000 ffffffff 00cf9300 DPL=0 DS   [-WA]
LDT=0000 00000000 0000ffff 00008200 DPL=0 LDT
TR =0000 00000000 0000ffff 00008b00 DPL=0 TSS32-busy
GDT=     000010b0 00000020
IDT=     001295e0 000007ff
CR0=00000011 CR2=00000000 CR3=00000000 CR4=00000000
DR0=00000000 DR1=00000000 DR2=00000000 DR3=00000000 
DR6=ffff0ff0 DR7=00000400
CCS=00000091 CCD=fffffffb CCO=EFLAGS
EFER=0000000000000000
Servicing hardware INT=0x20
   167: v=20 e=0000 i=0 cpl=0 IP=0010:00100994 pc=00100994 SP=0018:001048d4 env->regs[R_EAX]=0000001c
EAX=0000001c EBX=0012dd00 ECX=00001900 EDX=00102844
ESI=001027c0 EDI=0012dd00 EBP=001048e4 ESP=001048d4
EIP=00100994 EFL=00000296 [--S-AP-] CPL=0 II=0 A20=1 SMM=0 HLT=0
ES =0018 00000000 ffffffff 00cf9300 DPL=0 DS   [-WA]
CS =0010 00000000 ffffffff 00cf9a00 DPL=0 CS32 [-R-]
SS =0018 00000000 ffffffff 00cf9300 DPL=0 DS   [-WA]
DS =0018 00000000 ffffffff 00cf9300 DPL=0 DS   [-WA]
FS =0018 00000000 ffffffff 00cf9300 DPL=0 DS   [-WA]
GS =0018 00000000 ffffffff 00cf9300 DPL=0 DS   [-WA]
LDT=0000 00000000 0000ffff 00008200 DPL=0 LDT
TR =0000 00000000 0000ffff 00008b00 DPL=0 TSS32-busy
GDT=     000010b0 00000020
IDT=     001295e0 000007ff
CR0=00000011 CR2=00000000 CR3=00000000 CR4=00000000
DR0=00000000 DR1=00000000 DR2=00000000 DR3=00000000 
DR6=ffff0ff0 DR7=00000400
CCS=00000094 CCD=ffffffff CCO=EFLAGS
EFER=0000000000000000
Servicing hardware INT=0x20
   168: v=20 e=0000 i=0 cpl=0 IP=0010:00101c7d pc=00101c7d SP=0018:0012dd20 env->regs[R_EAX]=00102844
EAX=00102844 EBX=00010000 ECX=000b8000 EDX=00000001
ESI=00000000 EDI=00000000 EBP=0012dd68 ESP=0012dd20
EIP=00101c7d EFL=00200246 [---Z-P-] CPL=0 II=0 A20=1 SMM=0 HLT=0
ES =0018 00000000 ffffffff 00cf9300 DPL=0 DS   [-WA]
CS =0010 00000000 ffffffff 00cf9a00 DPL=0 CS32 [-R-]
SS =0018 00000000 ffffffff 00cf9300 DPL=0 DS   [-WA]
DS =0018 00000000 ffffffff 00cf9300 DPL=0 DS   [-WA]
FS =0018 00000000 ffffffff 00cf9300 DPL=0 DS   [-WA]
GS =0018 00000000 ffffffff 00cf9300 DPL=0 DS   [-WA]
LDT=0000 00000000 0000ffff 00008200 DPL=0 LDT
TR =0000 00000000 0000ffff 00008b00 DPL=0 TSS32-busy
GDT=     000010b0 00000020
IDT=     001295e0 000007ff
CR0=00000011 CR2=00000000 CR3=00000000 CR4=00000000
DR0=00000000 DR1=00000000 DR2=00000000 DR3=00000000 
DR6=ffff0ff0 DR7=00000400
CCS=00000044 CCD=00000000 CCO=EFLAGS
EFER=0000000000000000
Servicing hardware INT=0x20
   169: v=20 e=0000 i=0 cpl=0 IP=0010:001012e3 pc=001012e3 SP=0018:00103c5c env->regs[R_EAX]=0000000c
EAX=0000000c EBX=001034e8 ECX=0000105a EDX=00007f72
ESI=00102880 EDI=00000072 EBP=00103c94 ESP=00103c5c
EIP=001012e3 EFL=00000246 [---Z-P-] CPL=0 II=0 A20=1 SMM=0 HLT=0
ES =0018 00000000 ffffffff 00cf9300 DPL=0 DS   [-WA]
CS =0010 00000000 ffffffff 00cf9a00 DPL=0 CS32 [-R-]
SS =0018 00000000 ffffffff 00cf9300 DPL=0 DS   [-WA]
DS =0018 00000000 ffffffff 00cf9300 DPL=0 DS   [-WA]
FS =0018 00000000 ffffffff 00cf9300 DPL=0 DS   [-WA]
GS =0018 00000000 ffffffff 00cf9300 DPL=0 DS   [-WA]
LDT=0000 00000000 0000ffff 00008200 DPL=0 LDT
TR =0000 00000000 0000ffff 00008b00 DPL=0 TSS32-busy
GDT=     000010b0 00000020
IDT=     001295e0 000007ff
CR0=00000011 CR2=00000000 CR3=00000000 CR4=00000000
DR0=00000000 DR1=00000000 DR2=00000000 DR3=00000000 
DR6=ffff0ff0 DR7=00000400
CCS=00000044 CCD=00000000 CCO=EFLAGS
EFER=0000000000000000
Servicing hardware INT=0x20
   170: v=20 e=0000 i=0 cpl=0 IP=0010:00100994 pc=00100994 SP=0018:001048d4 env->regs[R_EAX]=0000001c
EAX=0000001c EBX=0012dd00 ECX=00001900 EDX=00102844
ESI=001027c0 EDI=0012dd00 EBP=001048e4 ESP=001048d4
EIP=00100994 EFL=00000296 [--S-AP-] CPL=0 II=0 A20=1 SMM=0 HLT=0
ES =0018 00000000 ffffffff 00cf9300 DPL=0 DS   [-WA]
CS =0010 00000000 ffffffff 00cf9a00 DPL=0 CS32 [-R-]
SS =0018 00000000 ffffffff 00cf9300 DPL=0 DS   [-WA]
DS =0018 00000000 ffffffff 00cf9300 DPL=0 DS   [-WA]
FS =0018 00000000 ffffffff 00cf9300 DPL=0 DS   [-WA]
GS =0018 00000000 ffffffff 00cf9300 DPL=0 DS   [-WA]
LDT=0000 00000000 0000ffff 00008200 DPL=0 LDT
TR =0000 00000000 0000ffff 00008b00 DPL=0 TSS32-busy
GDT=     000010b0 00000020
IDT=     001295e0 000007ff
CR0=00000011 CR2=00000000 CR3=00000000 CR4=00000000
DR0=00000000 DR1=00000000 DR2=00000000 DR3=00000000 
DR6=ffff0ff0 DR7=00000400
CCS=00000094 CCD=ffffffff CCO=EFLAGS
EFER=0000000000000000
Servicing hardware INT=0x20
   171: v=20 e=0000 i=0 cpl=0 IP=0010:00101c44 pc=00101c44 SP=0018:0012dd20 env->regs[R_EAX]=00102844
EAX=00102844 EBX=00010000 ECX=00075300 EDX=000136b8
ESI=0012ddf4 EDI=00000000 EBP=0012dd68 ESP=0012dd20
EIP=00101c44 EFL=00200207 [-----PC] CPL=0 II=0 A20=1 SMM=0 HLT=0
ES =0018 00000000 ffffffff 00cf9300 DPL=0 DS   [-WA]
CS =0010 00000000 ffffffff 00cf9a00 DPL=0 CS32 [-R-]
SS =0018 00000000 ffffffff 00cf9300 DPL=0 DS   [-WA]
DS =0018 00000000 ffffffff 00cf9300 DPL=0 DS   [-WA]
FS =0018 00000000 ffffffff 00cf9300 DPL=0 DS   [-WA]
GS =0018 00000000 ffffffff 00cf9300 DPL=0 DS   [-WA]
LDT=0000 00000000 0000ffff 00008200 DPL=0 LDT
TR =0000 00000000 0000ffff 00008b00 DPL=0 TSS32-busy
GDT=     000010b0 00000020
IDT=     001295e0 000007ff
CR0=00000011 CR2=00000000 CR3=00000000 CR4=00000000
DR0=00000000 DR1=00000000 DR2=00000000 DR3=00000000 
DR6=ffff0ff0 DR7=00000400
CCS=00000005 CCD=000136b8 CCO=EFLAGS
EFER=0000000000000000
Servicing hardware INT=0x20
   172: v=20 e=0000 i=0 cpl=0 IP=0010:001011a8 pc=001011a8 SP=0018:00103c44 env->regs[R_EAX]=000000b6
EAX=000000b6 EBX=00103d28 ECX=000001a0 EDX=00004120
ESI=00102844 EDI=0000001a EBP=00103c54 ESP=00103c44
EIP=001011a8 EFL=00000246 [---Z-P-] CPL=0 II=0 A20=1 SMM=0 HLT=0
ES =0018 00000000 ffffffff 00cf9300 DPL=0 DS   [-WA]
CS =0010 00000000 ffffffff 00cf9a00 DPL=0 CS32 [-R-]
SS =0018 00000000 ffffffff 00cf9300 DPL=0 DS   [-WA]
DS =0018 00000000 ffffffff 00cf9300 DPL=0 DS   [-WA]
FS =0018 00000000 ffffffff 00cf9300 DPL=0 DS   [-WA]
GS =0018 00000000 ffffffff 00cf9300 DPL=0 DS   [-WA]
LDT=0000 00000000 0000ffff 00008200 DPL=0 LDT
TR =0000 00000000 0000ffff 00008b00 DPL=0 TSS32-busy
GDT=     000010b0 00000020
IDT=     001295e0 000007ff
CR0=00000011 CR2=00000000 CR3=00000000 CR4=00000000
DR0=00000000 DR1=00000000 DR2=00000000 DR3=00000000 
DR6=ffff0ff0 DR7=00000400
CCS=00000044 CCD=00000000 CCO=EFLAGS
EFER=0000000000000000
Servicing hardware INT=0x20
   173: v=20 e=0000 i=0 cpl=0 IP=0010:00100994 pc=00100994 SP=0018:001048d4 env->regs[R_EAX]=0000001c
EAX=0000001c EBX=0012dd00 ECX=00001900 EDX=00102844
ESI=001027c0 EDI=0012dd00 EBP=001048e4 ESP=001048d4
EIP=00100994 EFL=00000296 [--S-AP-] CPL=0 II=0 A20=1 SMM=0 HLT=0
ES =0018 00000000 ffffffff 00cf9300 DPL=0 DS   [-WA]
CS =0010 00000000 ffffffff 00cf9a00 DPL=0 CS32 [-R-]
SS =0018 00000000 ffffffff 00cf9300 DPL=0 DS   [-WA]
DS =0018 00000000 ffffffff 00cf9300 DPL=0 DS   [-WA]
FS =0018 00000000 ffffffff 00cf9300 DPL=0 DS   [-WA]
GS =0018 00000000 ffffffff 00cf9300 DPL=0 DS   [-WA]
LDT=0000 00000000 0000ffff 00008200 DPL=0 LDT
TR =0000 00000000 0000ffff 00008b00 DPL=0 TSS32-busy
GDT=     000010b0 00000020
IDT=     001295e0 000007ff
CR0=00000011 CR2=00000000 CR3=00000000 CR4=00000000
DR0=00000000 DR1=00000000 DR2=00000000 DR3=00000000 
DR6=ffff0ff0 DR7=00000400
CCS=00000094 CCD=ffffffff CCO=EFLAGS
EFER=0000000000000000
Servicing hardware INT=0x20
   174: v=20 e=0000 i=0 cpl=0 IP=0010:001016ae pc=001016ae SP=0018:0012dc9c env->regs[R_EAX]=0000a980
EAX=0000a980 EBX=00000320 ECX=00000008 EDX=00000006
ESI=00000001 EDI=00157774 EBP=0012dcc8 ESP=0012dc9c
EIP=001016ae EFL=00200293 [--S-A-C] CPL=0 II=0 A20=1 SMM=0 HLT=0
ES =0018 00000000 ffffffff 00cf9300 DPL=0 DS   [-WA]
CS =0010 00000000 ffffffff 00cf9a00 DPL=0 CS32 [-R-]
SS =0018 00000000 ffffffff 00cf9300 DPL=0 DS   [-WA]
DS =0018 00000000 ffffffff 00cf9300 DPL=0 DS   [-WA]
FS =0018 00000000 ffffffff 00cf9300 DPL=0 DS   [-WA]
GS =0018 00000000 ffffffff 00cf9300 DPL=0 DS   [-WA]
LDT=0000 00000000 0000ffff 00008200 DPL=0 LDT
TR =0000 00000000 0000ffff 00008b00 DPL=0 TSS32-busy
GDT=     000010b0 00000020
IDT=     001295e0 000007ff
CR0=00000011 CR2=00000000 CR3=00000000 CR4=00000000
DR0=00000000 DR1=00000000 DR2=00000000 DR3=00000000 
DR6=ffff0ff0 DR7=00000400
CCS=00000091 CCD=fffffffe CCO=EFLAGS
EFER=0000000000000000
Servicing hardware INT=0x20
   175: v=20 e=0000 i=0 cpl=0 IP=0010:00101196 pc=00101196 SP=0018:00103c44 env->regs[R_EAX]=00000104
EAX=00000104 EBX=00103d28 ECX=00000236 EDX=00006166
ESI=00102844 EDI=00000017 EBP=00103c54 ESP=00103c44
EIP=00101196 EFL=00000293 [--S-A-C] CPL=0 II=0 A20=1 SMM=0 HLT=0
ES =0018 00000000 ffffffff 00cf9300 DPL=0 DS   [-WA]
CS =0010 00000000 ffffffff 00cf9a00 DPL=0 CS32 [-R-]
SS =0018 00000000 ffffffff 00cf9300 DPL=0 DS   [-WA]
DS =0018 00000000 ffffffff 00cf9300 DPL=0 DS   [-WA]
FS =0018 00000000 ffffffff 00cf9300 DPL=0 DS   [-WA]
GS =0018 00000000 ffffffff 00cf9300 DPL=0 DS   [-WA]
LDT=0000 00000000 0000ffff 00008200 DPL=0 LDT
TR =0000 00000000 0000ffff 00008b00 DPL=0 TSS32-busy
GDT=     000010b0 00000020
IDT=     001295e0 000007ff
CR0=00000011 CR2=00000000 CR3=00000000 CR4=00000000
DR0=00000000 DR1=00000000 DR2=00000000 DR3=00000000 
DR6=ffff0ff0 DR7=00000400
CCS=00000091 CCD=fffffffd CCO=EFLAGS
EFER=0000000000000000
Servicing hardware INT=0x20
   176: v=20 e=0000 i=0 cpl=0 IP=0010:00100994 pc=00100994 SP=0018:001048d4 env->regs[R_EAX]=0000001c
EAX=0000001c EBX=0012dd00 ECX=00001900 EDX=00102844
ESI=001027c0 EDI=0012dd00 EBP=001048e4 ESP=001048d4
EIP=00100994 EFL=00000296 [--S-AP-] CPL=0 II=0 A20=1 SMM=0 HLT=0
ES =0018 00000000 ffffffff 00cf9300 DPL=0 DS   [-WA]
CS =0010 00000000 ffffffff 00cf9a00 DPL=0 CS32 [-R-]
SS =0018 00000000 ffffffff 00cf9300 DPL=0 DS   [-WA]
DS =0018 00000000 ffffffff 00cf9300 DPL=0 DS   [-WA]
FS =0018 00000000 ffffffff 00cf9300 DPL=0 DS   [-WA]
GS =0018 00000000 ffffffff 00cf9300 DPL=0 DS   [-WA]
LDT=0000 00000000 0000ffff 00008200 DPL=0 LDT
TR =0000 00000000 0000ffff 00008b00 DPL=0 TSS32-busy
GDT=     000010b0 00000020
IDT=     001295e0 000007ff
CR0=00000011 CR2=00000000 CR3=00000000 CR4=00000000
DR0=00000000 DR1=00000000 DR2=00000000 DR3=00000000 
DR6=ffff0ff0 DR7=00000400
CCS=00000094 CCD=ffffffff CCO=EFLAGS
EFER=0000000000000000
Servicing hardware INT=0x20
   177: v=20 e=0000 i=0 cpl=0 IP=0010:001019b8 pc=001019b8 SP=0018:0012dd64 env->regs[R_EAX]=002431d0
EAX=002431d0 EBX=006e96c2 ECX=003029f4 EDX=fd1153dc
ESI=0012dd78 EDI=00000000 EBP=0012dd68 ESP=0012dd64
EIP=001019b8 EFL=00200212 [----A--] CPL=0 II=0 A20=1 SMM=0 HLT=0
ES =0018 00000000 ffffffff 00cf9300 DPL=0 DS   [-WA]
CS =0010 00000000 ffffffff 00cf9a00 DPL=0 CS32 [-R-]
SS =0018 00000000 ffffffff 00cf9300 DPL=0 DS   [-WA]
DS =0018 00000000 ffffffff 00cf9300 DPL=0 DS   [-WA]
FS =0018 00000000 ffffffff 00cf9300 DPL=0 DS   [-WA]
GS =0018 00000000 ffffffff 00cf9300 DPL=0 DS   [-WA]
LDT=0000 00000000 0000ffff 00008200 DPL=0 LDT
TR =0000 00000000 0000ffff 00008b00 DPL=0 TSS32-busy
GDT=     000010b0 00000020
IDT=     001295e0 000007ff
CR0=00000011 CR2=00000000 CR3=00000000 CR4=00000000
DR0=00000000 DR1=00000000 DR2=00000000 DR3=00000000 
DR6=ffff0ff0 DR7=00000400
CCS=00000010 CCD=002431d0 CCO=EFLAGS
EFER=0000000000000000
Servicing hardware INT=0x20
   178: v=20 e=0000 i=0 cpl=0 IP=0010:00101196 pc=00101196 SP=0018:00103c44 env->regs[R_EAX]=00000068
EAX=00000068 EBX=00103d28 ECX=000000d4 EDX=0000636f
ESI=00102844 EDI=00000002 EBP=00103c54 ESP=00103c44
EIP=00101196 EFL=00000297 [--S-APC] CPL=0 II=0 A20=1 SMM=0 HLT=0
ES =0018 00000000 ffffffff 00cf9300 DPL=0 DS   [-WA]
CS =0010 00000000 ffffffff 00cf9a00 DPL=0 CS32 [-R-]
SS =0018 00000000 ffffffff 00cf9300 DPL=0 DS   [-WA]
DS =0018 00000000 ffffffff 00cf9300 DPL=0 DS   [-WA]
FS =0018 00000000 ffffffff 00cf9300 DPL=0 DS   [-WA]
GS =0018 00000000 ffffffff 00cf9300 DPL=0 DS   [-WA]
LDT=0000 00000000 0000ffff 00008200 DPL=0 LDT
TR =0000 00000000 0000ffff 00008b00 DPL=0 TSS32-busy
GDT=     000010b0 00000020
IDT=     001295e0 000007ff
CR0=00000011 CR2=00000000 CR3=00000000 CR4=00000000
DR0=00000000 DR1=00000000 DR2=00000000 DR3=00000000 
DR6=ffff0ff0 DR7=00000400
CCS=00000095 CCD=ffffffe8 CCO=EFLAGS
EFER=0000000000000000
Servicing hardware INT=0x20
   179: v=20 e=0000 i=0 cpl=0 IP=0010:00100994 pc=00100994 SP=0018:001048d4 env->regs[R_EAX]=0000001c
EAX=0000001c EBX=0012dd00 ECX=00001900 EDX=00102844
ESI=001027c0 EDI=0012dd00 EBP=001048e4 ESP=001048d4
EIP=00100994 EFL=00000296 [--S-AP-] CPL=0 II=0 A20=1 SMM=0 HLT=0
ES =0018 00000000 ffffffff 00cf9300 DPL=0 DS   [-WA]
CS =0010 00000000 ffffffff 00cf9a00 DPL=0 CS32 [-R-]
SS =0018 00000000 ffffffff 00cf9300 DPL=0 DS   [-WA]
DS =0018 00000000 ffffffff 00cf9300 DPL=0 DS   [-WA]
FS =0018 00000000 ffffffff 00cf9300 DPL=0 DS   [-WA]
GS =0018 00000000 ffffffff 00cf9300 DPL=0 DS   [-WA]
LDT=0000 00000000 0000ffff 00008200 DPL=0 LDT
TR =0000 00000000 0000ffff 00008b00 DPL=0 TSS32-busy
GDT=     000010b0 00000020
IDT=     001295e0 000007ff
CR0=00000011 CR2=00000000 CR3=00000000 CR4=00000000
DR0=00000000 DR1=00000000 DR2=00000000 DR3=00000000 
DR6=ffff0ff0 DR7=00000400
CCS=00000094 CCD=ffffffff CCO=EFLAGS
EFER=0000000000000000
Servicing hardware INT=0x20
   180: v=20 e=0000 i=0 cpl=0 IP=0010:00101c7d pc=00101c7d SP=0018:0012dd20 env->regs[R_EAX]=00102844
EAX=00102844 EBX=00010000 ECX=000b8000 EDX=00000001
ESI=00000000 EDI=00000000 EBP=0012dd68 ESP=0012dd20
EIP=00101c7d EFL=00200246 [---Z-P-] CPL=0 II=0 A20=1 SMM=0 HLT=0
ES =0018 00000000 ffffffff 00cf9300 DPL=0 DS   [-WA]
CS =0010 00000000 ffffffff 00cf9a00 DPL=0 CS32 [-R-]
SS =0018 00000000 ffffffff 00cf9300 DPL=0 DS   [-WA]
DS =0018 00000000 ffffffff 00cf9300 DPL=0 DS   [-WA]
FS =0018 00000000 ffffffff 00cf9300 DPL=0 DS   [-WA]
GS =0018 00000000 ffffffff 00cf9300 DPL=0 DS   [-WA]
LDT=0000 00000000 0000ffff 00008200 DPL=0 LDT
TR =0000 00000000 0000ffff 00008b00 DPL=0 TSS32-busy
GDT=     000010b0 00000020
IDT=     001295e0 000007ff
CR0=00000011 CR2=00000000 CR3=00000000 CR4=00000000
DR0=00000000 DR1=00000000 DR2=00000000 DR3=00000000 
DR6=ffff0ff0 DR7=00000400
CCS=00000044 CCD=00000000 CCO=EFLAGS
EFER=0000000000000000
Servicing hardware INT=0x20
   181: v=20 e=0000 i=0 cpl=0 IP=0010:00101196 pc=00101196 SP=0018:00103c44 env->regs[R_EAX]=0000009c
EAX=0000009c EBX=00103d28 ECX=00000160 EDX=0000e16f
ESI=00102844 EDI=00000014 EBP=00103c54 ESP=00103c44
EIP=00101196 EFL=00000297 [--S-APC] CPL=0 II=0 A20=1 SMM=0 HLT=0
ES =0018 00000000 ffffffff 00cf9300 DPL=0 DS   [-WA]
CS =0010 00000000 ffffffff 00cf9a00 DPL=0 CS32 [-R-]
SS =0018 00000000 ffffffff 00cf9300 DPL=0 DS   [-WA]
DS =0018 00000000 ffffffff 00cf9300 DPL=0 DS   [-WA]
FS =0018 00000000 ffffffff 00cf9300 DPL=0 DS   [-WA]
GS =0018 00000000 ffffffff 00cf9300 DPL=0 DS   [-WA]
LDT=0000 00000000 0000ffff 00008200 DPL=0 LDT
TR =0000 00000000 0000ffff 00008b00 DPL=0 TSS32-busy
GDT=     000010b0 00000020
IDT=     001295e0 000007ff
CR0=00000011 CR2=00000000 CR3=00000000 CR4=00000000
DR0=00000000 DR1=00000000 DR2=00000000 DR3=00000000 
DR6=ffff0ff0 DR7=00000400
CCS=00000095 CCD=fffffffa CCO=EFLAGS
EFER=0000000000000000
Servicing hardware INT=0x20
   182: v=20 e=0000 i=0 cpl=0 IP=0010:00100994 pc=00100994 SP=0018:001048d4 env->regs[R_EAX]=0000001c
EAX=0000001c EBX=0012dd00 ECX=00001900 EDX=00102844
ESI=001027c0 EDI=0012dd00 EBP=001048e4 ESP=001048d4
EIP=00100994 EFL=00000296 [--S-AP-] CPL=0 II=0 A20=1 SMM=0 HLT=0
ES =0018 00000000 ffffffff 00cf9300 DPL=0 DS   [-WA]
CS =0010 00000000 ffffffff 00cf9a00 DPL=0 CS32 [-R-]
SS =0018 00000000 ffffffff 00cf9300 DPL=0 DS   [-WA]
DS =0018 00000000 ffffffff 00cf9300 DPL=0 DS   [-WA]
FS =0018 00000000 ffffffff 00cf9300 DPL=0 DS   [-WA]
GS =0018 00000000 ffffffff 00cf9300 DPL=0 DS   [-WA]
LDT=0000 00000000 0000ffff 00008200 DPL=0 LDT
TR =0000 00000000 0000ffff 00008b00 DPL=0 TSS32-busy
GDT=     000010b0 00000020
IDT=     001295e0 000007ff
CR0=00000011 CR2=00000000 CR3=00000000 CR4=00000000
DR0=00000000 DR1=00000000 DR2=00000000 DR3=00000000 
DR6=ffff0ff0 DR7=00000400
CCS=00000094 CCD=ffffffff CCO=EFLAGS
EFER=0000000000000000
Servicing hardware INT=0x20
   183: v=20 e=0000 i=0 cpl=0 IP=0010:00101c7d pc=00101c7d SP=0018:0012dd20 env->regs[R_EAX]=00102844
EAX=00102844 EBX=00010000 ECX=000b8000 EDX=00000001
ESI=00000000 EDI=00000000 EBP=0012dd68 ESP=0012dd20
EIP=00101c7d EFL=00200246 [---Z-P-] CPL=0 II=0 A20=1 SMM=0 HLT=0
ES =0018 00000000 ffffffff 00cf9300 DPL=0 DS   [-WA]
CS =0010 00000000 ffffffff 00cf9a00 DPL=0 CS32 [-R-]
SS =0018 00000000 ffffffff 00cf9300 DPL=0 DS   [-WA]
DS =0018 00000000 ffffffff 00cf9300 DPL=0 DS   [-WA]
FS =0018 00000000 ffffffff 00cf9300 DPL=0 DS   [-WA]
GS =0018 00000000 ffffffff 00cf9300 DPL=0 DS   [-WA]
LDT=0000 00000000 0000ffff 00008200 DPL=0 LDT
TR =0000 00000000 0000ffff 00008b00 DPL=0 TSS32-busy
GDT=     000010b0 00000020
IDT=     001295e0 000007ff
CR0=00000011 CR2=00000000 CR3=00000000 CR4=00000000
DR0=00000000 DR1=00000000 DR2=00000000 DR3=00000000 
DR6=ffff0ff0 DR7=00000400
CCS=00000044 CCD=00000000 CCO=EFLAGS
EFER=0000000000000000
Servicing hardware INT=0x20
   184: v=20 e=0000 i=0 cpl=0 IP=0010:001012f3 pc=001012f3 SP=0018:00103cac env->regs[R_EAX]=00000003
EAX=00000003 EBX=00100076 ECX=00001048 EDX=0000cd72
ESI=0010006f EDI=00000000 EBP=00103cb4 ESP=00103cac
EIP=001012f3 EFL=00000206 [-----P-] CPL=0 II=0 A20=1 SMM=0 HLT=0
ES =0018 00000000 ffffffff 00cf9300 DPL=0 DS   [-WA]
CS =0010 00000000 ffffffff 00cf9a00 DPL=0 CS32 [-R-]
SS =0018 00000000 ffffffff 00cf9300 DPL=0 DS   [-WA]
DS =0018 00000000 ffffffff 00cf9300 DPL=0 DS   [-WA]
FS =0018 00000000 ffffffff 00cf9300 DPL=0 DS   [-WA]
GS =0018 00000000 ffffffff 00cf9300 DPL=0 DS   [-WA]
LDT=0000 00000000 0000ffff 00008200 DPL=0 LDT
TR =0000 00000000 0000ffff 00008b00 DPL=0 TSS32-busy
GDT=     000010b0 00000020
IDT=     001295e0 000007ff
CR0=00000011 CR2=00000000 CR3=00000000 CR4=00000000
DR0=00000000 DR1=00000000 DR2=00000000 DR3=00000000 
DR6=ffff0ff0 DR7=00000400
CCS=00000004 CCD=00103cac CCO=EFLAGS
EFER=0000000000000000
Servicing hardware INT=0x20
   185: v=20 e=0000 i=0 cpl=0 IP=0010:00100994 pc=00100994 SP=0018:001048d4 env->regs[R_EAX]=0000001c
EAX=0000001c EBX=0012dd00 ECX=00001900 EDX=00102844
ESI=001027c0 EDI=0012dd00 EBP=001048e4 ESP=001048d4
EIP=00100994 EFL=00000296 [--S-AP-] CPL=0 II=0 A20=1 SMM=0 HLT=0
ES =0018 00000000 ffffffff 00cf9300 DPL=0 DS   [-WA]
CS =0010 00000000 ffffffff 00cf9a00 DPL=0 CS32 [-R-]
SS =0018 00000000 ffffffff 00cf9300 DPL=0 DS   [-WA]
DS =0018 00000000 ffffffff 00cf9300 DPL=0 DS   [-WA]
FS =0018 00000000 ffffffff 00cf9300 DPL=0 DS   [-WA]
GS =0018 00000000 ffffffff 00cf9300 DPL=0 DS   [-WA]
LDT=0000 00000000 0000ffff 00008200 DPL=0 LDT
TR =0000 00000000 0000ffff 00008b00 DPL=0 TSS32-busy
GDT=     000010b0 00000020
IDT=     001295e0 000007ff
CR0=00000011 CR2=00000000 CR3=00000000 CR4=00000000
DR0=00000000 DR1=00000000 DR2=00000000 DR3=00000000 
DR6=ffff0ff0 DR7=00000400
CCS=00000094 CCD=ffffffff CCO=EFLAGS
EFER=0000000000000000
Servicing hardware INT=0x20
   186: v=20 e=0000 i=0 cpl=0 IP=0010:00101c7d pc=00101c7d SP=0018:0012dd20 env->regs[R_EAX]=00102844
EAX=00102844 EBX=00010000 ECX=000b8000 EDX=00000001
ESI=00000000 EDI=00000000 EBP=0012dd68 ESP=0012dd20
EIP=00101c7d EFL=00200246 [---Z-P-] CPL=0 II=0 A20=1 SMM=0 HLT=0
ES =0018 00000000 ffffffff 00cf9300 DPL=0 DS   [-WA]
CS =0010 00000000 ffffffff 00cf9a00 DPL=0 CS32 [-R-]
SS =0018 00000000 ffffffff 00cf9300 DPL=0 DS   [-WA]
DS =0018 00000000 ffffffff 00cf9300 DPL=0 DS   [-WA]
FS =0018 00000000 ffffffff 00cf9300 DPL=0 DS   [-WA]
GS =0018 00000000 ffffffff 00cf9300 DPL=0 DS   [-WA]
LDT=0000 00000000 0000ffff 00008200 DPL=0 LDT
TR =0000 00000000 0000ffff 00008b00 DPL=0 TSS32-busy
GDT=     000010b0 00000020
IDT=     001295e0 000007ff
CR0=00000011 CR2=00000000 CR3=00000000 CR4=00000000
DR0=00000000 DR1=00000000 DR2=00000000 DR3=00000000 
DR6=ffff0ff0 DR7=00000400
CCS=00000044 CCD=00000000 CCO=EFLAGS
EFER=0000000000000000
Servicing hardware INT=0x20
   187: v=20 e=0000 i=0 cpl=0 IP=0010:00101196 pc=00101196 SP=0018:00103c44 env->regs[R_EAX]=000000d0
EAX=000000d0 EBX=00103d28 ECX=000001ac EDX=0000516f
ESI=00102844 EDI=00000006 EBP=00103c54 ESP=00103c44
EIP=00101196 EFL=00000293 [--S-A-C] CPL=0 II=0 A20=1 SMM=0 HLT=0
ES =0018 00000000 ffffffff 00cf9300 DPL=0 DS   [-WA]
CS =0010 00000000 ffffffff 00cf9a00 DPL=0 CS32 [-R-]
SS =0018 00000000 ffffffff 00cf9300 DPL=0 DS   [-WA]
DS =0018 00000000 ffffffff 00cf9300 DPL=0 DS   [-WA]
FS =0018 00000000 ffffffff 00cf9300 DPL=0 DS   [-WA]
GS =0018 00000000 ffffffff 00cf9300 DPL=0 DS   [-WA]
LDT=0000 00000000 0000ffff 00008200 DPL=0 LDT
TR =0000 00000000 0000ffff 00008b00 DPL=0 TSS32-busy
GDT=     000010b0 00000020
IDT=     001295e0 000007ff
CR0=00000011 CR2=00000000 CR3=00000000 CR4=00000000
DR0=00000000 DR1=00000000 DR2=00000000 DR3=00000000 
DR6=ffff0ff0 DR7=00000400
CCS=00000091 CCD=ffffffec CCO=EFLAGS
EFER=0000000000000000
Servicing hardware INT=0x20
   188: v=20 e=0000 i=0 cpl=0 IP=0010:00100994 pc=00100994 SP=0018:001048d4 env->regs[R_EAX]=0000001c
EAX=0000001c EBX=0012dd00 ECX=00001900 EDX=00102844
ESI=001027c0 EDI=0012dd00 EBP=001048e4 ESP=001048d4
EIP=00100994 EFL=00000296 [--S-AP-] CPL=0 II=0 A20=1 SMM=0 HLT=0
ES =0018 00000000 ffffffff 00cf9300 DPL=0 DS   [-WA]
CS =0010 00000000 ffffffff 00cf9a00 DPL=0 CS32 [-R-]
SS =0018 00000000 ffffffff 00cf9300 DPL=0 DS   [-WA]
DS =0018 00000000 ffffffff 00cf9300 DPL=0 DS   [-WA]
FS =0018 00000000 ffffffff 00cf9300 DPL=0 DS   [-WA]
GS =0018 00000000 ffffffff 00cf9300 DPL=0 DS   [-WA]
LDT=0000 00000000 0000ffff 00008200 DPL=0 LDT
TR =0000 00000000 0000ffff 00008b00 DPL=0 TSS32-busy
GDT=     000010b0 00000020
IDT=     001295e0 000007ff
CR0=00000011 CR2=00000000 CR3=00000000 CR4=00000000
DR0=00000000 DR1=00000000 DR2=00000000 DR3=00000000 
DR6=ffff0ff0 DR7=00000400
CCS=00000094 CCD=ffffffff CCO=EFLAGS
EFER=0000000000000000
Servicing hardware INT=0x20
   189: v=20 e=0000 i=0 cpl=0 IP=0010:00101c7d pc=00101c7d SP=0018:0012dd20 env->regs[R_EAX]=00102844
EAX=00102844 EBX=00010000 ECX=000b8000 EDX=00000001
ESI=00000000 EDI=00000000 EBP=0012dd68 ESP=0012dd20
EIP=00101c7d EFL=00200246 [---Z-P-] CPL=0 II=0 A20=1 SMM=0 HLT=0
ES =0018 00000000 ffffffff 00cf9300 DPL=0 DS   [-WA]
CS =0010 00000000 ffffffff 00cf9a00 DPL=0 CS32 [-R-]
SS =0018 00000000 ffffffff 00cf9300 DPL=0 DS   [-WA]
DS =0018 00000000 ffffffff 00cf9300 DPL=0 DS   [-WA]
FS =0018 00000000 ffffffff 00cf9300 DPL=0 DS   [-WA]
GS =0018 00000000 ffffffff 00cf9300 DPL=0 DS   [-WA]
LDT=0000 00000000 0000ffff 00008200 DPL=0 LDT
TR =0000 00000000 0000ffff 00008b00 DPL=0 TSS32-busy
GDT=     000010b0 00000020
IDT=     001295e0 000007ff
CR0=00000011 CR2=00000000 CR3=00000000 CR4=00000000
DR0=00000000 DR1=00000000 DR2=00000000 DR3=00000000 
DR6=ffff0ff0 DR7=00000400
CCS=00000044 CCD=00000000 CCO=EFLAGS
EFER=0000000000000000
Servicing hardware INT=0x20
   190: v=20 e=0000 i=0 cpl=0 IP=0010:00101304 pc=00101304 SP=0018:00103c9c env->regs[R_EAX]=0000000e
EAX=0000000e EBX=00100070 ECX=0000105e EDX=00009b66
ESI=0010006f EDI=00000000 EBP=00103cb4 ESP=00103c9c
EIP=00101304 EFL=00000246 [---Z-P-] CPL=0 II=0 A20=1 SMM=0 HLT=0
ES =0018 00000000 ffffffff 00cf9300 DPL=0 DS   [-WA]
CS =0010 00000000 ffffffff 00cf9a00 DPL=0 CS32 [-R-]
SS =0018 00000000 ffffffff 00cf9300 DPL=0 DS   [-WA]
DS =0018 00000000 ffffffff 00cf9300 DPL=0 DS   [-WA]
FS =0018 00000000 ffffffff 00cf9300 DPL=0 DS   [-WA]
GS =0018 00000000 ffffffff 00cf9300 DPL=0 DS   [-WA]
LDT=0000 00000000 0000ffff 00008200 DPL=0 LDT
TR =0000 00000000 0000ffff 00008b00 DPL=0 TSS32-busy
GDT=     000010b0 00000020
IDT=     001295e0 000007ff
CR0=00000011 CR2=00000000 CR3=00000000 CR4=00000000
DR0=00000000 DR1=00000000 DR2=00000000 DR3=00000000 
DR6=ffff0ff0 DR7=00000400
CCS=00000044 CCD=00000000 CCO=EFLAGS
EFER=0000000000000000
Servicing hardware INT=0x20
   191: v=20 e=0000 i=0 cpl=0 IP=0010:00100994 pc=00100994 SP=0018:001048d4 env->regs[R_EAX]=0000001c
EAX=0000001c EBX=0012dd00 ECX=00001900 EDX=00102844
ESI=001027c0 EDI=0012dd00 EBP=001048e4 ESP=001048d4
EIP=00100994 EFL=00000296 [--S-AP-] CPL=0 II=0 A20=1 SMM=0 HLT=0
ES =0018 00000000 ffffffff 00cf9300 DPL=0 DS   [-WA]
CS =0010 00000000 ffffffff 00cf9a00 DPL=0 CS32 [-R-]
SS =0018 00000000 ffffffff 00cf9300 DPL=0 DS   [-WA]
DS =0018 00000000 ffffffff 00cf9300 DPL=0 DS   [-WA]
FS =0018 00000000 ffffffff 00cf9300 DPL=0 DS   [-WA]
GS =0018 00000000 ffffffff 00cf9300 DPL=0 DS   [-WA]
LDT=0000 00000000 0000ffff 00008200 DPL=0 LDT
TR =0000 00000000 0000ffff 00008b00 DPL=0 TSS32-busy
GDT=     000010b0 00000020
IDT=     001295e0 000007ff
CR0=00000011 CR2=00000000 CR3=00000000 CR4=00000000
DR0=00000000 DR1=00000000 DR2=00000000 DR3=00000000 
DR6=ffff0ff0 DR7=00000400
CCS=00000094 CCD=ffffffff CCO=EFLAGS
EFER=0000000000000000
Servicing hardware INT=0x20
   192: v=20 e=0000 i=0 cpl=0 IP=0010:00101c7d pc=00101c7d SP=0018:0012dd20 env->regs[R_EAX]=00102844
EAX=00102844 EBX=00010000 ECX=000b8000 EDX=00000001
ESI=00000000 EDI=00000000 EBP=0012dd68 ESP=0012dd20
EIP=00101c7d EFL=00200246 [---Z-P-] CPL=0 II=0 A20=1 SMM=0 HLT=0
ES =0018 00000000 ffffffff 00cf9300 DPL=0 DS   [-WA]
CS =0010 00000000 ffffffff 00cf9a00 DPL=0 CS32 [-R-]
SS =0018 00000000 ffffffff 00cf9300 DPL=0 DS   [-WA]
DS =0018 00000000 ffffffff 00cf9300 DPL=0 DS   [-WA]
FS =0018 00000000 ffffffff 00cf9300 DPL=0 DS   [-WA]
GS =0018 00000000 ffffffff 00cf9300 DPL=0 DS   [-WA]
LDT=0000 00000000 0000ffff 00008200 DPL=0 LDT
TR =0000 00000000 0000ffff 00008b00 DPL=0 TSS32-busy
GDT=     000010b0 00000020
IDT=     001295e0 000007ff
CR0=00000011 CR2=00000000 CR3=00000000 CR4=00000000
DR0=00000000 DR1=00000000 DR2=00000000 DR3=00000000 
DR6=ffff0ff0 DR7=00000400
CCS=00000044 CCD=00000000 CCO=EFLAGS
EFER=0000000000000000
Servicing hardware INT=0x20
   193: v=20 e=0000 i=0 cpl=0 IP=0010:001012a5 pc=001012a5 SP=0018:00103c5c env->regs[R_EAX]=00000010
EAX=00000010 EBX=001034e8 ECX=00001062 EDX=00000f66
ESI=00102880 EDI=00000066 EBP=00103c94 ESP=00103c5c
EIP=001012a5 EFL=00000293 [--S-A-C] CPL=0 II=0 A20=1 SMM=0 HLT=0
ES =0018 00000000 ffffffff 00cf9300 DPL=0 DS   [-WA]
CS =0010 00000000 ffffffff 00cf9a00 DPL=0 CS32 [-R-]
SS =0018 00000000 ffffffff 00cf9300 DPL=0 DS   [-WA]
DS =0018 00000000 ffffffff 00cf9300 DPL=0 DS   [-WA]
FS =0018 00000000 ffffffff 00cf9300 DPL=0 DS   [-WA]
GS =0018 00000000 ffffffff 00cf9300 DPL=0 DS   [-WA]
LDT=0000 00000000 0000ffff 00008200 DPL=0 LDT
TR =0000 00000000 0000ffff 00008b00 DPL=0 TSS32-busy
GDT=     000010b0 00000020
IDT=     001295e0 000007ff
CR0=00000011 CR2=00000000 CR3=00000000 CR4=00000000
DR0=00000000 DR1=00000000 DR2=00000000 DR3=00000000 
DR6=ffff0ff0 DR7=00000400
CCS=00000091 CCD=fffffff7 CCO=EFLAGS
EFER=0000000000000000
Servicing hardware INT=0x20
   194: v=20 e=0000 i=0 cpl=0 IP=0010:00100994 pc=00100994 SP=0018:001048d4 env->regs[R_EAX]=0000001c
EAX=0000001c EBX=0012dd00 ECX=00001900 EDX=00102844
ESI=001027c0 EDI=0012dd00 EBP=001048e4 ESP=001048d4
EIP=00100994 EFL=00000296 [--S-AP-] CPL=0 II=0 A20=1 SMM=0 HLT=0
ES =0018 00000000 ffffffff 00cf9300 DPL=0 DS   [-WA]
CS =0010 00000000 ffffffff 00cf9a00 DPL=0 CS32 [-R-]
SS =0018 00000000 ffffffff 00cf9300 DPL=0 DS   [-WA]
DS =0018 00000000 ffffffff 00cf9300 DPL=0 DS   [-WA]
FS =0018 00000000 ffffffff 00cf9300 DPL=0 DS   [-WA]
GS =0018 00000000 ffffffff 00cf9300 DPL=0 DS   [-WA]
LDT=0000 00000000 0000ffff 00008200 DPL=0 LDT
TR =0000 00000000 0000ffff 00008b00 DPL=0 TSS32-busy
GDT=     000010b0 00000020
IDT=     001295e0 000007ff
CR0=00000011 CR2=00000000 CR3=00000000 CR4=00000000
DR0=00000000 DR1=00000000 DR2=00000000 DR3=00000000 
DR6=ffff0ff0 DR7=00000400
CCS=00000094 CCD=ffffffff CCO=EFLAGS
EFER=0000000000000000
Servicing hardware INT=0x20
   195: v=20 e=0000 i=0 cpl=0 IP=0010:00101c7d pc=00101c7d SP=0018:0012dd20 env->regs[R_EAX]=00102844
EAX=00102844 EBX=00010000 ECX=000b8000 EDX=00000001
ESI=00000000 EDI=00000000 EBP=0012dd68 ESP=0012dd20
EIP=00101c7d EFL=00200246 [---Z-P-] CPL=0 II=0 A20=1 SMM=0 HLT=0
ES =0018 00000000 ffffffff 00cf9300 DPL=0 DS   [-WA]
CS =0010 00000000 ffffffff 00cf9a00 DPL=0 CS32 [-R-]
SS =0018 00000000 ffffffff 00cf9300 DPL=0 DS   [-WA]
DS =0018 00000000 ffffffff 00cf9300 DPL=0 DS   [-WA]
FS =0018 00000000 ffffffff 00cf9300 DPL=0 DS   [-WA]
GS =0018 00000000 ffffffff 00cf9300 DPL=0 DS   [-WA]
LDT=0000 00000000 0000ffff 00008200 DPL=0 LDT
TR =0000 00000000 0000ffff 00008b00 DPL=0 TSS32-busy
GDT=     000010b0 00000020
IDT=     001295e0 000007ff
CR0=00000011 CR2=00000000 CR3=00000000 CR4=00000000
DR0=00000000 DR1=00000000 DR2=00000000 DR3=00000000 
DR6=ffff0ff0 DR7=00000400
CCS=00000044 CCD=00000000 CCO=EFLAGS
EFER=0000000000000000
Servicing hardware INT=0x20
   196: v=20 e=0000 i=0 cpl=0 IP=0010:00101196 pc=00101196 SP=0018:00103c44 env->regs[R_EAX]=00000068
EAX=00000068 EBX=00103d28 ECX=000000fa EDX=00008d62
ESI=00102844 EDI=00000015 EBP=00103c54 ESP=00103c44
EIP=00101196 EFL=00000293 [--S-A-C] CPL=0 II=0 A20=1 SMM=0 HLT=0
ES =0018 00000000 ffffffff 00cf9300 DPL=0 DS   [-WA]
CS =0010 00000000 ffffffff 00cf9a00 DPL=0 CS32 [-R-]
SS =0018 00000000 ffffffff 00cf9300 DPL=0 DS   [-WA]
DS =0018 00000000 ffffffff 00cf9300 DPL=0 DS   [-WA]
FS =0018 00000000 ffffffff 00cf9300 DPL=0 DS   [-WA]
GS =0018 00000000 ffffffff 00cf9300 DPL=0 DS   [-WA]
LDT=0000 00000000 0000ffff 00008200 DPL=0 LDT
TR =0000 00000000 0000ffff 00008b00 DPL=0 TSS32-busy
GDT=     000010b0 00000020
IDT=     001295e0 000007ff
CR0=00000011 CR2=00000000 CR3=00000000 CR4=00000000
DR0=00000000 DR1=00000000 DR2=00000000 DR3=00000000 
DR6=ffff0ff0 DR7=00000400
CCS=00000091 CCD=fffffffb CCO=EFLAGS
EFER=0000000000000000
Servicing hardware INT=0x20
   197: v=20 e=0000 i=0 cpl=0 IP=0010:00100994 pc=00100994 SP=0018:001048d4 env->regs[R_EAX]=0000001c
EAX=0000001c EBX=0012dd00 ECX=00001900 EDX=00102844
ESI=001027c0 EDI=0012dd00 EBP=001048e4 ESP=001048d4
EIP=00100994 EFL=00000296 [--S-AP-] CPL=0 II=0 A20=1 SMM=0 HLT=0
ES =0018 00000000 ffffffff 00cf9300 DPL=0 DS   [-WA]
CS =0010 00000000 ffffffff 00cf9a00 DPL=0 CS32 [-R-]
SS =0018 00000000 ffffffff 00cf9300 DPL=0 DS   [-WA]
DS =0018 00000000 ffffffff 00cf9300 DPL=0 DS   [-WA]
FS =0018 00000000 ffffffff 00cf9300 DPL=0 DS   [-WA]
GS =0018 00000000 ffffffff 00cf9300 DPL=0 DS   [-WA]
LDT=0000 00000000 0000ffff 00008200 DPL=0 LDT
TR =0000 00000000 0000ffff 00008b00 DPL=0 TSS32-busy
GDT=     000010b0 00000020
IDT=     001295e0 000007ff
CR0=00000011 CR2=00000000 CR3=00000000 CR4=00000000
DR0=00000000 DR1=00000000 DR2=00000000 DR3=00000000 
DR6=ffff0ff0 DR7=00000400
CCS=00000094 CCD=ffffffff CCO=EFLAGS
EFER=0000000000000000
Servicing hardware INT=0x20
   198: v=20 e=0000 i=0 cpl=0 IP=0010:00101c7d pc=00101c7d SP=0018:0012dd20 env->regs[R_EAX]=00102844
EAX=00102844 EBX=00010000 ECX=000b8000 EDX=00000001
ESI=00000000 EDI=00000000 EBP=0012dd68 ESP=0012dd20
EIP=00101c7d EFL=00200246 [---Z-P-] CPL=0 II=0 A20=1 SMM=0 HLT=0
ES =0018 00000000 ffffffff 00cf9300 DPL=0 DS   [-WA]
CS =0010 00000000 ffffffff 00cf9a00 DPL=0 CS32 [-R-]
SS =0018 00000000 ffffffff 00cf9300 DPL=0 DS   [-WA]
DS =0018 00000000 ffffffff 00cf9300 DPL=0 DS   [-WA]
FS =0018 00000000 ffffffff 00cf9300 DPL=0 DS   [-WA]
GS =0018 00000000 ffffffff 00cf9300 DPL=0 DS   [-WA]
LDT=0000 00000000 0000ffff 00008200 DPL=0 LDT
TR =0000 00000000 0000ffff 00008b00 DPL=0 TSS32-busy
GDT=     000010b0 00000020
IDT=     001295e0 000007ff
CR0=00000011 CR2=00000000 CR3=00000000 CR4=00000000
DR0=00000000 DR1=00000000 DR2=00000000 DR3=00000000 
DR6=ffff0ff0 DR7=00000400
CCS=00000044 CCD=00000000 CCO=EFLAGS
EFER=0000000000000000
Servicing hardware INT=0x20
   199: v=20 e=0000 i=0 cpl=0 IP=0010:00101268 pc=00101268 SP=0018:00103c5c env->regs[R_EAX]=00102844
EAX=00102844 EBX=001034e8 ECX=00000c68 EDX=001034ac
ESI=00102880 EDI=0000000a EBP=00103c94 ESP=00103c5c
EIP=00101268 EFL=00000216 [----AP-] CPL=0 II=0 A20=1 SMM=0 HLT=0
ES =0018 00000000 ffffffff 00cf9300 DPL=0 DS   [-WA]
CS =0010 00000000 ffffffff 00cf9a00 DPL=0 CS32 [-R-]
SS =0018 00000000 ffffffff 00cf9300 DPL=0 DS   [-WA]
DS =0018 00000000 ffffffff 00cf9300 DPL=0 DS   [-WA]
FS =0018 00000000 ffffffff 00cf9300 DPL=0 DS   [-WA]
GS =0018 00000000 ffffffff 00cf9300 DPL=0 DS   [-WA]
LDT=0000 00000000 0000ffff 00008200 DPL=0 LDT
TR =0000 00000000 0000ffff 00008b00 DPL=0 TSS32-busy
GDT=     000010b0 00000020
IDT=     001295e0 000007ff
CR0=00000011 CR2=00000000 CR3=00000000 CR4=00000000
DR0=00000000 DR1=00000000 DR2=00000000 DR3=00000000 
DR6=ffff0ff0 DR7=00000400
CCS=00000014 CCD=0000005a CCO=EFLAGS
EFER=0000000000000000
Servicing hardware INT=0x20
   200: v=20 e=0000 i=0 cpl=0 IP=0010:00100994 pc=00100994 SP=0018:001048d4 env->regs[R_EAX]=0000001c
EAX=0000001c EBX=0012dd00 ECX=00001900 EDX=00102844
ESI=001027c0 EDI=0012dd00 EBP=001048e4 ESP=001048d4
EIP=00100994 EFL=00000296 [--S-AP-] CPL=0 II=0 A20=1 SMM=0 HLT=0
ES =0018 00000000 ffffffff 00cf9300 DPL=0 DS   [-WA]
CS =0010 00000000 ffffffff 00cf9a00 DPL=0 CS32 [-R-]
SS =0018 00000000 ffffffff 00cf9300 DPL=0 DS   [-WA]
DS =0018 00000000 ffffffff 00cf9300 DPL=0 DS   [-WA]
FS =0018 00000000 ffffffff 00cf9300 DPL=0 DS   [-WA]
GS =0018 00000000 ffffffff 00cf9300 DPL=0 DS   [-WA]
LDT=0000 00000000 0000ffff 00008200 DPL=0 LDT
TR =0000 00000000 0000ffff 00008b00 DPL=0 TSS32-busy
GDT=     000010b0 00000020
IDT=     001295e0 000007ff
CR0=00000011 CR2=00000000 CR3=00000000 CR4=00000000
DR0=00000000 DR1=00000000 DR2=00000000 DR3=00000000 
DR6=ffff0ff0 DR7=00000400
CCS=00000094 CCD=ffffffff CCO=EFLAGS
EFER=0000000000000000
Servicing hardware INT=0x20
   201: v=20 e=0000 i=0 cpl=0 IP=0010:00101c7d pc=00101c7d SP=0018:0012dd20 env->regs[R_EAX]=00102844
EAX=00102844 EBX=00010000 ECX=000b8000 EDX=00000001
ESI=00000000 EDI=00000000 EBP=0012dd68 ESP=0012dd20
EIP=00101c7d EFL=00200246 [---Z-P-] CPL=0 II=0 A20=1 SMM=0 HLT=0
ES =0018 00000000 ffffffff 00cf9300 DPL=0 DS   [-WA]
CS =0010 00000000 ffffffff 00cf9a00 DPL=0 CS32 [-R-]
SS =0018 00000000 ffffffff 00cf9300 DPL=0 DS   [-WA]
DS =0018 00000000 ffffffff 00cf9300 DPL=0 DS   [-WA]
FS =0018 00000000 ffffffff 00cf9300 DPL=0 DS   [-WA]
GS =0018 00000000 ffffffff 00cf9300 DPL=0 DS   [-WA]
LDT=0000 00000000 0000ffff 00008200 DPL=0 LDT
TR =0000 00000000 0000ffff 00008b00 DPL=0 TSS32-busy
GDT=     000010b0 00000020
IDT=     001295e0 000007ff
CR0=00000011 CR2=00000000 CR3=00000000 CR4=00000000
DR0=00000000 DR1=00000000 DR2=00000000 DR3=00000000 
DR6=ffff0ff0 DR7=00000400
CCS=00000044 CCD=00000000 CCO=EFLAGS
EFER=0000000000000000
Servicing hardware INT=0x20
   202: v=20 e=0000 i=0 cpl=0 IP=0010:001011e2 pc=001011e2 SP=0018:00103c98 env->regs[R_EAX]=001011e2
EAX=001011e2 EBX=00100076 ECX=00001066 EDX=0000a561
ESI=0010006f EDI=00000000 EBP=00103cb4 ESP=00103c98
EIP=001011e2 EFL=00000206 [-----P-] CPL=0 II=0 A20=1 SMM=0 HLT=0
ES =0018 00000000 ffffffff 00cf9300 DPL=0 DS   [-WA]
CS =0010 00000000 ffffffff 00cf9a00 DPL=0 CS32 [-R-]
SS =0018 00000000 ffffffff 00cf9300 DPL=0 DS   [-WA]
DS =0018 00000000 ffffffff 00cf9300 DPL=0 DS   [-WA]
FS =0018 00000000 ffffffff 00cf9300 DPL=0 DS   [-WA]
GS =0018 00000000 ffffffff 00cf9300 DPL=0 DS   [-WA]
LDT=0000 00000000 0000ffff 00008200 DPL=0 LDT
TR =0000 00000000 0000ffff 00008b00 DPL=0 TSS32-busy
GDT=     000010b0 00000020
IDT=     001295e0 000007ff
CR0=00000011 CR2=00000000 CR3=00000000 CR4=00000000
DR0=00000000 DR1=00000000 DR2=00000000 DR3=00000000 
DR6=ffff0ff0 DR7=00000400
CCS=00000004 CCD=00103ca0 CCO=EFLAGS
EFER=0000000000000000
Servicing hardware INT=0x20
   203: v=20 e=0000 i=0 cpl=0 IP=0010:00100994 pc=00100994 SP=0018:001048d4 env->regs[R_EAX]=0000001c
EAX=0000001c EBX=0012dd00 ECX=00001900 EDX=00102844
ESI=001027c0 EDI=0012dd00 EBP=001048e4 ESP=001048d4
EIP=00100994 EFL=00000296 [--S-AP-] CPL=0 II=0 A20=1 SMM=0 HLT=0
ES =0018 00000000 ffffffff 00cf9300 DPL=0 DS   [-WA]
CS =0010 00000000 ffffffff 00cf9a00 DPL=0 CS32 [-R-]
SS =0018 00000000 ffffffff 00cf9300 DPL=0 DS   [-WA]
DS =0018 00000000 ffffffff 00cf9300 DPL=0 DS   [-WA]
FS =0018 00000000 ffffffff 00cf9300 DPL=0 DS   [-WA]
GS =0018 00000000 ffffffff 00cf9300 DPL=0 DS   [-WA]
LDT=0000 00000000 0000ffff 00008200 DPL=0 LDT
TR =0000 00000000 0000ffff 00008b00 DPL=0 TSS32-busy
GDT=     000010b0 00000020
IDT=     001295e0 000007ff
CR0=00000011 CR2=00000000 CR3=00000000 CR4=00000000
DR0=00000000 DR1=00000000 DR2=00000000 DR3=00000000 
DR6=ffff0ff0 DR7=00000400
CCS=00000094 CCD=ffffffff CCO=EFLAGS
EFER=0000000000000000
Servicing hardware INT=0x20
   204: v=20 e=0000 i=0 cpl=0 IP=0010:001019bc pc=001019bc SP=0018:0012dd64 env->regs[R_EAX]=001c71a4
EAX=001c71a4 EBX=006e96c2 ECX=003029f4 EDX=fd0993b0
ESI=0012dd78 EDI=00000000 EBP=0012dd68 ESP=0012dd64
EIP=001019bc EFL=00200283 [--S---C] CPL=0 II=0 A20=1 SMM=0 HLT=0
ES =0018 00000000 ffffffff 00cf9300 DPL=0 DS   [-WA]
CS =0010 00000000 ffffffff 00cf9a00 DPL=0 CS32 [-R-]
SS =0018 00000000 ffffffff 00cf9300 DPL=0 DS   [-WA]
DS =0018 00000000 ffffffff 00cf9300 DPL=0 DS   [-WA]
FS =0018 00000000 ffffffff 00cf9300 DPL=0 DS   [-WA]
GS =0018 00000000 ffffffff 00cf9300 DPL=0 DS   [-WA]
LDT=0000 00000000 0000ffff 00008200 DPL=0 LDT
TR =0000 00000000 0000ffff 00008b00 DPL=0 TSS32-busy
GDT=     000010b0 00000020
IDT=     001295e0 000007ff
CR0=00000011 CR2=00000000 CR3=00000000 CR4=00000000
DR0=00000000 DR1=00000000 DR2=00000000 DR3=00000000 
DR6=ffff0ff0 DR7=00000400
CCS=00000081 CCD=ffec47b0 CCO=EFLAGS
EFER=0000000000000000
Servicing hardware INT=0x20
   205: v=20 e=0000 i=0 cpl=0 IP=0010:00101196 pc=00101196 SP=0018:00103c44 env->regs[R_EAX]=00000152
EAX=00000152 EBX=00103d28 ECX=000002ba EDX=00001d72
ESI=00102844 EDI=0000000b EBP=00103c54 ESP=00103c44
EIP=00101196 EFL=00000283 [--S---C] CPL=0 II=0 A20=1 SMM=0 HLT=0
ES =0018 00000000 ffffffff 00cf9300 DPL=0 DS   [-WA]
CS =0010 00000000 ffffffff 00cf9a00 DPL=0 CS32 [-R-]
SS =0018 00000000 ffffffff 00cf9300 DPL=0 DS   [-WA]
DS =0018 00000000 ffffffff 00cf9300 DPL=0 DS   [-WA]
FS =0018 00000000 ffffffff 00cf9300 DPL=0 DS   [-WA]
GS =0018 00000000 ffffffff 00cf9300 DPL=0 DS   [-WA]
LDT=0000 00000000 0000ffff 00008200 DPL=0 LDT
TR =0000 00000000 0000ffff 00008b00 DPL=0 TSS32-busy
GDT=     000010b0 00000020
IDT=     001295e0 000007ff
CR0=00000011 CR2=00000000 CR3=00000000 CR4=00000000
DR0=00000000 DR1=00000000 DR2=00000000 DR3=00000000 
DR6=ffff0ff0 DR7=00000400
CCS=00000081 CCD=fffffff1 CCO=EFLAGS
EFER=0000000000000000
Servicing hardware INT=0x20
   206: v=20 e=0000 i=0 cpl=0 IP=0010:00100994 pc=00100994 SP=0018:001048d4 env->regs[R_EAX]=0000001c
EAX=0000001c EBX=0012dd00 ECX=00001900 EDX=00102844
ESI=001027c0 EDI=0012dd00 EBP=001048e4 ESP=001048d4
EIP=00100994 EFL=00000296 [--S-AP-] CPL=0 II=0 A20=1 SMM=0 HLT=0
ES =0018 00000000 ffffffff 00cf9300 DPL=0 DS   [-WA]
CS =0010 00000000 ffffffff 00cf9a00 DPL=0 CS32 [-R-]
SS =0018 00000000 ffffffff 00cf9300 DPL=0 DS   [-WA]
DS =0018 00000000 ffffffff 00cf9300 DPL=0 DS   [-WA]
FS =0018 00000000 ffffffff 00cf9300 DPL=0 DS   [-WA]
GS =0018 00000000 ffffffff 00cf9300 DPL=0 DS   [-WA]
LDT=0000 00000000 0000ffff 00008200 DPL=0 LDT
TR =0000 00000000 0000ffff 00008b00 DPL=0 TSS32-busy
GDT=     000010b0 00000020
IDT=     001295e0 000007ff
CR0=00000011 CR2=00000000 CR3=00000000 CR4=00000000
DR0=00000000 DR1=00000000 DR2=00000000 DR3=00000000 
DR6=ffff0ff0 DR7=00000400
CCS=00000094 CCD=ffffffff CCO=EFLAGS
EFER=0000000000000000
Servicing hardware INT=0x20
   207: v=20 e=0000 i=0 cpl=0 IP=0010:00101c7d pc=00101c7d SP=0018:0012dd20 env->regs[R_EAX]=00102844
EAX=00102844 EBX=00010000 ECX=000b8000 EDX=00000001
ESI=00000000 EDI=00000000 EBP=0012dd68 ESP=0012dd20
EIP=00101c7d EFL=00200246 [---Z-P-] CPL=0 II=0 A20=1 SMM=0 HLT=0
ES =0018 00000000 ffffffff 00cf9300 DPL=0 DS   [-WA]
CS =0010 00000000 ffffffff 00cf9a00 DPL=0 CS32 [-R-]
SS =0018 00000000 ffffffff 00cf9300 DPL=0 DS   [-WA]
DS =0018 00000000 ffffffff 00cf9300 DPL=0 DS   [-WA]
FS =0018 00000000 ffffffff 00cf9300 DPL=0 DS   [-WA]
GS =0018 00000000 ffffffff 00cf9300 DPL=0 DS   [-WA]
LDT=0000 00000000 0000ffff 00008200 DPL=0 LDT
TR =0000 00000000 0000ffff 00008b00 DPL=0 TSS32-busy
GDT=     000010b0 00000020
IDT=     001295e0 000007ff
CR0=00000011 CR2=00000000 CR3=00000000 CR4=00000000
DR0=00000000 DR1=00000000 DR2=00000000 DR3=00000000 
DR6=ffff0ff0 DR7=00000400
CCS=00000044 CCD=00000000 CCO=EFLAGS
EFER=0000000000000000
Servicing hardware INT=0x20
   208: v=20 e=0000 i=0 cpl=0 IP=0010:0010122f pc=0010122f SP=0018:00103c5c env->regs[R_EAX]=00102844
EAX=00102844 EBX=0000003c ECX=0000106a EDX=0000ad6f
ESI=00102880 EDI=0000006f EBP=00103c94 ESP=00103c5c
EIP=0010122f EFL=00000206 [-----P-] CPL=0 II=0 A20=1 SMM=0 HLT=0
ES =0018 00000000 ffffffff 00cf9300 DPL=0 DS   [-WA]
CS =0010 00000000 ffffffff 00cf9a00 DPL=0 CS32 [-R-]
SS =0018 00000000 ffffffff 00cf9300 DPL=0 DS   [-WA]
DS =0018 00000000 ffffffff 00cf9300 DPL=0 DS   [-WA]
FS =0018 00000000 ffffffff 00cf9300 DPL=0 DS   [-WA]
GS =0018 00000000 ffffffff 00cf9300 DPL=0 DS   [-WA]
LDT=0000 00000000 0000ffff 00008200 DPL=0 LDT
TR =0000 00000000 0000ffff 00008b00 DPL=0 TSS32-busy
GDT=     000010b0 00000020
IDT=     001295e0 000007ff
CR0=00000011 CR2=00000000 CR3=00000000 CR4=00000000
DR0=00000000 DR1=00000000 DR2=00000000 DR3=00000000 
DR6=ffff0ff0 DR7=00000400
CCS=00000004 CCD=00000065 CCO=EFLAGS
EFER=0000000000000000
Servicing hardware INT=0x20
   209: v=20 e=0000 i=0 cpl=0 IP=0010:00100994 pc=00100994 SP=0018:001048d4 env->regs[R_EAX]=0000001c
EAX=0000001c EBX=0012dd00 ECX=00001900 EDX=00102844
ESI=001027c0 EDI=0012dd00 EBP=001048e4 ESP=001048d4
EIP=00100994 EFL=00000296 [--S-AP-] CPL=0 II=0 A20=1 SMM=0 HLT=0
ES =0018 00000000 ffffffff 00cf9300 DPL=0 DS   [-WA]
CS =0010 00000000 ffffffff 00cf9a00 DPL=0 CS32 [-R-]
SS =0018 00000000 ffffffff 00cf9300 DPL=0 DS   [-WA]
DS =0018 00000000 ffffffff 00cf9300 DPL=0 DS   [-WA]
FS =0018 00000000 ffffffff 00cf9300 DPL=0 DS   [-WA]
GS =0018 00000000 ffffffff 00cf9300 DPL=0 DS   [-WA]
LDT=0000 00000000 0000ffff 00008200 DPL=0 LDT
TR =0000 00000000 0000ffff 00008b00 DPL=0 TSS32-busy
GDT=     000010b0 00000020
IDT=     001295e0 000007ff
CR0=00000011 CR2=00000000 CR3=00000000 CR4=00000000
DR0=00000000 DR1=00000000 DR2=00000000 DR3=00000000 
DR6=ffff0ff0 DR7=00000400
CCS=00000094 CCD=ffffffff CCO=EFLAGS
EFER=0000000000000000
Servicing hardware INT=0x20
   210: v=20 e=0000 i=0 cpl=0 IP=0010:00101c7d pc=00101c7d SP=0018:0012dd20 env->regs[R_EAX]=00102844
EAX=00102844 EBX=00010000 ECX=000b8000 EDX=00000001
ESI=00000000 EDI=00000000 EBP=0012dd68 ESP=0012dd20
EIP=00101c7d EFL=00200246 [---Z-P-] CPL=0 II=0 A20=1 SMM=0 HLT=0
ES =0018 00000000 ffffffff 00cf9300 DPL=0 DS   [-WA]
CS =0010 00000000 ffffffff 00cf9a00 DPL=0 CS32 [-R-]
SS =0018 00000000 ffffffff 00cf9300 DPL=0 DS   [-WA]
DS =0018 00000000 ffffffff 00cf9300 DPL=0 DS   [-WA]
FS =0018 00000000 ffffffff 00cf9300 DPL=0 DS   [-WA]
GS =0018 00000000 ffffffff 00cf9300 DPL=0 DS   [-WA]
LDT=0000 00000000 0000ffff 00008200 DPL=0 LDT
TR =0000 00000000 0000ffff 00008b00 DPL=0 TSS32-busy
GDT=     000010b0 00000020
IDT=     001295e0 000007ff
CR0=00000011 CR2=00000000 CR3=00000000 CR4=00000000
DR0=00000000 DR1=00000000 DR2=00000000 DR3=00000000 
DR6=ffff0ff0 DR7=00000400
CCS=00000044 CCD=00000000 CCO=EFLAGS
EFER=0000000000000000
Servicing hardware INT=0x20
   211: v=20 e=0000 i=0 cpl=0 IP=0010:001012a5 pc=001012a5 SP=0018:00103c5c env->regs[R_EAX]=00000018
EAX=00000018 EBX=001034e8 ECX=00001072 EDX=00008d6f
ESI=00102880 EDI=0000006f EBP=00103c94 ESP=00103c5c
EIP=001012a5 EFL=00000297 [--S-APC] CPL=0 II=0 A20=1 SMM=0 HLT=0
ES =0018 00000000 ffffffff 00cf9300 DPL=0 DS   [-WA]
CS =0010 00000000 ffffffff 00cf9a00 DPL=0 CS32 [-R-]
SS =0018 00000000 ffffffff 00cf9300 DPL=0 DS   [-WA]
DS =0018 00000000 ffffffff 00cf9300 DPL=0 DS   [-WA]
FS =0018 00000000 ffffffff 00cf9300 DPL=0 DS   [-WA]
GS =0018 00000000 ffffffff 00cf9300 DPL=0 DS   [-WA]
LDT=0000 00000000 0000ffff 00008200 DPL=0 LDT
TR =0000 00000000 0000ffff 00008b00 DPL=0 TSS32-busy
GDT=     000010b0 00000020
IDT=     001295e0 000007ff
CR0=00000011 CR2=00000000 CR3=00000000 CR4=00000000
DR0=00000000 DR1=00000000 DR2=00000000 DR3=00000000 
DR6=ffff0ff0 DR7=00000400
CCS=00000095 CCD=ffffffff CCO=EFLAGS
EFER=0000000000000000
Servicing hardware INT=0x20
   212: v=20 e=0000 i=0 cpl=0 IP=0010:00100994 pc=00100994 SP=0018:001048d4 env->regs[R_EAX]=0000001c
EAX=0000001c EBX=0012dd00 ECX=00001900 EDX=00102844
ESI=001027c0 EDI=0012dd00 EBP=001048e4 ESP=001048d4
EIP=00100994 EFL=00000296 [--S-AP-] CPL=0 II=0 A20=1 SMM=0 HLT=0
ES =0018 00000000 ffffffff 00cf9300 DPL=0 DS   [-WA]
CS =0010 00000000 ffffffff 00cf9a00 DPL=0 CS32 [-R-]
SS =0018 00000000 ffffffff 00cf9300 DPL=0 DS   [-WA]
DS =0018 00000000 ffffffff 00cf9300 DPL=0 DS   [-WA]
FS =0018 00000000 ffffffff 00cf9300 DPL=0 DS   [-WA]
GS =0018 00000000 ffffffff 00cf9300 DPL=0 DS   [-WA]
LDT=0000 00000000 0000ffff 00008200 DPL=0 LDT
TR =0000 00000000 0000ffff 00008b00 DPL=0 TSS32-busy
GDT=     000010b0 00000020
IDT=     001295e0 000007ff
CR0=00000011 CR2=00000000 CR3=00000000 CR4=00000000
DR0=00000000 DR1=00000000 DR2=00000000 DR3=00000000 
DR6=ffff0ff0 DR7=00000400
CCS=00000094 CCD=ffffffff CCO=EFLAGS
EFER=0000000000000000
Servicing hardware INT=0x20
   213: v=20 e=0000 i=0 cpl=0 IP=0010:00101c7d pc=00101c7d SP=0018:0012dd20 env->regs[R_EAX]=00102844
EAX=00102844 EBX=00010000 ECX=000b8000 EDX=00000001
ESI=00000000 EDI=00000000 EBP=0012dd68 ESP=0012dd20
EIP=00101c7d EFL=00200246 [---Z-P-] CPL=0 II=0 A20=1 SMM=0 HLT=0
ES =0018 00000000 ffffffff 00cf9300 DPL=0 DS   [-WA]
CS =0010 00000000 ffffffff 00cf9a00 DPL=0 CS32 [-R-]
SS =0018 00000000 ffffffff 00cf9300 DPL=0 DS   [-WA]
DS =0018 00000000 ffffffff 00cf9300 DPL=0 DS   [-WA]
FS =0018 00000000 ffffffff 00cf9300 DPL=0 DS   [-WA]
GS =0018 00000000 ffffffff 00cf9300 DPL=0 DS   [-WA]
LDT=0000 00000000 0000ffff 00008200 DPL=0 LDT
TR =0000 00000000 0000ffff 00008b00 DPL=0 TSS32-busy
GDT=     000010b0 00000020
IDT=     001295e0 000007ff
CR0=00000011 CR2=00000000 CR3=00000000 CR4=00000000
DR0=00000000 DR1=00000000 DR2=00000000 DR3=00000000 
DR6=ffff0ff0 DR7=00000400
CCS=00000044 CCD=00000000 CCO=EFLAGS
EFER=0000000000000000
Servicing hardware INT=0x20
   214: v=20 e=0000 i=0 cpl=0 IP=0010:00101196 pc=00101196 SP=0018:00103c44 env->regs[R_EAX]=00000152
EAX=00000152 EBX=00103d28 ECX=000002c2 EDX=00001172
ESI=00102844 EDI=0000000f EBP=00103c54 ESP=00103c44
EIP=00101196 EFL=00000287 [--S--PC] CPL=0 II=0 A20=1 SMM=0 HLT=0
ES =0018 00000000 ffffffff 00cf9300 DPL=0 DS   [-WA]
CS =0010 00000000 ffffffff 00cf9a00 DPL=0 CS32 [-R-]
SS =0018 00000000 ffffffff 00cf9300 DPL=0 DS   [-WA]
DS =0018 00000000 ffffffff 00cf9300 DPL=0 DS   [-WA]
FS =0018 00000000 ffffffff 00cf9300 DPL=0 DS   [-WA]
GS =0018 00000000 ffffffff 00cf9300 DPL=0 DS   [-WA]
LDT=0000 00000000 0000ffff 00008200 DPL=0 LDT
TR =0000 00000000 0000ffff 00008b00 DPL=0 TSS32-busy
GDT=     000010b0 00000020
IDT=     001295e0 000007ff
CR0=00000011 CR2=00000000 CR3=00000000 CR4=00000000
DR0=00000000 DR1=00000000 DR2=00000000 DR3=00000000 
DR6=ffff0ff0 DR7=00000400
CCS=00000085 CCD=fffffff5 CCO=EFLAGS
EFER=0000000000000000
Servicing hardware INT=0x20
   215: v=20 e=0000 i=0 cpl=0 IP=0010:00100994 pc=00100994 SP=0018:001048d4 env->regs[R_EAX]=0000001c
EAX=0000001c EBX=0012dd00 ECX=00001900 EDX=00102844
ESI=001027c0 EDI=0012dd00 EBP=001048e4 ESP=001048d4
EIP=00100994 EFL=00000296 [--S-AP-] CPL=0 II=0 A20=1 SMM=0 HLT=0
ES =0018 00000000 ffffffff 00cf9300 DPL=0 DS   [-WA]
CS =0010 00000000 ffffffff 00cf9a00 DPL=0 CS32 [-R-]
SS =0018 00000000 ffffffff 00cf9300 DPL=0 DS   [-WA]
DS =0018 00000000 ffffffff 00cf9300 DPL=0 DS   [-WA]
FS =0018 00000000 ffffffff 00cf9300 DPL=0 DS   [-WA]
GS =0018 00000000 ffffffff 00cf9300 DPL=0 DS   [-WA]
LDT=0000 00000000 0000ffff 00008200 DPL=0 LDT
TR =0000 00000000 0000ffff 00008b00 DPL=0 TSS32-busy
GDT=     000010b0 00000020
IDT=     001295e0 000007ff
CR0=00000011 CR2=00000000 CR3=00000000 CR4=00000000
DR0=00000000 DR1=00000000 DR2=00000000 DR3=00000000 
DR6=ffff0ff0 DR7=00000400
CCS=00000094 CCD=ffffffff CCO=EFLAGS
EFER=0000000000000000
Servicing hardware INT=0x20
   216: v=20 e=0000 i=0 cpl=0 IP=0010:00101c7d pc=00101c7d SP=0018:0012dd20 env->regs[R_EAX]=00102844
EAX=00102844 EBX=00010000 ECX=000b8000 EDX=00000001
ESI=00000000 EDI=00000000 EBP=0012dd68 ESP=0012dd20
EIP=00101c7d EFL=00200246 [---Z-P-] CPL=0 II=0 A20=1 SMM=0 HLT=0
ES =0018 00000000 ffffffff 00cf9300 DPL=0 DS   [-WA]
CS =0010 00000000 ffffffff 00cf9a00 DPL=0 CS32 [-R-]
SS =0018 00000000 ffffffff 00cf9300 DPL=0 DS   [-WA]
DS =0018 00000000 ffffffff 00cf9300 DPL=0 DS   [-WA]
FS =0018 00000000 ffffffff 00cf9300 DPL=0 DS   [-WA]
GS =0018 00000000 ffffffff 00cf9300 DPL=0 DS   [-WA]
LDT=0000 00000000 0000ffff 00008200 DPL=0 LDT
TR =0000 00000000 0000ffff 00008b00 DPL=0 TSS32-busy
GDT=     000010b0 00000020
IDT=     001295e0 000007ff
CR0=00000011 CR2=00000000 CR3=00000000 CR4=00000000
DR0=00000000 DR1=00000000 DR2=00000000 DR3=00000000 
DR6=ffff0ff0 DR7=00000400
CCS=00000044 CCD=00000000 CCO=EFLAGS
EFER=0000000000000000
Servicing hardware INT=0x20
   217: v=20 e=0000 i=0 cpl=0 IP=0010:001012a5 pc=001012a5 SP=0018:00103c5c env->regs[R_EAX]=0000000a
EAX=0000000a EBX=001034e8 ECX=00001056 EDX=00002161
ESI=00102880 EDI=00000061 EBP=00103c94 ESP=00103c5c
EIP=001012a5 EFL=00000283 [--S---C] CPL=0 II=0 A20=1 SMM=0 HLT=0
ES =0018 00000000 ffffffff 00cf9300 DPL=0 DS   [-WA]
CS =0010 00000000 ffffffff 00cf9a00 DPL=0 CS32 [-R-]
SS =0018 00000000 ffffffff 00cf9300 DPL=0 DS   [-WA]
DS =0018 00000000 ffffffff 00cf9300 DPL=0 DS   [-WA]
FS =0018 00000000 ffffffff 00cf9300 DPL=0 DS   [-WA]
GS =0018 00000000 ffffffff 00cf9300 DPL=0 DS   [-WA]
LDT=0000 00000000 0000ffff 00008200 DPL=0 LDT
TR =0000 00000000 0000ffff 00008b00 DPL=0 TSS32-busy
GDT=     000010b0 00000020
IDT=     001295e0 000007ff
CR0=00000011 CR2=00000000 CR3=00000000 CR4=00000000
DR0=00000000 DR1=00000000 DR2=00000000 DR3=00000000 
DR6=ffff0ff0 DR7=00000400
CCS=00000081 CCD=fffffff1 CCO=EFLAGS
EFER=0000000000000000
Servicing hardware INT=0x20
   218: v=20 e=0000 i=0 cpl=0 IP=0010:00100994 pc=00100994 SP=0018:001048d4 env->regs[R_EAX]=0000001c
EAX=0000001c EBX=0012dd00 ECX=00001900 EDX=00102844
ESI=001027c0 EDI=0012dd00 EBP=001048e4 ESP=001048d4
EIP=00100994 EFL=00000296 [--S-AP-] CPL=0 II=0 A20=1 SMM=0 HLT=0
ES =0018 00000000 ffffffff 00cf9300 DPL=0 DS   [-WA]
CS =0010 00000000 ffffffff 00cf9a00 DPL=0 CS32 [-R-]
SS =0018 00000000 ffffffff 00cf9300 DPL=0 DS   [-WA]
DS =0018 00000000 ffffffff 00cf9300 DPL=0 DS   [-WA]
FS =0018 00000000 ffffffff 00cf9300 DPL=0 DS   [-WA]
GS =0018 00000000 ffffffff 00cf9300 DPL=0 DS   [-WA]
LDT=0000 00000000 0000ffff 00008200 DPL=0 LDT
TR =0000 00000000 0000ffff 00008b00 DPL=0 TSS32-busy
GDT=     000010b0 00000020
IDT=     001295e0 000007ff
CR0=00000011 CR2=00000000 CR3=00000000 CR4=00000000
DR0=00000000 DR1=00000000 DR2=00000000 DR3=00000000 
DR6=ffff0ff0 DR7=00000400
CCS=00000094 CCD=ffffffff CCO=EFLAGS
EFER=0000000000000000
Servicing hardware INT=0x20
   219: v=20 e=0000 i=0 cpl=0 IP=0010:00101c44 pc=00101c44 SP=0018:0012dd20 env->regs[R_EAX]=00102844
EAX=00102844 EBX=00010000 ECX=00075300 EDX=000017ab
ESI=0012ddf4 EDI=00000000 EBP=0012dd68 ESP=0012dd20
EIP=00101c44 EFL=00200203 [------C] CPL=0 II=0 A20=1 SMM=0 HLT=0
ES =0018 00000000 ffffffff 00cf9300 DPL=0 DS   [-WA]
CS =0010 00000000 ffffffff 00cf9a00 DPL=0 CS32 [-R-]
SS =0018 00000000 ffffffff 00cf9300 DPL=0 DS   [-WA]
DS =0018 00000000 ffffffff 00cf9300 DPL=0 DS   [-WA]
FS =0018 00000000 ffffffff 00cf9300 DPL=0 DS   [-WA]
GS =0018 00000000 ffffffff 00cf9300 DPL=0 DS   [-WA]
LDT=0000 00000000 0000ffff 00008200 DPL=0 LDT
TR =0000 00000000 0000ffff 00008b00 DPL=0 TSS32-busy
GDT=     000010b0 00000020
IDT=     001295e0 000007ff
CR0=00000011 CR2=00000000 CR3=00000000 CR4=00000000
DR0=00000000 DR1=00000000 DR2=00000000 DR3=00000000 
DR6=ffff0ff0 DR7=00000400
CCS=00000001 CCD=000017ab CCO=EFLAGS
EFER=0000000000000000
Servicing hardware INT=0x20
   220: v=20 e=0000 i=0 cpl=0 IP=0010:00101196 pc=00101196 SP=0018:00103c44 env->regs[R_EAX]=00000034
EAX=00000034 EBX=00103d28 ECX=00000084 EDX=00002f62
ESI=00102844 EDI=0000000e EBP=00103c54 ESP=00103c44
EIP=00101196 EFL=00000283 [--S---C] CPL=0 II=0 A20=1 SMM=0 HLT=0
ES =0018 00000000 ffffffff 00cf9300 DPL=0 DS   [-WA]
CS =0010 00000000 ffffffff 00cf9a00 DPL=0 CS32 [-R-]
SS =0018 00000000 ffffffff 00cf9300 DPL=0 DS   [-WA]
DS =0018 00000000 ffffffff 00cf9300 DPL=0 DS   [-WA]
FS =0018 00000000 ffffffff 00cf9300 DPL=0 DS   [-WA]
GS =0018 00000000 ffffffff 00cf9300 DPL=0 DS   [-WA]
LDT=0000 00000000 0000ffff 00008200 DPL=0 LDT
TR =0000 00000000 0000ffff 00008b00 DPL=0 TSS32-busy
GDT=     000010b0 00000020
IDT=     001295e0 000007ff
CR0=00000011 CR2=00000000 CR3=00000000 CR4=00000000
DR0=00000000 DR1=00000000 DR2=00000000 DR3=00000000 
DR6=ffff0ff0 DR7=00000400
CCS=00000081 CCD=fffffff4 CCO=EFLAGS
EFER=0000000000000000
Servicing hardware INT=0x20
   221: v=20 e=0000 i=0 cpl=0 IP=0010:00100994 pc=00100994 SP=0018:001048d4 env->regs[R_EAX]=0000001c
EAX=0000001c EBX=0012dd00 ECX=00001900 EDX=00102844
ESI=001027c0 EDI=0012dd00 EBP=001048e4 ESP=001048d4
EIP=00100994 EFL=00000296 [--S-AP-] CPL=0 II=0 A20=1 SMM=0 HLT=0
ES =0018 00000000 ffffffff 00cf9300 DPL=0 DS   [-WA]
CS =0010 00000000 ffffffff 00cf9a00 DPL=0 CS32 [-R-]
SS =0018 00000000 ffffffff 00cf9300 DPL=0 DS   [-WA]
DS =0018 00000000 ffffffff 00cf9300 DPL=0 DS   [-WA]
FS =0018 00000000 ffffffff 00cf9300 DPL=0 DS   [-WA]
GS =0018 00000000 ffffffff 00cf9300 DPL=0 DS   [-WA]
LDT=0000 00000000 0000ffff 00008200 DPL=0 LDT
TR =0000 00000000 0000ffff 00008b00 DPL=0 TSS32-busy
GDT=     000010b0 00000020
IDT=     001295e0 000007ff
CR0=00000011 CR2=00000000 CR3=00000000 CR4=00000000
DR0=00000000 DR1=00000000 DR2=00000000 DR3=00000000 
DR6=ffff0ff0 DR7=00000400
CCS=00000094 CCD=ffffffff CCO=EFLAGS
EFER=0000000000000000
Servicing hardware INT=0x20
   222: v=20 e=0000 i=0 cpl=0 IP=0010:001016c3 pc=001016c3 SP=0018:0012dc9c env->regs[R_EAX]=000097f0
EAX=000097f0 EBX=00000320 ECX=00000001 EDX=00000000
ESI=00000080 EDI=00153db4 EBP=0012dcc8 ESP=0012dc9c
EIP=001016c3 EFL=00200297 [--S-APC] CPL=0 II=0 A20=1 SMM=0 HLT=0
ES =0018 00000000 ffffffff 00cf9300 DPL=0 DS   [-WA]
CS =0010 00000000 ffffffff 00cf9a00 DPL=0 CS32 [-R-]
SS =0018 00000000 ffffffff 00cf9300 DPL=0 DS   [-WA]
DS =0018 00000000 ffffffff 00cf9300 DPL=0 DS   [-WA]
FS =0018 00000000 ffffffff 00cf9300 DPL=0 DS   [-WA]
GS =0018 00000000 ffffffff 00cf9300 DPL=0 DS   [-WA]
LDT=0000 00000000 0000ffff 00008200 DPL=0 LDT
TR =0000 00000000 0000ffff 00008b00 DPL=0 TSS32-busy
GDT=     000010b0 00000020
IDT=     001295e0 000007ff
CR0=00000011 CR2=00000000 CR3=00000000 CR4=00000000
DR0=00000000 DR1=00000000 DR2=00000000 DR3=00000000 
DR6=ffff0ff0 DR7=00000400
CCS=00000095 CCD=fffffff9 CCO=EFLAGS
EFER=0000000000000000
Servicing hardware INT=0x20
   223: v=20 e=0000 i=0 cpl=0 IP=0010:00101196 pc=00101196 SP=0018:00103c44 env->regs[R_EAX]=00000186
EAX=00000186 EBX=00103d28 ECX=0000031a EDX=0000bf61
ESI=00102844 EDI=00000007 EBP=00103c54 ESP=00103c44
EIP=00101196 EFL=00000297 [--S-APC] CPL=0 II=0 A20=1 SMM=0 HLT=0
ES =0018 00000000 ffffffff 00cf9300 DPL=0 DS   [-WA]
CS =0010 00000000 ffffffff 00cf9a00 DPL=0 CS32 [-R-]
SS =0018 00000000 ffffffff 00cf9300 DPL=0 DS   [-WA]
DS =0018 00000000 ffffffff 00cf9300 DPL=0 DS   [-WA]
FS =0018 00000000 ffffffff 00cf9300 DPL=0 DS   [-WA]
GS =0018 00000000 ffffffff 00cf9300 DPL=0 DS   [-WA]
LDT=0000 00000000 0000ffff 00008200 DPL=0 LDT
TR =0000 00000000 0000ffff 00008b00 DPL=0 TSS32-busy
GDT=     000010b0 00000020
IDT=     001295e0 000007ff
CR0=00000011 CR2=00000000 CR3=00000000 CR4=00000000
DR0=00000000 DR1=00000000 DR2=00000000 DR3=00000000 
DR6=ffff0ff0 DR7=00000400
CCS=00000095 CCD=ffffffed CCO=EFLAGS
EFER=0000000000000000
Servicing hardware INT=0x20
   224: v=20 e=0000 i=0 cpl=0 IP=0010:00100994 pc=00100994 SP=0018:001048d4 env->regs[R_EAX]=0000001c
EAX=0000001c EBX=0012dd00 ECX=00001900 EDX=00102844
ESI=001027c0 EDI=0012dd00 EBP=001048e4 ESP=001048d4
EIP=00100994 EFL=00000296 [--S-AP-] CPL=0 II=0 A20=1 SMM=0 HLT=0
ES =0018 00000000 ffffffff 00cf9300 DPL=0 DS   [-WA]
CS =0010 00000000 ffffffff 00cf9a00 DPL=0 CS32 [-R-]
SS =0018 00000000 ffffffff 00cf9300 DPL=0 DS   [-WA]
DS =0018 00000000 ffffffff 00cf9300 DPL=0 DS   [-WA]
FS =0018 00000000 ffffffff 00cf9300 DPL=0 DS   [-WA]
GS =0018 00000000 ffffffff 00cf9300 DPL=0 DS   [-WA]
LDT=0000 00000000 0000ffff 00008200 DPL=0 LDT
TR =0000 00000000 0000ffff 00008b00 DPL=0 TSS32-busy
GDT=     000010b0 00000020
IDT=     001295e0 000007ff
CR0=00000011 CR2=00000000 CR3=00000000 CR4=00000000
DR0=00000000 DR1=00000000 DR2=00000000 DR3=00000000 
DR6=ffff0ff0 DR7=00000400
CCS=00000094 CCD=ffffffff CCO=EFLAGS
EFER=0000000000000000
Servicing hardware INT=0x20
   225: v=20 e=0000 i=0 cpl=0 IP=0010:00101c7d pc=00101c7d SP=0018:0012dd20 env->regs[R_EAX]=00102844
EAX=00102844 EBX=00010000 ECX=000b8000 EDX=00000001
ESI=00000000 EDI=00000000 EBP=0012dd68 ESP=0012dd20
EIP=00101c7d EFL=00200246 [---Z-P-] CPL=0 II=0 A20=1 SMM=0 HLT=0
ES =0018 00000000 ffffffff 00cf9300 DPL=0 DS   [-WA]
CS =0010 00000000 ffffffff 00cf9a00 DPL=0 CS32 [-R-]
SS =0018 00000000 ffffffff 00cf9300 DPL=0 DS   [-WA]
DS =0018 00000000 ffffffff 00cf9300 DPL=0 DS   [-WA]
FS =0018 00000000 ffffffff 00cf9300 DPL=0 DS   [-WA]
GS =0018 00000000 ffffffff 00cf9300 DPL=0 DS   [-WA]
LDT=0000 00000000 0000ffff 00008200 DPL=0 LDT
TR =0000 00000000 0000ffff 00008b00 DPL=0 TSS32-busy
GDT=     000010b0 00000020
IDT=     001295e0 000007ff
CR0=00000011 CR2=00000000 CR3=00000000 CR4=00000000
DR0=00000000 DR1=00000000 DR2=00000000 DR3=00000000 
DR6=ffff0ff0 DR7=00000400
CCS=00000044 CCD=00000000 CCO=EFLAGS
EFER=0000000000000000
Servicing hardware INT=0x20
   226: v=20 e=0000 i=0 cpl=0 IP=0010:00101196 pc=00101196 SP=0018:00103c44 env->regs[R_EAX]=0000011e
EAX=0000011e EBX=00103d28 ECX=00000266 EDX=00001d6f
ESI=00102844 EDI=00000015 EBP=00103c54 ESP=00103c44
EIP=00101196 EFL=00000293 [--S-A-C] CPL=0 II=0 A20=1 SMM=0 HLT=0
ES =0018 00000000 ffffffff 00cf9300 DPL=0 DS   [-WA]
CS =0010 00000000 ffffffff 00cf9a00 DPL=0 CS32 [-R-]
SS =0018 00000000 ffffffff 00cf9300 DPL=0 DS   [-WA]
DS =0018 00000000 ffffffff 00cf9300 DPL=0 DS   [-WA]
FS =0018 00000000 ffffffff 00cf9300 DPL=0 DS   [-WA]
GS =0018 00000000 ffffffff 00cf9300 DPL=0 DS   [-WA]
LDT=0000 00000000 0000ffff 00008200 DPL=0 LDT
TR =0000 00000000 0000ffff 00008b00 DPL=0 TSS32-busy
GDT=     000010b0 00000020
IDT=     001295e0 000007ff
CR0=00000011 CR2=00000000 CR3=00000000 CR4=00000000
DR0=00000000 DR1=00000000 DR2=00000000 DR3=00000000 
DR6=ffff0ff0 DR7=00000400
CCS=00000091 CCD=fffffffb CCO=EFLAGS
EFER=0000000000000000
Servicing hardware INT=0x20
   227: v=20 e=0000 i=0 cpl=0 IP=0010:00100994 pc=00100994 SP=0018:001048d4 env->regs[R_EAX]=0000001c
EAX=0000001c EBX=0012dd00 ECX=00001900 EDX=00102844
ESI=001027c0 EDI=0012dd00 EBP=001048e4 ESP=001048d4
EIP=00100994 EFL=00000296 [--S-AP-] CPL=0 II=0 A20=1 SMM=0 HLT=0
ES =0018 00000000 ffffffff 00cf9300 DPL=0 DS   [-WA]
CS =0010 00000000 ffffffff 00cf9a00 DPL=0 CS32 [-R-]
SS =0018 00000000 ffffffff 00cf9300 DPL=0 DS   [-WA]
DS =0018 00000000 ffffffff 00cf9300 DPL=0 DS   [-WA]
FS =0018 00000000 ffffffff 00cf9300 DPL=0 DS   [-WA]
GS =0018 00000000 ffffffff 00cf9300 DPL=0 DS   [-WA]
LDT=0000 00000000 0000ffff 00008200 DPL=0 LDT
TR =0000 00000000 0000ffff 00008b00 DPL=0 TSS32-busy
GDT=     000010b0 00000020
IDT=     001295e0 000007ff
CR0=00000011 CR2=00000000 CR3=00000000 CR4=00000000
DR0=00000000 DR1=00000000 DR2=00000000 DR3=00000000 
DR6=ffff0ff0 DR7=00000400
CCS=00000094 CCD=ffffffff CCO=EFLAGS
EFER=0000000000000000
Servicing hardware INT=0x20
   228: v=20 e=0000 i=0 cpl=0 IP=0010:001016f3 pc=001016f3 SP=0018:0012dd0c env->regs[R_EAX]=001016f3
EAX=001016f3 EBX=00000001 ECX=0000001d EDX=00000007
ESI=0000001a EDI=0010351c EBP=0012dd68 ESP=0012dd0c
EIP=001016f3 EFL=00200293 [--S-A-C] CPL=0 II=0 A20=1 SMM=0 HLT=0
ES =0018 00000000 ffffffff 00cf9300 DPL=0 DS   [-WA]
CS =0010 00000000 ffffffff 00cf9a00 DPL=0 CS32 [-R-]
SS =0018 00000000 ffffffff 00cf9300 DPL=0 DS   [-WA]
DS =0018 00000000 ffffffff 00cf9300 DPL=0 DS   [-WA]
FS =0018 00000000 ffffffff 00cf9300 DPL=0 DS   [-WA]
GS =0018 00000000 ffffffff 00cf9300 DPL=0 DS   [-WA]
LDT=0000 00000000 0000ffff 00008200 DPL=0 LDT
TR =0000 00000000 0000ffff 00008b00 DPL=0 TSS32-busy
GDT=     000010b0 00000020
IDT=     001295e0 000007ff
CR0=00000011 CR2=00000000 CR3=00000000 CR4=00000000
DR0=00000000 DR1=00000000 DR2=00000000 DR3=00000000 
DR6=ffff0ff0 DR7=00000400
CCS=00000091 CCD=ffffffec CCO=EFLAGS
EFER=0000000000000000
Servicing hardware INT=0x20
   229: v=20 e=0000 i=0 cpl=0 IP=0010:00101196 pc=00101196 SP=0018:00103c44 env->regs[R_EAX]=000001ee
EAX=000001ee EBX=00103d28 ECX=000003f0 EDX=0000e120
ESI=00102844 EDI=0000000a EBP=00103c54 ESP=00103c44
EIP=00101196 EFL=00000287 [--S--PC] CPL=0 II=0 A20=1 SMM=0 HLT=0
ES =0018 00000000 ffffffff 00cf9300 DPL=0 DS   [-WA]
CS =0010 00000000 ffffffff 00cf9a00 DPL=0 CS32 [-R-]
SS =0018 00000000 ffffffff 00cf9300 DPL=0 DS   [-WA]
DS =0018 00000000 ffffffff 00cf9300 DPL=0 DS   [-WA]
FS =0018 00000000 ffffffff 00cf9300 DPL=0 DS   [-WA]
GS =0018 00000000 ffffffff 00cf9300 DPL=0 DS   [-WA]
LDT=0000 00000000 0000ffff 00008200 DPL=0 LDT
TR =0000 00000000 0000ffff 00008b00 DPL=0 TSS32-busy
GDT=     000010b0 00000020
IDT=     001295e0 000007ff
CR0=00000011 CR2=00000000 CR3=00000000 CR4=00000000
DR0=00000000 DR1=00000000 DR2=00000000 DR3=00000000 
DR6=ffff0ff0 DR7=00000400
CCS=00000085 CCD=fffffff0 CCO=EFLAGS
EFER=0000000000000000
Servicing hardware INT=0x20
   230: v=20 e=0000 i=0 cpl=0 IP=0010:00100994 pc=00100994 SP=0018:001048d4 env->regs[R_EAX]=0000001c
EAX=0000001c EBX=0012dd00 ECX=00001900 EDX=00102844
ESI=001027c0 EDI=0012dd00 EBP=001048e4 ESP=001048d4
EIP=00100994 EFL=00000296 [--S-AP-] CPL=0 II=0 A20=1 SMM=0 HLT=0
ES =0018 00000000 ffffffff 00cf9300 DPL=0 DS   [-WA]
CS =0010 00000000 ffffffff 00cf9a00 DPL=0 CS32 [-R-]
SS =0018 00000000 ffffffff 00cf9300 DPL=0 DS   [-WA]
DS =0018 00000000 ffffffff 00cf9300 DPL=0 DS   [-WA]
FS =0018 00000000 ffffffff 00cf9300 DPL=0 DS   [-WA]
GS =0018 00000000 ffffffff 00cf9300 DPL=0 DS   [-WA]
LDT=0000 00000000 0000ffff 00008200 DPL=0 LDT
TR =0000 00000000 0000ffff 00008b00 DPL=0 TSS32-busy
GDT=     000010b0 00000020
IDT=     001295e0 000007ff
CR0=00000011 CR2=00000000 CR3=00000000 CR4=00000000
DR0=00000000 DR1=00000000 DR2=00000000 DR3=00000000 
DR6=ffff0ff0 DR7=00000400
CCS=00000094 CCD=ffffffff CCO=EFLAGS
EFER=0000000000000000
Servicing hardware INT=0x20
   231: v=20 e=0000 i=0 cpl=0 IP=0010:00101c7d pc=00101c7d SP=0018:0012dd20 env->regs[R_EAX]=00102844
EAX=00102844 EBX=00010000 ECX=000b8000 EDX=00000001
ESI=00000000 EDI=00000000 EBP=0012dd68 ESP=0012dd20
EIP=00101c7d EFL=00200246 [---Z-P-] CPL=0 II=0 A20=1 SMM=0 HLT=0
ES =0018 00000000 ffffffff 00cf9300 DPL=0 DS   [-WA]
CS =0010 00000000 ffffffff 00cf9a00 DPL=0 CS32 [-R-]
SS =0018 00000000 ffffffff 00cf9300 DPL=0 DS   [-WA]
DS =0018 00000000 ffffffff 00cf9300 DPL=0 DS   [-WA]
FS =0018 00000000 ffffffff 00cf9300 DPL=0 DS   [-WA]
GS =0018 00000000 ffffffff 00cf9300 DPL=0 DS   [-WA]
LDT=0000 00000000 0000ffff 00008200 DPL=0 LDT
TR =0000 00000000 0000ffff 00008b00 DPL=0 TSS32-busy
GDT=     000010b0 00000020
IDT=     001295e0 000007ff
CR0=00000011 CR2=00000000 CR3=00000000 CR4=00000000
DR0=00000000 DR1=00000000 DR2=00000000 DR3=00000000 
DR6=ffff0ff0 DR7=00000400
CCS=00000044 CCD=00000000 CCO=EFLAGS
EFER=0000000000000000
Servicing hardware INT=0x20
   232: v=20 e=0000 i=0 cpl=0 IP=0010:001012a5 pc=001012a5 SP=0018:00103c5c env->regs[R_EAX]=00000001
EAX=00000001 EBX=001034e8 ECX=00001044 EDX=0000bd66
ESI=00102880 EDI=00000066 EBP=00103c94 ESP=00103c5c
EIP=001012a5 EFL=00000297 [--S-APC] CPL=0 II=0 A20=1 SMM=0 HLT=0
ES =0018 00000000 ffffffff 00cf9300 DPL=0 DS   [-WA]
CS =0010 00000000 ffffffff 00cf9a00 DPL=0 CS32 [-R-]
SS =0018 00000000 ffffffff 00cf9300 DPL=0 DS   [-WA]
DS =0018 00000000 ffffffff 00cf9300 DPL=0 DS   [-WA]
FS =0018 00000000 ffffffff 00cf9300 DPL=0 DS   [-WA]
GS =0018 00000000 ffffffff 00cf9300 DPL=0 DS   [-WA]
LDT=0000 00000000 0000ffff 00008200 DPL=0 LDT
TR =0000 00000000 0000ffff 00008b00 DPL=0 TSS32-busy
GDT=     000010b0 00000020
IDT=     001295e0 000007ff
CR0=00000011 CR2=00000000 CR3=00000000 CR4=00000000
DR0=00000000 DR1=00000000 DR2=00000000 DR3=00000000 
DR6=ffff0ff0 DR7=00000400
CCS=00000095 CCD=ffffffe8 CCO=EFLAGS
EFER=0000000000000000
Servicing hardware INT=0x20
   233: v=20 e=0000 i=0 cpl=0 IP=0010:00100994 pc=00100994 SP=0018:001048d4 env->regs[R_EAX]=0000001c
EAX=0000001c EBX=0012dd00 ECX=00001900 EDX=00102844
ESI=001027c0 EDI=0012dd00 EBP=001048e4 ESP=001048d4
EIP=00100994 EFL=00000296 [--S-AP-] CPL=0 II=0 A20=1 SMM=0 HLT=0
ES =0018 00000000 ffffffff 00cf9300 DPL=0 DS   [-WA]
CS =0010 00000000 ffffffff 00cf9a00 DPL=0 CS32 [-R-]
SS =0018 00000000 ffffffff 00cf9300 DPL=0 DS   [-WA]
DS =0018 00000000 ffffffff 00cf9300 DPL=0 DS   [-WA]
FS =0018 00000000 ffffffff 00cf9300 DPL=0 DS   [-WA]
GS =0018 00000000 ffffffff 00cf9300 DPL=0 DS   [-WA]
LDT=0000 00000000 0000ffff 00008200 DPL=0 LDT
TR =0000 00000000 0000ffff 00008b00 DPL=0 TSS32-busy
GDT=     000010b0 00000020
IDT=     001295e0 000007ff
CR0=00000011 CR2=00000000 CR3=00000000 CR4=00000000
DR0=00000000 DR1=00000000 DR2=00000000 DR3=00000000 
DR6=ffff0ff0 DR7=00000400
CCS=00000094 CCD=ffffffff CCO=EFLAGS
EFER=0000000000000000
Servicing hardware INT=0x20
   234: v=20 e=0000 i=0 cpl=0 IP=0010:001019b8 pc=001019b8 SP=0018:0012dd64 env->regs[R_EAX]=0024d804
EAX=0024d804 EBX=006e96c2 ECX=003029f4 EDX=fd11fa10
ESI=0012dd78 EDI=00000000 EBP=0012dd68 ESP=0012dd64
EIP=001019b8 EFL=00200202 [-------] CPL=0 II=0 A20=1 SMM=0 HLT=0
ES =0018 00000000 ffffffff 00cf9300 DPL=0 DS   [-WA]
CS =0010 00000000 ffffffff 00cf9a00 DPL=0 CS32 [-R-]
SS =0018 00000000 ffffffff 00cf9300 DPL=0 DS   [-WA]
DS =0018 00000000 ffffffff 00cf9300 DPL=0 DS   [-WA]
FS =0018 00000000 ffffffff 00cf9300 DPL=0 DS   [-WA]
GS =0018 00000000 ffffffff 00cf9300 DPL=0 DS   [-WA]
LDT=0000 00000000 0000ffff 00008200 DPL=0 LDT
TR =0000 00000000 0000ffff 00008b00 DPL=0 TSS32-busy
GDT=     000010b0 00000020
IDT=     001295e0 000007ff
CR0=00000011 CR2=00000000 CR3=00000000 CR4=00000000
DR0=00000000 DR1=00000000 DR2=00000000 DR3=00000000 
DR6=ffff0ff0 DR7=00000400
CCS=00000000 CCD=0024d804 CCO=EFLAGS
EFER=0000000000000000
Servicing hardware INT=0x20
   235: v=20 e=0000 i=0 cpl=0 IP=0010:00101268 pc=00101268 SP=0018:00103c5c env->regs[R_EAX]=00102844
EAX=00102844 EBX=001034e8 ECX=00000c68 EDX=001034ac
ESI=00102880 EDI=0000000e EBP=00103c94 ESP=00103c5c
EIP=00101268 EFL=00000202 [-------] CPL=0 II=0 A20=1 SMM=0 HLT=0
ES =0018 00000000 ffffffff 00cf9300 DPL=0 DS   [-WA]
CS =0010 00000000 ffffffff 00cf9a00 DPL=0 CS32 [-R-]
SS =0018 00000000 ffffffff 00cf9300 DPL=0 DS   [-WA]
DS =0018 00000000 ffffffff 00cf9300 DPL=0 DS   [-WA]
FS =0018 00000000 ffffffff 00cf9300 DPL=0 DS   [-WA]
GS =0018 00000000 ffffffff 00cf9300 DPL=0 DS   [-WA]
LDT=0000 00000000 0000ffff 00008200 DPL=0 LDT
TR =0000 00000000 0000ffff 00008b00 DPL=0 TSS32-busy
GDT=     000010b0 00000020
IDT=     001295e0 000007ff
CR0=00000011 CR2=00000000 CR3=00000000 CR4=00000000
DR0=00000000 DR1=00000000 DR2=00000000 DR3=00000000 
DR6=ffff0ff0 DR7=00000400
CCS=00000000 CCD=00000067 CCO=EFLAGS
EFER=0000000000000000
Servicing hardware INT=0x20
   236: v=20 e=0000 i=0 cpl=0 IP=0010:00100994 pc=00100994 SP=0018:001048d4 env->regs[R_EAX]=0000001c
EAX=0000001c EBX=0012dd00 ECX=00001900 EDX=00102844
ESI=001027c0 EDI=0012dd00 EBP=001048e4 ESP=001048d4
EIP=00100994 EFL=00000296 [--S-AP-] CPL=0 II=0 A20=1 SMM=0 HLT=0
ES =0018 00000000 ffffffff 00cf9300 DPL=0 DS   [-WA]
CS =0010 00000000 ffffffff 00cf9a00 DPL=0 CS32 [-R-]
SS =0018 00000000 ffffffff 00cf9300 DPL=0 DS   [-WA]
DS =0018 00000000 ffffffff 00cf9300 DPL=0 DS   [-WA]
FS =0018 00000000 ffffffff 00cf9300 DPL=0 DS   [-WA]
GS =0018 00000000 ffffffff 00cf9300 DPL=0 DS   [-WA]
LDT=0000 00000000 0000ffff 00008200 DPL=0 LDT
TR =0000 00000000 0000ffff 00008b00 DPL=0 TSS32-busy
GDT=     000010b0 00000020
IDT=     001295e0 000007ff
CR0=00000011 CR2=00000000 CR3=00000000 CR4=00000000
DR0=00000000 DR1=00000000 DR2=00000000 DR3=00000000 
DR6=ffff0ff0 DR7=00000400
CCS=00000094 CCD=ffffffff CCO=EFLAGS
EFER=0000000000000000
Servicing hardware INT=0x20
   237: v=20 e=0000 i=0 cpl=0 IP=0010:00101c7d pc=00101c7d SP=0018:0012dd20 env->regs[R_EAX]=00102844
EAX=00102844 EBX=00010000 ECX=000b8000 EDX=00000001
ESI=00000000 EDI=00000000 EBP=0012dd68 ESP=0012dd20
EIP=00101c7d EFL=00200246 [---Z-P-] CPL=0 II=0 A20=1 SMM=0 HLT=0
ES =0018 00000000 ffffffff 00cf9300 DPL=0 DS   [-WA]
CS =0010 00000000 ffffffff 00cf9a00 DPL=0 CS32 [-R-]
SS =0018 00000000 ffffffff 00cf9300 DPL=0 DS   [-WA]
DS =0018 00000000 ffffffff 00cf9300 DPL=0 DS   [-WA]
FS =0018 00000000 ffffffff 00cf9300 DPL=0 DS   [-WA]
GS =0018 00000000 ffffffff 00cf9300 DPL=0 DS   [-WA]
LDT=0000 00000000 0000ffff 00008200 DPL=0 LDT
TR =0000 00000000 0000ffff 00008b00 DPL=0 TSS32-busy
GDT=     000010b0 00000020
IDT=     001295e0 000007ff
CR0=00000011 CR2=00000000 CR3=00000000 CR4=00000000
DR0=00000000 DR1=00000000 DR2=00000000 DR3=00000000 
DR6=ffff0ff0 DR7=00000400
CCS=00000044 CCD=00000000 CCO=EFLAGS
EFER=0000000000000000
Servicing hardware INT=0x20
   238: v=20 e=0000 i=0 cpl=0 IP=0010:001012e3 pc=001012e3 SP=0018:00103c5c env->regs[R_EAX]=00000010
EAX=00000010 EBX=001034e8 ECX=00001062 EDX=00005f62
ESI=00102880 EDI=00000062 EBP=00103c94 ESP=00103c5c
EIP=001012e3 EFL=00000246 [---Z-P-] CPL=0 II=0 A20=1 SMM=0 HLT=0
ES =0018 00000000 ffffffff 00cf9300 DPL=0 DS   [-WA]
CS =0010 00000000 ffffffff 00cf9a00 DPL=0 CS32 [-R-]
SS =0018 00000000 ffffffff 00cf9300 DPL=0 DS   [-WA]
DS =0018 00000000 ffffffff 00cf9300 DPL=0 DS   [-WA]
FS =0018 00000000 ffffffff 00cf9300 DPL=0 DS   [-WA]
GS =0018 00000000 ffffffff 00cf9300 DPL=0 DS   [-WA]
LDT=0000 00000000 0000ffff 00008200 DPL=0 LDT
TR =0000 00000000 0000ffff 00008b00 DPL=0 TSS32-busy
GDT=     000010b0 00000020
IDT=     001295e0 000007ff
CR0=00000011 CR2=00000000 CR3=00000000 CR4=00000000
DR0=00000000 DR1=00000000 DR2=00000000 DR3=00000000 
DR6=ffff0ff0 DR7=00000400
CCS=00000044 CCD=00000000 CCO=EFLAGS
EFER=0000000000000000
Servicing hardware INT=0x20
   239: v=20 e=0000 i=0 cpl=0 IP=0010:00100994 pc=00100994 SP=0018:001048d4 env->regs[R_EAX]=0000001c
EAX=0000001c EBX=0012dd00 ECX=00001900 EDX=00102844
ESI=001027c0 EDI=0012dd00 EBP=001048e4 ESP=001048d4
EIP=00100994 EFL=00000296 [--S-AP-] CPL=0 II=0 A20=1 SMM=0 HLT=0
ES =0018 00000000 ffffffff 00cf9300 DPL=0 DS   [-WA]
CS =0010 00000000 ffffffff 00cf9a00 DPL=0 CS32 [-R-]
SS =0018 00000000 ffffffff 00cf9300 DPL=0 DS   [-WA]
DS =0018 00000000 ffffffff 00cf9300 DPL=0 DS   [-WA]
FS =0018 00000000 ffffffff 00cf9300 DPL=0 DS   [-WA]
GS =0018 00000000 ffffffff 00cf9300 DPL=0 DS   [-WA]
LDT=0000 00000000 0000ffff 00008200 DPL=0 LDT
TR =0000 00000000 0000ffff 00008b00 DPL=0 TSS32-busy
GDT=     000010b0 00000020
IDT=     001295e0 000007ff
CR0=00000011 CR2=00000000 CR3=00000000 CR4=00000000
DR0=00000000 DR1=00000000 DR2=00000000 DR3=00000000 
DR6=ffff0ff0 DR7=00000400
CCS=00000094 CCD=ffffffff CCO=EFLAGS
EFER=0000000000000000
Servicing hardware INT=0x20
   240: v=20 e=0000 i=0 cpl=0 IP=0010:00101c7d pc=00101c7d SP=0018:0012dd20 env->regs[R_EAX]=00102844
EAX=00102844 EBX=00010000 ECX=000b8000 EDX=00000001
ESI=00000000 EDI=00000000 EBP=0012dd68 ESP=0012dd20
EIP=00101c7d EFL=00200246 [---Z-P-] CPL=0 II=0 A20=1 SMM=0 HLT=0
ES =0018 00000000 ffffffff 00cf9300 DPL=0 DS   [-WA]
CS =0010 00000000 ffffffff 00cf9a00 DPL=0 CS32 [-R-]
SS =0018 00000000 ffffffff 00cf9300 DPL=0 DS   [-WA]
DS =0018 00000000 ffffffff 00cf9300 DPL=0 DS   [-WA]
FS =0018 00000000 ffffffff 00cf9300 DPL=0 DS   [-WA]
GS =0018 00000000 ffffffff 00cf9300 DPL=0 DS   [-WA]
LDT=0000 00000000 0000ffff 00008200 DPL=0 LDT
TR =0000 00000000 0000ffff 00008b00 DPL=0 TSS32-busy
GDT=     000010b0 00000020
IDT=     001295e0 000007ff
CR0=00000011 CR2=00000000 CR3=00000000 CR4=00000000
DR0=00000000 DR1=00000000 DR2=00000000 DR3=00000000 
DR6=ffff0ff0 DR7=00000400
CCS=00000044 CCD=00000000 CCO=EFLAGS
EFER=0000000000000000
Servicing hardware INT=0x20
   241: v=20 e=0000 i=0 cpl=0 IP=0010:00101196 pc=00101196 SP=0018:00103c44 env->regs[R_EAX]=000000ea
EAX=000000ea EBX=00103d28 ECX=000001fc EDX=00003f6f
ESI=00102844 EDI=00000014 EBP=00103c54 ESP=00103c44
EIP=00101196 EFL=00000297 [--S-APC] CPL=0 II=0 A20=1 SMM=0 HLT=0
ES =0018 00000000 ffffffff 00cf9300 DPL=0 DS   [-WA]
CS =0010 00000000 ffffffff 00cf9a00 DPL=0 CS32 [-R-]
SS =0018 00000000 ffffffff 00cf9300 DPL=0 DS   [-WA]
DS =0018 00000000 ffffffff 00cf9300 DPL=0 DS   [-WA]
FS =0018 00000000 ffffffff 00cf9300 DPL=0 DS   [-WA]
GS =0018 00000000 ffffffff 00cf9300 DPL=0 DS   [-WA]
LDT=0000 00000000 0000ffff 00008200 DPL=0 LDT
TR =0000 00000000 0000ffff 00008b00 DPL=0 TSS32-busy
GDT=     000010b0 00000020
IDT=     001295e0 000007ff
CR0=00000011 CR2=00000000 CR3=00000000 CR4=00000000
DR0=00000000 DR1=00000000 DR2=00000000 DR3=00000000 
DR6=ffff0ff0 DR7=00000400
CCS=00000095 CCD=fffffffa CCO=EFLAGS
EFER=0000000000000000
Servicing hardware INT=0x20
   242: v=20 e=0000 i=0 cpl=0 IP=0010:00100994 pc=00100994 SP=0018:001048d4 env->regs[R_EAX]=0000001c
EAX=0000001c EBX=0012dd00 ECX=00001900 EDX=00102844
ESI=001027c0 EDI=0012dd00 EBP=001048e4 ESP=001048d4
EIP=00100994 EFL=00000296 [--S-AP-] CPL=0 II=0 A20=1 SMM=0 HLT=0
ES =0018 00000000 ffffffff 00cf9300 DPL=0 DS   [-WA]
CS =0010 00000000 ffffffff 00cf9a00 DPL=0 CS32 [-R-]
SS =0018 00000000 ffffffff 00cf9300 DPL=0 DS   [-WA]
DS =0018 00000000 ffffffff 00cf9300 DPL=0 DS   [-WA]
FS =0018 00000000 ffffffff 00cf9300 DPL=0 DS   [-WA]
GS =0018 00000000 ffffffff 00cf9300 DPL=0 DS   [-WA]
LDT=0000 00000000 0000ffff 00008200 DPL=0 LDT
TR =0000 00000000 0000ffff 00008b00 DPL=0 TSS32-busy
GDT=     000010b0 00000020
IDT=     001295e0 000007ff
CR0=00000011 CR2=00000000 CR3=00000000 CR4=00000000
DR0=00000000 DR1=00000000 DR2=00000000 DR3=00000000 
DR6=ffff0ff0 DR7=00000400
CCS=00000094 CCD=ffffffff CCO=EFLAGS
EFER=0000000000000000
Servicing hardware INT=0x20
   243: v=20 e=0000 i=0 cpl=0 IP=0010:00101c7d pc=00101c7d SP=0018:0012dd20 env->regs[R_EAX]=00102844
EAX=00102844 EBX=00010000 ECX=000b8000 EDX=00000001
ESI=00000000 EDI=00000000 EBP=0012dd68 ESP=0012dd20
EIP=00101c7d EFL=00200246 [---Z-P-] CPL=0 II=0 A20=1 SMM=0 HLT=0
ES =0018 00000000 ffffffff 00cf9300 DPL=0 DS   [-WA]
CS =0010 00000000 ffffffff 00cf9a00 DPL=0 CS32 [-R-]
SS =0018 00000000 ffffffff 00cf9300 DPL=0 DS   [-WA]
DS =0018 00000000 ffffffff 00cf9300 DPL=0 DS   [-WA]
FS =0018 00000000 ffffffff 00cf9300 DPL=0 DS   [-WA]
GS =0018 00000000 ffffffff 00cf9300 DPL=0 DS   [-WA]
LDT=0000 00000000 0000ffff 00008200 DPL=0 LDT
TR =0000 00000000 0000ffff 00008b00 DPL=0 TSS32-busy
GDT=     000010b0 00000020
IDT=     001295e0 000007ff
CR0=00000011 CR2=00000000 CR3=00000000 CR4=00000000
DR0=00000000 DR1=00000000 DR2=00000000 DR3=00000000 
DR6=ffff0ff0 DR7=00000400
CCS=00000044 CCD=00000000 CCO=EFLAGS
EFER=0000000000000000
Servicing hardware INT=0x20
   244: v=20 e=0000 i=0 cpl=0 IP=0010:001011dd pc=001011dd SP=0018:00103c98 env->regs[R_EAX]=0000006f
EAX=0000006f EBX=00100072 ECX=00001058 EDX=0000c76f
ESI=0010006f EDI=00000000 EBP=00103cb4 ESP=00103c98
EIP=001011dd EFL=00000206 [-----P-] CPL=0 II=0 A20=1 SMM=0 HLT=0
ES =0018 00000000 ffffffff 00cf9300 DPL=0 DS   [-WA]
CS =0010 00000000 ffffffff 00cf9a00 DPL=0 CS32 [-R-]
SS =0018 00000000 ffffffff 00cf9300 DPL=0 DS   [-WA]
DS =0018 00000000 ffffffff 00cf9300 DPL=0 DS   [-WA]
FS =0018 00000000 ffffffff 00cf9300 DPL=0 DS   [-WA]
GS =0018 00000000 ffffffff 00cf9300 DPL=0 DS   [-WA]
LDT=0000 00000000 0000ffff 00008200 DPL=0 LDT
TR =0000 00000000 0000ffff 00008b00 DPL=0 TSS32-busy
GDT=     000010b0 00000020
IDT=     001295e0 000007ff
CR0=00000011 CR2=00000000 CR3=00000000 CR4=00000000
DR0=00000000 DR1=00000000 DR2=00000000 DR3=00000000 
DR6=ffff0ff0 DR7=00000400
CCS=00000004 CCD=00103ca0 CCO=EFLAGS
EFER=0000000000000000
Servicing hardware INT=0x20
   245: v=20 e=0000 i=0 cpl=0 IP=0010:00100994 pc=00100994 SP=0018:001048d4 env->regs[R_EAX]=0000001c
EAX=0000001c EBX=0012dd00 ECX=00001900 EDX=00102844
ESI=001027c0 EDI=0012dd00 EBP=001048e4 ESP=001048d4
EIP=00100994 EFL=00000296 [--S-AP-] CPL=0 II=0 A20=1 SMM=0 HLT=0
ES =0018 00000000 ffffffff 00cf9300 DPL=0 DS   [-WA]
CS =0010 00000000 ffffffff 00cf9a00 DPL=0 CS32 [-R-]
SS =0018 00000000 ffffffff 00cf9300 DPL=0 DS   [-WA]
DS =0018 00000000 ffffffff 00cf9300 DPL=0 DS   [-WA]
FS =0018 00000000 ffffffff 00cf9300 DPL=0 DS   [-WA]
GS =0018 00000000 ffffffff 00cf9300 DPL=0 DS   [-WA]
LDT=0000 00000000 0000ffff 00008200 DPL=0 LDT
TR =0000 00000000 0000ffff 00008b00 DPL=0 TSS32-busy
GDT=     000010b0 00000020
IDT=     001295e0 000007ff
CR0=00000011 CR2=00000000 CR3=00000000 CR4=00000000
DR0=00000000 DR1=00000000 DR2=00000000 DR3=00000000 
DR6=ffff0ff0 DR7=00000400
CCS=00000094 CCD=ffffffff CCO=EFLAGS
EFER=0000000000000000
Servicing hardware INT=0x20
   246: v=20 e=0000 i=0 cpl=0 IP=0010:00101c7d pc=00101c7d SP=0018:0012dd20 env->regs[R_EAX]=00102844
EAX=00102844 EBX=00010000 ECX=000b8000 EDX=000000f3
ESI=00000000 EDI=00000000 EBP=0012dd68 ESP=0012dd20
EIP=00101c7d EFL=00200283 [--S---C] CPL=0 II=0 A20=1 SMM=0 HLT=0
ES =0018 00000000 ffffffff 00cf9300 DPL=0 DS   [-WA]
CS =0010 00000000 ffffffff 00cf9a00 DPL=0 CS32 [-R-]
SS =0018 00000000 ffffffff 00cf9300 DPL=0 DS   [-WA]
DS =0018 00000000 ffffffff 00cf9300 DPL=0 DS   [-WA]
FS =0018 00000000 ffffffff 00cf9300 DPL=0 DS   [-WA]
GS =0018 00000000 ffffffff 00cf9300 DPL=0 DS   [-WA]
LDT=0000 00000000 0000ffff 00008200 DPL=0 LDT
TR =0000 00000000 0000ffff 00008b00 DPL=0 TSS32-busy
GDT=     000010b0 00000020
IDT=     001295e0 000007ff
CR0=00000011 CR2=00000000 CR3=00000000 CR4=00000000
DR0=00000000 DR1=00000000 DR2=00000000 DR3=00000000 
DR6=ffff0ff0 DR7=00000400
CCS=00000081 CCD=fffff152 CCO=EFLAGS
EFER=0000000000000000
Servicing hardware INT=0x20
   247: v=20 e=0000 i=0 cpl=0 IP=0010:0010122f pc=0010122f SP=0018:00103c5c env->regs[R_EAX]=00102844
EAX=00102844 EBX=0000003c ECX=00001048 EDX=0000b172
ESI=00102880 EDI=00000066 EBP=00103c94 ESP=00103c5c
EIP=0010122f EFL=00000216 [----AP-] CPL=0 II=0 A20=1 SMM=0 HLT=0
ES =0018 00000000 ffffffff 00cf9300 DPL=0 DS   [-WA]
CS =0010 00000000 ffffffff 00cf9a00 DPL=0 CS32 [-R-]
SS =0018 00000000 ffffffff 00cf9300 DPL=0 DS   [-WA]
DS =0018 00000000 ffffffff 00cf9300 DPL=0 DS   [-WA]
FS =0018 00000000 ffffffff 00cf9300 DPL=0 DS   [-WA]
GS =0018 00000000 ffffffff 00cf9300 DPL=0 DS   [-WA]
LDT=0000 00000000 0000ffff 00008200 DPL=0 LDT
TR =0000 00000000 0000ffff 00008b00 DPL=0 TSS32-busy
GDT=     000010b0 00000020
IDT=     001295e0 000007ff
CR0=00000011 CR2=00000000 CR3=00000000 CR4=00000000
DR0=00000000 DR1=00000000 DR2=00000000 DR3=00000000 
DR6=ffff0ff0 DR7=00000400
CCS=00000014 CCD=0000005c CCO=EFLAGS
EFER=0000000000000000
Servicing hardware INT=0x20
   248: v=20 e=0000 i=0 cpl=0 IP=0010:00100994 pc=00100994 SP=0018:001048d4 env->regs[R_EAX]=0000001c
EAX=0000001c EBX=0012dd00 ECX=00001900 EDX=00102844
ESI=001027c0 EDI=0012dd00 EBP=001048e4 ESP=001048d4
EIP=00100994 EFL=00000296 [--S-AP-] CPL=0 II=0 A20=1 SMM=0 HLT=0
ES =0018 00000000 ffffffff 00cf9300 DPL=0 DS   [-WA]
CS =0010 00000000 ffffffff 00cf9a00 DPL=0 CS32 [-R-]
SS =0018 00000000 ffffffff 00cf9300 DPL=0 DS   [-WA]
DS =0018 00000000 ffffffff 00cf9300 DPL=0 DS   [-WA]
FS =0018 00000000 ffffffff 00cf9300 DPL=0 DS   [-WA]
GS =0018 00000000 ffffffff 00cf9300 DPL=0 DS   [-WA]
LDT=0000 00000000 0000ffff 00008200 DPL=0 LDT
TR =0000 00000000 0000ffff 00008b00 DPL=0 TSS32-busy
GDT=     000010b0 00000020
IDT=     001295e0 000007ff
CR0=00000011 CR2=00000000 CR3=00000000 CR4=00000000
DR0=00000000 DR1=00000000 DR2=00000000 DR3=00000000 
DR6=ffff0ff0 DR7=00000400
CCS=00000094 CCD=ffffffff CCO=EFLAGS
EFER=0000000000000000
Servicing hardware INT=0x20
   249: v=20 e=0000 i=0 cpl=0 IP=0010:00101c7d pc=00101c7d SP=0018:0012dd20 env->regs[R_EAX]=00102844
EAX=00102844 EBX=00010000 ECX=000b8000 EDX=000001b9
ESI=00000000 EDI=00000000 EBP=0012dd68 ESP=0012dd20
EIP=00101c7d EFL=00200287 [--S--PC] CPL=0 II=0 A20=1 SMM=0 HLT=0
ES =0018 00000000 ffffffff 00cf9300 DPL=0 DS   [-WA]
CS =0010 00000000 ffffffff 00cf9a00 DPL=0 CS32 [-R-]
SS =0018 00000000 ffffffff 00cf9300 DPL=0 DS   [-WA]
DS =0018 00000000 ffffffff 00cf9300 DPL=0 DS   [-WA]
FS =0018 00000000 ffffffff 00cf9300 DPL=0 DS   [-WA]
GS =0018 00000000 ffffffff 00cf9300 DPL=0 DS   [-WA]
LDT=0000 00000000 0000ffff 00008200 DPL=0 LDT
TR =0000 00000000 0000ffff 00008b00 DPL=0 TSS32-busy
GDT=     000010b0 00000020
IDT=     001295e0 000007ff
CR0=00000011 CR2=00000000 CR3=00000000 CR4=00000000
DR0=00000000 DR1=00000000 DR2=00000000 DR3=00000000 
DR6=ffff0ff0 DR7=00000400
CCS=00000085 CCD=fffff218 CCO=EFLAGS
EFER=0000000000000000
Servicing hardware INT=0x20
   250: v=20 e=0000 i=0 cpl=0 IP=0010:001012eb pc=001012eb SP=0018:00103cb8 env->regs[R_EAX]=00104140
EAX=00104140 EBX=0012dd8c ECX=00001056 EDX=00003b72
ESI=0010006f EDI=00000000 EBP=00103cd4 ESP=00103cb8
EIP=001012eb EFL=00000202 [-------] CPL=0 II=0 A20=1 SMM=0 HLT=0
ES =0018 00000000 ffffffff 00cf9300 DPL=0 DS   [-WA]
CS =0010 00000000 ffffffff 00cf9a00 DPL=0 CS32 [-R-]
SS =0018 00000000 ffffffff 00cf9300 DPL=0 DS   [-WA]
DS =0018 00000000 ffffffff 00cf9300 DPL=0 DS   [-WA]
FS =0018 00000000 ffffffff 00cf9300 DPL=0 DS   [-WA]
GS =0018 00000000 ffffffff 00cf9300 DPL=0 DS   [-WA]
LDT=0000 00000000 0000ffff 00008200 DPL=0 LDT
TR =0000 00000000 0000ffff 00008b00 DPL=0 TSS32-busy
GDT=     000010b0 00000020
IDT=     001295e0 000007ff
CR0=00000011 CR2=00000000 CR3=00000000 CR4=00000000
DR0=00000000 DR1=00000000 DR2=00000000 DR3=00000000 
DR6=ffff0ff0 DR7=00000400
CCS=00000000 CCD=0000003d CCO=EFLAGS
EFER=0000000000000000
Servicing hardware INT=0x20
   251: v=20 e=0000 i=0 cpl=0 IP=0010:00100994 pc=00100994 SP=0018:001048d4 env->regs[R_EAX]=0000001c
EAX=0000001c EBX=0012dd00 ECX=00001900 EDX=00102844
ESI=001027c0 EDI=0012dd00 EBP=001048e4 ESP=001048d4
EIP=00100994 EFL=00000296 [--S-AP-] CPL=0 II=0 A20=1 SMM=0 HLT=0
ES =0018 00000000 ffffffff 00cf9300 DPL=0 DS   [-WA]
CS =0010 00000000 ffffffff 00cf9a00 DPL=0 CS32 [-R-]
SS =0018 00000000 ffffffff 00cf9300 DPL=0 DS   [-WA]
DS =0018 00000000 ffffffff 00cf9300 DPL=0 DS   [-WA]
FS =0018 00000000 ffffffff 00cf9300 DPL=0 DS   [-WA]
GS =0018 00000000 ffffffff 00cf9300 DPL=0 DS   [-WA]
LDT=0000 00000000 0000ffff 00008200 DPL=0 LDT
TR =0000 00000000 0000ffff 00008b00 DPL=0 TSS32-busy
GDT=     000010b0 00000020
IDT=     001295e0 000007ff
CR0=00000011 CR2=00000000 CR3=00000000 CR4=00000000
DR0=00000000 DR1=00000000 DR2=00000000 DR3=00000000 
DR6=ffff0ff0 DR7=00000400
CCS=00000094 CCD=ffffffff CCO=EFLAGS
EFER=0000000000000000
Servicing hardware INT=0x20
   252: v=20 e=0000 i=0 cpl=0 IP=0010:00101c7d pc=00101c7d SP=0018:0012dd20 env->regs[R_EAX]=00102844
EAX=00102844 EBX=00010000 ECX=000b8000 EDX=0000018d
ESI=00000000 EDI=00000000 EBP=0012dd68 ESP=0012dd20
EIP=00101c7d EFL=00200283 [--S---C] CPL=0 II=0 A20=1 SMM=0 HLT=0
ES =0018 00000000 ffffffff 00cf9300 DPL=0 DS   [-WA]
CS =0010 00000000 ffffffff 00cf9a00 DPL=0 CS32 [-R-]
SS =0018 00000000 ffffffff 00cf9300 DPL=0 DS   [-WA]
DS =0018 00000000 ffffffff 00cf9300 DPL=0 DS   [-WA]
FS =0018 00000000 ffffffff 00cf9300 DPL=0 DS   [-WA]
GS =0018 00000000 ffffffff 00cf9300 DPL=0 DS   [-WA]
LDT=0000 00000000 0000ffff 00008200 DPL=0 LDT
TR =0000 00000000 0000ffff 00008b00 DPL=0 TSS32-busy
GDT=     000010b0 00000020
IDT=     001295e0 000007ff
CR0=00000011 CR2=00000000 CR3=00000000 CR4=00000000
DR0=00000000 DR1=00000000 DR2=00000000 DR3=00000000 
DR6=ffff0ff0 DR7=00000400
CCS=00000081 CCD=fffff1ec CCO=EFLAGS
EFER=0000000000000000
Servicing hardware INT=0x20
   253: v=20 e=0000 i=0 cpl=0 IP=0010:001012eb pc=001012eb SP=0018:00103cb8 env->regs[R_EAX]=00104140
EAX=00104140 EBX=0012dd8c ECX=00001058 EDX=0000c572
ESI=0010006f EDI=00000000 EBP=00103cd4 ESP=00103cb8
EIP=001012eb EFL=00000282 [--S----] CPL=0 II=0 A20=1 SMM=0 HLT=0
ES =0018 00000000 ffffffff 00cf9300 DPL=0 DS   [-WA]
CS =0010 00000000 ffffffff 00cf9a00 DPL=0 CS32 [-R-]
SS =0018 00000000 ffffffff 00cf9300 DPL=0 DS   [-WA]
DS =0018 00000000 ffffffff 00cf9300 DPL=0 DS   [-WA]
FS =0018 00000000 ffffffff 00cf9300 DPL=0 DS   [-WA]
GS =0018 00000000 ffffffff 00cf9300 DPL=0 DS   [-WA]
LDT=0000 00000000 0000ffff 00008200 DPL=0 LDT
TR =0000 00000000 0000ffff 00008b00 DPL=0 TSS32-busy
GDT=     000010b0 00000020
IDT=     001295e0 000007ff
CR0=00000011 CR2=00000000 CR3=00000000 CR4=00000000
DR0=00000000 DR1=00000000 DR2=00000000 DR3=00000000 
DR6=ffff0ff0 DR7=00000400
CCS=00000080 CCD=000000c7 CCO=EFLAGS
EFER=0000000000000000
Servicing hardware INT=0x20
   254: v=20 e=0000 i=0 cpl=0 IP=0010:00100994 pc=00100994 SP=0018:001048d4 env->regs[R_EAX]=0000001c
EAX=0000001c EBX=0012dd00 ECX=00001900 EDX=00102844
ESI=001027c0 EDI=0012dd00 EBP=001048e4 ESP=001048d4
EIP=00100994 EFL=00000296 [--S-AP-] CPL=0 II=0 A20=1 SMM=0 HLT=0
ES =0018 00000000 ffffffff 00cf9300 DPL=0 DS   [-WA]
CS =0010 00000000 ffffffff 00cf9a00 DPL=0 CS32 [-R-]
SS =0018 00000000 ffffffff 00cf9300 DPL=0 DS   [-WA]
DS =0018 00000000 ffffffff 00cf9300 DPL=0 DS   [-WA]
FS =0018 00000000 ffffffff 00cf9300 DPL=0 DS   [-WA]
GS =0018 00000000 ffffffff 00cf9300 DPL=0 DS   [-WA]
LDT=0000 00000000 0000ffff 00008200 DPL=0 LDT
TR =0000 00000000 0000ffff 00008b00 DPL=0 TSS32-busy
GDT=     000010b0 00000020
IDT=     001295e0 000007ff
CR0=00000011 CR2=00000000 CR3=00000000 CR4=00000000
DR0=00000000 DR1=00000000 DR2=00000000 DR3=00000000 
DR6=ffff0ff0 DR7=00000400
CCS=00000094 CCD=ffffffff CCO=EFLAGS
EFER=0000000000000000
Servicing hardware INT=0x20
   255: v=20 e=0000 i=0 cpl=0 IP=0010:00101c7d pc=00101c7d SP=0018:0012dd20 env->regs[R_EAX]=00102844
EAX=00102844 EBX=00010000 ECX=000b8000 EDX=000001f9
ESI=00000000 EDI=00000000 EBP=0012dd68 ESP=0012dd20
EIP=00101c7d EFL=00200283 [--S---C] CPL=0 II=0 A20=1 SMM=0 HLT=0
ES =0018 00000000 ffffffff 00cf9300 DPL=0 DS   [-WA]
CS =0010 00000000 ffffffff 00cf9a00 DPL=0 CS32 [-R-]
SS =0018 00000000 ffffffff 00cf9300 DPL=0 DS   [-WA]
DS =0018 00000000 ffffffff 00cf9300 DPL=0 DS   [-WA]
FS =0018 00000000 ffffffff 00cf9300 DPL=0 DS   [-WA]
GS =0018 00000000 ffffffff 00cf9300 DPL=0 DS   [-WA]
LDT=0000 00000000 0000ffff 00008200 DPL=0 LDT
TR =0000 00000000 0000ffff 00008b00 DPL=0 TSS32-busy
GDT=     000010b0 00000020
IDT=     001295e0 000007ff
CR0=00000011 CR2=00000000 CR3=00000000 CR4=00000000
DR0=00000000 DR1=00000000 DR2=00000000 DR3=00000000 
DR6=ffff0ff0 DR7=00000400
CCS=00000081 CCD=fffff258 CCO=EFLAGS
EFER=0000000000000000
Servicing hardware INT=0x20
   256: v=20 e=0000 i=0 cpl=0 IP=0010:00101304 pc=00101304 SP=0018:00103c9c env->regs[R_EAX]=00000019
EAX=00000019 EBX=00100074 ECX=00001074 EDX=0000e162
ESI=0010006f EDI=00000000 EBP=00103cb4 ESP=00103c9c
EIP=00101304 EFL=00000246 [---Z-P-] CPL=0 II=0 A20=1 SMM=0 HLT=0
ES =0018 00000000 ffffffff 00cf9300 DPL=0 DS   [-WA]
CS =0010 00000000 ffffffff 00cf9a00 DPL=0 CS32 [-R-]
SS =0018 00000000 ffffffff 00cf9300 DPL=0 DS   [-WA]
DS =0018 00000000 ffffffff 00cf9300 DPL=0 DS   [-WA]
FS =0018 00000000 ffffffff 00cf9300 DPL=0 DS   [-WA]
GS =0018 00000000 ffffffff 00cf9300 DPL=0 DS   [-WA]
LDT=0000 00000000 0000ffff 00008200 DPL=0 LDT
TR =0000 00000000 0000ffff 00008b00 DPL=0 TSS32-busy
GDT=     000010b0 00000020
IDT=     001295e0 000007ff
CR0=00000011 CR2=00000000 CR3=00000000 CR4=00000000
DR0=00000000 DR1=00000000 DR2=00000000 DR3=00000000 
DR6=ffff0ff0 DR7=00000400
CCS=00000044 CCD=00000000 CCO=EFLAGS
EFER=0000000000000000
Servicing hardware INT=0x20
   257: v=20 e=0000 i=0 cpl=0 IP=0010:00100994 pc=00100994 SP=0018:001048d4 env->regs[R_EAX]=0000001c
EAX=0000001c EBX=0012dd00 ECX=00001900 EDX=00102844
ESI=001027c0 EDI=0012dd00 EBP=001048e4 ESP=001048d4
EIP=00100994 EFL=00000296 [--S-AP-] CPL=0 II=0 A20=1 SMM=0 HLT=0
ES =0018 00000000 ffffffff 00cf9300 DPL=0 DS   [-WA]
CS =0010 00000000 ffffffff 00cf9a00 DPL=0 CS32 [-R-]
SS =0018 00000000 ffffffff 00cf9300 DPL=0 DS   [-WA]
DS =0018 00000000 ffffffff 00cf9300 DPL=0 DS   [-WA]
FS =0018 00000000 ffffffff 00cf9300 DPL=0 DS   [-WA]
GS =0018 00000000 ffffffff 00cf9300 DPL=0 DS   [-WA]
LDT=0000 00000000 0000ffff 00008200 DPL=0 LDT
TR =0000 00000000 0000ffff 00008b00 DPL=0 TSS32-busy
GDT=     000010b0 00000020
IDT=     001295e0 000007ff
CR0=00000011 CR2=00000000 CR3=00000000 CR4=00000000
DR0=00000000 DR1=00000000 DR2=00000000 DR3=00000000 
DR6=ffff0ff0 DR7=00000400
CCS=00000094 CCD=ffffffff CCO=EFLAGS
EFER=0000000000000000
Servicing hardware INT=0x20
   258: v=20 e=0000 i=0 cpl=0 IP=0010:001019b8 pc=001019b8 SP=0018:0012dd64 env->regs[R_EAX]=00224eb8
EAX=00224eb8 EBX=006e96c2 ECX=003029f4 EDX=fd0f70c4
ESI=0012dd78 EDI=00000000 EBP=0012dd68 ESP=0012dd64
EIP=001019b8 EFL=00200206 [-----P-] CPL=0 II=0 A20=1 SMM=0 HLT=0
ES =0018 00000000 ffffffff 00cf9300 DPL=0 DS   [-WA]
CS =0010 00000000 ffffffff 00cf9a00 DPL=0 CS32 [-R-]
SS =0018 00000000 ffffffff 00cf9300 DPL=0 DS   [-WA]
DS =0018 00000000 ffffffff 00cf9300 DPL=0 DS   [-WA]
FS =0018 00000000 ffffffff 00cf9300 DPL=0 DS   [-WA]
GS =0018 00000000 ffffffff 00cf9300 DPL=0 DS   [-WA]
LDT=0000 00000000 0000ffff 00008200 DPL=0 LDT
TR =0000 00000000 0000ffff 00008b00 DPL=0 TSS32-busy
GDT=     000010b0 00000020
IDT=     001295e0 000007ff
CR0=00000011 CR2=00000000 CR3=00000000 CR4=00000000
DR0=00000000 DR1=00000000 DR2=00000000 DR3=00000000 
DR6=ffff0ff0 DR7=00000400
CCS=00000004 CCD=00224eb8 CCO=EFLAGS
EFER=0000000000000000
Servicing hardware INT=0x20
   259: v=20 e=0000 i=0 cpl=0 IP=0010:00101196 pc=00101196 SP=0018:00103c44 env->regs[R_EAX]=00000152
EAX=00000152 EBX=00103d28 ECX=000002ae EDX=00008f61
ESI=00102844 EDI=00000005 EBP=00103c54 ESP=00103c44
EIP=00101196 EFL=00000297 [--S-APC] CPL=0 II=0 A20=1 SMM=0 HLT=0
ES =0018 00000000 ffffffff 00cf9300 DPL=0 DS   [-WA]
CS =0010 00000000 ffffffff 00cf9a00 DPL=0 CS32 [-R-]
SS =0018 00000000 ffffffff 00cf9300 DPL=0 DS   [-WA]
DS =0018 00000000 ffffffff 00cf9300 DPL=0 DS   [-WA]
FS =0018 00000000 ffffffff 00cf9300 DPL=0 DS   [-WA]
GS =0018 00000000 ffffffff 00cf9300 DPL=0 DS   [-WA]
LDT=0000 00000000 0000ffff 00008200 DPL=0 LDT
TR =0000 00000000 0000ffff 00008b00 DPL=0 TSS32-busy
GDT=     000010b0 00000020
IDT=     001295e0 000007ff
CR0=00000011 CR2=00000000 CR3=00000000 CR4=00000000
DR0=00000000 DR1=00000000 DR2=00000000 DR3=00000000 
DR6=ffff0ff0 DR7=00000400
CCS=00000095 CCD=ffffffeb CCO=EFLAGS
EFER=0000000000000000
Servicing hardware INT=0x20
   260: v=20 e=0000 i=0 cpl=0 IP=0010:00100994 pc=00100994 SP=0018:001048d4 env->regs[R_EAX]=0000001c
EAX=0000001c EBX=0012dd00 ECX=00001900 EDX=00102844
ESI=001027c0 EDI=0012dd00 EBP=001048e4 ESP=001048d4
EIP=00100994 EFL=00000296 [--S-AP-] CPL=0 II=0 A20=1 SMM=0 HLT=0
ES =0018 00000000 ffffffff 00cf9300 DPL=0 DS   [-WA]
CS =0010 00000000 ffffffff 00cf9a00 DPL=0 CS32 [-R-]
SS =0018 00000000 ffffffff 00cf9300 DPL=0 DS   [-WA]
DS =0018 00000000 ffffffff 00cf9300 DPL=0 DS   [-WA]
FS =0018 00000000 ffffffff 00cf9300 DPL=0 DS   [-WA]
GS =0018 00000000 ffffffff 00cf9300 DPL=0 DS   [-WA]
LDT=0000 00000000 0000ffff 00008200 DPL=0 LDT
TR =0000 00000000 0000ffff 00008b00 DPL=0 TSS32-busy
GDT=     000010b0 00000020
IDT=     001295e0 000007ff
CR0=00000011 CR2=00000000 CR3=00000000 CR4=00000000
DR0=00000000 DR1=00000000 DR2=00000000 DR3=00000000 
DR6=ffff0ff0 DR7=00000400
CCS=00000094 CCD=ffffffff CCO=EFLAGS
EFER=0000000000000000
Servicing hardware INT=0x20
   261: v=20 e=0000 i=0 cpl=0 IP=0010:00101c44 pc=00101c44 SP=0018:0012dd20 env->regs[R_EAX]=00102844
EAX=00102844 EBX=00010000 ECX=00075300 EDX=0002f67f
ESI=0012ddf4 EDI=00000000 EBP=0012dd68 ESP=0012dd20
EIP=00101c44 EFL=00200203 [------C] CPL=0 II=0 A20=1 SMM=0 HLT=0
ES =0018 00000000 ffffffff 00cf9300 DPL=0 DS   [-WA]
CS =0010 00000000 ffffffff 00cf9a00 DPL=0 CS32 [-R-]
SS =0018 00000000 ffffffff 00cf9300 DPL=0 DS   [-WA]
DS =0018 00000000 ffffffff 00cf9300 DPL=0 DS   [-WA]
FS =0018 00000000 ffffffff 00cf9300 DPL=0 DS   [-WA]
GS =0018 00000000 ffffffff 00cf9300 DPL=0 DS   [-WA]
LDT=0000 00000000 0000ffff 00008200 DPL=0 LDT
TR =0000 00000000 0000ffff 00008b00 DPL=0 TSS32-busy
GDT=     000010b0 00000020
IDT=     001295e0 000007ff
CR0=00000011 CR2=00000000 CR3=00000000 CR4=00000000
DR0=00000000 DR1=00000000 DR2=00000000 DR3=00000000 
DR6=ffff0ff0 DR7=00000400
CCS=00000001 CCD=0002f67f CCO=EFLAGS
EFER=0000000000000000
Servicing hardware INT=0x20
   262: v=20 e=0000 i=0 cpl=0 IP=0010:001011c9 pc=001011c9 SP=0018:00103c44 env->regs[R_EAX]=0000f320
EAX=0000f320 EBX=00103d28 ECX=00000410 EDX=00000001
ESI=00102844 EDI=0000001a EBP=00103c54 ESP=00103c44
EIP=001011c9 EFL=00000297 [--S-APC] CPL=0 II=0 A20=1 SMM=0 HLT=0
ES =0018 00000000 ffffffff 00cf9300 DPL=0 DS   [-WA]
CS =0010 00000000 ffffffff 00cf9a00 DPL=0 CS32 [-R-]
SS =0018 00000000 ffffffff 00cf9300 DPL=0 DS   [-WA]
DS =0018 00000000 ffffffff 00cf9300 DPL=0 DS   [-WA]
FS =0018 00000000 ffffffff 00cf9300 DPL=0 DS   [-WA]
GS =0018 00000000 ffffffff 00cf9300 DPL=0 DS   [-WA]
LDT=0000 00000000 0000ffff 00008200 DPL=0 LDT
TR =0000 00000000 0000ffff 00008b00 DPL=0 TSS32-busy
GDT=     000010b0 00000020
IDT=     001295e0 000007ff
CR0=00000011 CR2=00000000 CR3=00000000 CR4=00000000
DR0=00000000 DR1=00000000 DR2=00000000 DR3=00000000 
DR6=ffff0ff0 DR7=00000400
CCS=00000095 CCD=ffffffe7 CCO=EFLAGS
EFER=0000000000000000
Servicing hardware INT=0x20
   263: v=20 e=0000 i=0 cpl=0 IP=0010:00100994 pc=00100994 SP=0018:001048d4 env->regs[R_EAX]=0000001c
EAX=0000001c EBX=0012dd00 ECX=00001900 EDX=00102844
ESI=001027c0 EDI=0012dd00 EBP=001048e4 ESP=001048d4
EIP=00100994 EFL=00000296 [--S-AP-] CPL=0 II=0 A20=1 SMM=0 HLT=0
ES =0018 00000000 ffffffff 00cf9300 DPL=0 DS   [-WA]
CS =0010 00000000 ffffffff 00cf9a00 DPL=0 CS32 [-R-]
SS =0018 00000000 ffffffff 00cf9300 DPL=0 DS   [-WA]
DS =0018 00000000 ffffffff 00cf9300 DPL=0 DS   [-WA]
FS =0018 00000000 ffffffff 00cf9300 DPL=0 DS   [-WA]
GS =0018 00000000 ffffffff 00cf9300 DPL=0 DS   [-WA]
LDT=0000 00000000 0000ffff 00008200 DPL=0 LDT
TR =0000 00000000 0000ffff 00008b00 DPL=0 TSS32-busy
GDT=     000010b0 00000020
IDT=     001295e0 000007ff
CR0=00000011 CR2=00000000 CR3=00000000 CR4=00000000
DR0=00000000 DR1=00000000 DR2=00000000 DR3=00000000 
DR6=ffff0ff0 DR7=00000400
CCS=00000094 CCD=ffffffff CCO=EFLAGS
EFER=0000000000000000
Servicing hardware INT=0x20
   264: v=20 e=0000 i=0 cpl=0 IP=0010:00101c44 pc=00101c44 SP=0018:0012dd20 env->regs[R_EAX]=00102844
EAX=00102844 EBX=00010000 ECX=00075300 EDX=0003f660
ESI=0012ddf4 EDI=00000000 EBP=0012dd68 ESP=0012dd20
EIP=00101c44 EFL=00200217 [----APC] CPL=0 II=0 A20=1 SMM=0 HLT=0
ES =0018 00000000 ffffffff 00cf9300 DPL=0 DS   [-WA]
CS =0010 00000000 ffffffff 00cf9a00 DPL=0 CS32 [-R-]
SS =0018 00000000 ffffffff 00cf9300 DPL=0 DS   [-WA]
DS =0018 00000000 ffffffff 00cf9300 DPL=0 DS   [-WA]
FS =0018 00000000 ffffffff 00cf9300 DPL=0 DS   [-WA]
GS =0018 00000000 ffffffff 00cf9300 DPL=0 DS   [-WA]
LDT=0000 00000000 0000ffff 00008200 DPL=0 LDT
TR =0000 00000000 0000ffff 00008b00 DPL=0 TSS32-busy
GDT=     000010b0 00000020
IDT=     001295e0 000007ff
CR0=00000011 CR2=00000000 CR3=00000000 CR4=00000000
DR0=00000000 DR1=00000000 DR2=00000000 DR3=00000000 
DR6=ffff0ff0 DR7=00000400
CCS=00000015 CCD=0003f660 CCO=EFLAGS
EFER=0000000000000000
Servicing hardware INT=0x20
   265: v=20 e=0000 i=0 cpl=0 IP=0010:00101304 pc=00101304 SP=0018:00103c9c env->regs[R_EAX]=00000009
EAX=00000009 EBX=00100074 ECX=00001054 EDX=00002962
ESI=0010006f EDI=00000000 EBP=00103cb4 ESP=00103c9c
EIP=00101304 EFL=00000246 [---Z-P-] CPL=0 II=0 A20=1 SMM=0 HLT=0
ES =0018 00000000 ffffffff 00cf9300 DPL=0 DS   [-WA]
CS =0010 00000000 ffffffff 00cf9a00 DPL=0 CS32 [-R-]
SS =0018 00000000 ffffffff 00cf9300 DPL=0 DS   [-WA]
DS =0018 00000000 ffffffff 00cf9300 DPL=0 DS   [-WA]
FS =0018 00000000 ffffffff 00cf9300 DPL=0 DS   [-WA]
GS =0018 00000000 ffffffff 00cf9300 DPL=0 DS   [-WA]
LDT=0000 00000000 0000ffff 00008200 DPL=0 LDT
TR =0000 00000000 0000ffff 00008b00 DPL=0 TSS32-busy
GDT=     000010b0 00000020
IDT=     001295e0 000007ff
CR0=00000011 CR2=00000000 CR3=00000000 CR4=00000000
DR0=00000000 DR1=00000000 DR2=00000000 DR3=00000000 
DR6=ffff0ff0 DR7=00000400
CCS=00000044 CCD=00000000 CCO=EFLAGS
EFER=0000000000000000
Servicing hardware INT=0x20
   266: v=20 e=0000 i=0 cpl=0 IP=0010:00100994 pc=00100994 SP=0018:001048d4 env->regs[R_EAX]=0000001c
EAX=0000001c EBX=0012dd00 ECX=00001900 EDX=00102844
ESI=001027c0 EDI=0012dd00 EBP=001048e4 ESP=001048d4
EIP=00100994 EFL=00000296 [--S-AP-] CPL=0 II=0 A20=1 SMM=0 HLT=0
ES =0018 00000000 ffffffff 00cf9300 DPL=0 DS   [-WA]
CS =0010 00000000 ffffffff 00cf9a00 DPL=0 CS32 [-R-]
SS =0018 00000000 ffffffff 00cf9300 DPL=0 DS   [-WA]
DS =0018 00000000 ffffffff 00cf9300 DPL=0 DS   [-WA]
FS =0018 00000000 ffffffff 00cf9300 DPL=0 DS   [-WA]
GS =0018 00000000 ffffffff 00cf9300 DPL=0 DS   [-WA]
LDT=0000 00000000 0000ffff 00008200 DPL=0 LDT
TR =0000 00000000 0000ffff 00008b00 DPL=0 TSS32-busy
GDT=     000010b0 00000020
IDT=     001295e0 000007ff
CR0=00000011 CR2=00000000 CR3=00000000 CR4=00000000
DR0=00000000 DR1=00000000 DR2=00000000 DR3=00000000 
DR6=ffff0ff0 DR7=00000400
CCS=00000094 CCD=ffffffff CCO=EFLAGS
EFER=0000000000000000
Servicing hardware INT=0x20
   267: v=20 e=0000 i=0 cpl=0 IP=0010:00101c44 pc=00101c44 SP=0018:0012dd20 env->regs[R_EAX]=00102844
EAX=00102844 EBX=00010000 ECX=00075300 EDX=00072a21
ESI=0012ddf4 EDI=00000000 EBP=0012dd68 ESP=0012dd20
EIP=00101c44 EFL=00200207 [-----PC] CPL=0 II=0 A20=1 SMM=0 HLT=0
ES =0018 00000000 ffffffff 00cf9300 DPL=0 DS   [-WA]
CS =0010 00000000 ffffffff 00cf9a00 DPL=0 CS32 [-R-]
SS =0018 00000000 ffffffff 00cf9300 DPL=0 DS   [-WA]
DS =0018 00000000 ffffffff 00cf9300 DPL=0 DS   [-WA]
FS =0018 00000000 ffffffff 00cf9300 DPL=0 DS   [-WA]
GS =0018 00000000 ffffffff 00cf9300 DPL=0 DS   [-WA]
LDT=0000 00000000 0000ffff 00008200 DPL=0 LDT
TR =0000 00000000 0000ffff 00008b00 DPL=0 TSS32-busy
GDT=     000010b0 00000020
IDT=     001295e0 000007ff
CR0=00000011 CR2=00000000 CR3=00000000 CR4=00000000
DR0=00000000 DR1=00000000 DR2=00000000 DR3=00000000 
DR6=ffff0ff0 DR7=00000400
CCS=00000005 CCD=00072a21 CCO=EFLAGS
EFER=0000000000000000
Servicing hardware INT=0x20
   268: v=20 e=0000 i=0 cpl=0 IP=0010:00101268 pc=00101268 SP=0018:00103c5c env->regs[R_EAX]=00102844
EAX=00102844 EBX=001034e8 ECX=00000c68 EDX=001034ac
ESI=00102880 EDI=00000017 EBP=00103c94 ESP=00103c5c
EIP=00101268 EFL=00000212 [----A--] CPL=0 II=0 A20=1 SMM=0 HLT=0
ES =0018 00000000 ffffffff 00cf9300 DPL=0 DS   [-WA]
CS =0010 00000000 ffffffff 00cf9a00 DPL=0 CS32 [-R-]
SS =0018 00000000 ffffffff 00cf9300 DPL=0 DS   [-WA]
DS =0018 00000000 ffffffff 00cf9300 DPL=0 DS   [-WA]
FS =0018 00000000 ffffffff 00cf9300 DPL=0 DS   [-WA]
GS =0018 00000000 ffffffff 00cf9300 DPL=0 DS   [-WA]
LDT=0000 00000000 0000ffff 00008200 DPL=0 LDT
TR =0000 00000000 0000ffff 00008b00 DPL=0 TSS32-busy
GDT=     000010b0 00000020
IDT=     001295e0 000007ff
CR0=00000011 CR2=00000000 CR3=00000000 CR4=00000000
DR0=00000000 DR1=00000000 DR2=00000000 DR3=00000000 
DR6=ffff0ff0 DR7=00000400
CCS=00000010 CCD=0000005e CCO=EFLAGS
EFER=0000000000000000
Servicing hardware INT=0x20
   269: v=20 e=0000 i=0 cpl=0 IP=0010:00100994 pc=00100994 SP=0018:001048d4 env->regs[R_EAX]=0000001c
EAX=0000001c EBX=0012dd00 ECX=00001900 EDX=00102844
ESI=001027c0 EDI=0012dd00 EBP=001048e4 ESP=001048d4
EIP=00100994 EFL=00000296 [--S-AP-] CPL=0 II=0 A20=1 SMM=0 HLT=0
ES =0018 00000000 ffffffff 00cf9300 DPL=0 DS   [-WA]
CS =0010 00000000 ffffffff 00cf9a00 DPL=0 CS32 [-R-]
SS =0018 00000000 ffffffff 00cf9300 DPL=0 DS   [-WA]
DS =0018 00000000 ffffffff 00cf9300 DPL=0 DS   [-WA]
FS =0018 00000000 ffffffff 00cf9300 DPL=0 DS   [-WA]
GS =0018 00000000 ffffffff 00cf9300 DPL=0 DS   [-WA]
LDT=0000 00000000 0000ffff 00008200 DPL=0 LDT
TR =0000 00000000 0000ffff 00008b00 DPL=0 TSS32-busy
GDT=     000010b0 00000020
IDT=     001295e0 000007ff
CR0=00000011 CR2=00000000 CR3=00000000 CR4=00000000
DR0=00000000 DR1=00000000 DR2=00000000 DR3=00000000 
DR6=ffff0ff0 DR7=00000400
CCS=00000094 CCD=ffffffff CCO=EFLAGS
EFER=0000000000000000
Servicing hardware INT=0x20
   270: v=20 e=0000 i=0 cpl=0 IP=0010:00101c7d pc=00101c7d SP=0018:0012dd20 env->regs[R_EAX]=00102844
EAX=00102844 EBX=00010000 ECX=000b8000 EDX=00000001
ESI=00000000 EDI=00000000 EBP=0012dd68 ESP=0012dd20
EIP=00101c7d EFL=00200246 [---Z-P-] CPL=0 II=0 A20=1 SMM=0 HLT=0
ES =0018 00000000 ffffffff 00cf9300 DPL=0 DS   [-WA]
CS =0010 00000000 ffffffff 00cf9a00 DPL=0 CS32 [-R-]
SS =0018 00000000 ffffffff 00cf9300 DPL=0 DS   [-WA]
DS =0018 00000000 ffffffff 00cf9300 DPL=0 DS   [-WA]
FS =0018 00000000 ffffffff 00cf9300 DPL=0 DS   [-WA]
GS =0018 00000000 ffffffff 00cf9300 DPL=0 DS   [-WA]
LDT=0000 00000000 0000ffff 00008200 DPL=0 LDT
TR =0000 00000000 0000ffff 00008b00 DPL=0 TSS32-busy
GDT=     000010b0 00000020
IDT=     001295e0 000007ff
CR0=00000011 CR2=00000000 CR3=00000000 CR4=00000000
DR0=00000000 DR1=00000000 DR2=00000000 DR3=00000000 
DR6=ffff0ff0 DR7=00000400
CCS=00000044 CCD=00000000 CCO=EFLAGS
EFER=0000000000000000
Servicing hardware INT=0x20
   271: v=20 e=0000 i=0 cpl=0 IP=0010:00101196 pc=00101196 SP=0018:00103c44 env->regs[R_EAX]=00000186
EAX=00000186 EBX=00103d28 ECX=00000310 EDX=0000bb62
ESI=00102844 EDI=00000002 EBP=00103c54 ESP=00103c44
EIP=00101196 EFL=00000297 [--S-APC] CPL=0 II=0 A20=1 SMM=0 HLT=0
ES =0018 00000000 ffffffff 00cf9300 DPL=0 DS   [-WA]
CS =0010 00000000 ffffffff 00cf9a00 DPL=0 CS32 [-R-]
SS =0018 00000000 ffffffff 00cf9300 DPL=0 DS   [-WA]
DS =0018 00000000 ffffffff 00cf9300 DPL=0 DS   [-WA]
FS =0018 00000000 ffffffff 00cf9300 DPL=0 DS   [-WA]
GS =0018 00000000 ffffffff 00cf9300 DPL=0 DS   [-WA]
LDT=0000 00000000 0000ffff 00008200 DPL=0 LDT
TR =0000 00000000 0000ffff 00008b00 DPL=0 TSS32-busy
GDT=     000010b0 00000020
IDT=     001295e0 000007ff
CR0=00000011 CR2=00000000 CR3=00000000 CR4=00000000
DR0=00000000 DR1=00000000 DR2=00000000 DR3=00000000 
DR6=ffff0ff0 DR7=00000400
CCS=00000095 CCD=ffffffe8 CCO=EFLAGS
EFER=0000000000000000
Servicing hardware INT=0x20
   272: v=20 e=0000 i=0 cpl=0 IP=0010:00100994 pc=00100994 SP=0018:001048d4 env->regs[R_EAX]=0000001c
EAX=0000001c EBX=0012dd00 ECX=00001900 EDX=00102844
ESI=001027c0 EDI=0012dd00 EBP=001048e4 ESP=001048d4
EIP=00100994 EFL=00000296 [--S-AP-] CPL=0 II=0 A20=1 SMM=0 HLT=0
ES =0018 00000000 ffffffff 00cf9300 DPL=0 DS   [-WA]
CS =0010 00000000 ffffffff 00cf9a00 DPL=0 CS32 [-R-]
SS =0018 00000000 ffffffff 00cf9300 DPL=0 DS   [-WA]
DS =0018 00000000 ffffffff 00cf9300 DPL=0 DS   [-WA]
FS =0018 00000000 ffffffff 00cf9300 DPL=0 DS   [-WA]
GS =0018 00000000 ffffffff 00cf9300 DPL=0 DS   [-WA]
LDT=0000 00000000 0000ffff 00008200 DPL=0 LDT
TR =0000 00000000 0000ffff 00008b00 DPL=0 TSS32-busy
GDT=     000010b0 00000020
IDT=     001295e0 000007ff
CR0=00000011 CR2=00000000 CR3=00000000 CR4=00000000
DR0=00000000 DR1=00000000 DR2=00000000 DR3=00000000 
DR6=ffff0ff0 DR7=00000400
CCS=00000094 CCD=ffffffff CCO=EFLAGS
EFER=0000000000000000
Servicing hardware INT=0x20
   273: v=20 e=0000 i=0 cpl=0 IP=0010:00101632 pc=00101632 SP=0018:0012dccc env->regs[R_EAX]=00101632
EAX=00101632 EBX=00000320 ECX=0000007f EDX=00000001
ESI=00000000 EDI=00158ef4 EBP=0012dd08 ESP=0012dccc
EIP=00101632 EFL=00200202 [-------] CPL=0 II=0 A20=1 SMM=0 HLT=0
ES =0018 00000000 ffffffff 00cf9300 DPL=0 DS   [-WA]
CS =0010 00000000 ffffffff 00cf9a00 DPL=0 CS32 [-R-]
SS =0018 00000000 ffffffff 00cf9300 DPL=0 DS   [-WA]
DS =0018 00000000 ffffffff 00cf9300 DPL=0 DS   [-WA]
FS =0018 00000000 ffffffff 00cf9300 DPL=0 DS   [-WA]
GS =0018 00000000 ffffffff 00cf9300 DPL=0 DS   [-WA]
LDT=0000 00000000 0000ffff 00008200 DPL=0 LDT
TR =0000 00000000 0000ffff 00008b00 DPL=0 TSS32-busy
GDT=     000010b0 00000020
IDT=     001295e0 000007ff
CR0=00000011 CR2=00000000 CR3=00000000 CR4=00000000
DR0=00000000 DR1=00000000 DR2=00000000 DR3=00000000 
DR6=ffff0ff0 DR7=00000400
CCS=00000000 CCD=0012dce0 CCO=EFLAGS
EFER=0000000000000000
Servicing hardware INT=0x20
   274: v=20 e=0000 i=0 cpl=0 IP=0010:001012a5 pc=001012a5 SP=0018:00103c5c env->regs[R_EAX]=00000002
EAX=00000002 EBX=001034e8 ECX=00001046 EDX=0000a362
ESI=00102880 EDI=00000062 EBP=00103c94 ESP=00103c5c
EIP=001012a5 EFL=00000293 [--S-A-C] CPL=0 II=0 A20=1 SMM=0 HLT=0
ES =0018 00000000 ffffffff 00cf9300 DPL=0 DS   [-WA]
CS =0010 00000000 ffffffff 00cf9a00 DPL=0 CS32 [-R-]
SS =0018 00000000 ffffffff 00cf9300 DPL=0 DS   [-WA]
DS =0018 00000000 ffffffff 00cf9300 DPL=0 DS   [-WA]
FS =0018 00000000 ffffffff 00cf9300 DPL=0 DS   [-WA]
GS =0018 00000000 ffffffff 00cf9300 DPL=0 DS   [-WA]
LDT=0000 00000000 0000ffff 00008200 DPL=0 LDT
TR =0000 00000000 0000ffff 00008b00 DPL=0 TSS32-busy
GDT=     000010b0 00000020
IDT=     001295e0 000007ff
CR0=00000011 CR2=00000000 CR3=00000000 CR4=00000000
DR0=00000000 DR1=00000000 DR2=00000000 DR3=00000000 
DR6=ffff0ff0 DR7=00000400
CCS=00000091 CCD=ffffffe9 CCO=EFLAGS
EFER=0000000000000000
Servicing hardware INT=0x20
   275: v=20 e=0000 i=0 cpl=0 IP=0010:00100994 pc=00100994 SP=0018:001048d4 env->regs[R_EAX]=0000001c
EAX=0000001c EBX=0012dd00 ECX=00001900 EDX=00102844
ESI=001027c0 EDI=0012dd00 EBP=001048e4 ESP=001048d4
EIP=00100994 EFL=00000296 [--S-AP-] CPL=0 II=0 A20=1 SMM=0 HLT=0
ES =0018 00000000 ffffffff 00cf9300 DPL=0 DS   [-WA]
CS =0010 00000000 ffffffff 00cf9a00 DPL=0 CS32 [-R-]
SS =0018 00000000 ffffffff 00cf9300 DPL=0 DS   [-WA]
DS =0018 00000000 ffffffff 00cf9300 DPL=0 DS   [-WA]
FS =0018 00000000 ffffffff 00cf9300 DPL=0 DS   [-WA]
GS =0018 00000000 ffffffff 00cf9300 DPL=0 DS   [-WA]
LDT=0000 00000000 0000ffff 00008200 DPL=0 LDT
TR =0000 00000000 0000ffff 00008b00 DPL=0 TSS32-busy
GDT=     000010b0 00000020
IDT=     001295e0 000007ff
CR0=00000011 CR2=00000000 CR3=00000000 CR4=00000000
DR0=00000000 DR1=00000000 DR2=00000000 DR3=00000000 
DR6=ffff0ff0 DR7=00000400
CCS=00000094 CCD=ffffffff CCO=EFLAGS
EFER=0000000000000000
Servicing hardware INT=0x20
   276: v=20 e=0000 i=0 cpl=0 IP=0010:00101c7d pc=00101c7d SP=0018:0012dd20 env->regs[R_EAX]=00102844
EAX=00102844 EBX=00010000 ECX=000b8000 EDX=00000001
ESI=00000000 EDI=00000000 EBP=0012dd68 ESP=0012dd20
EIP=00101c7d EFL=00200246 [---Z-P-] CPL=0 II=0 A20=1 SMM=0 HLT=0
ES =0018 00000000 ffffffff 00cf9300 DPL=0 DS   [-WA]
CS =0010 00000000 ffffffff 00cf9a00 DPL=0 CS32 [-R-]
SS =0018 00000000 ffffffff 00cf9300 DPL=0 DS   [-WA]
DS =0018 00000000 ffffffff 00cf9300 DPL=0 DS   [-WA]
FS =0018 00000000 ffffffff 00cf9300 DPL=0 DS   [-WA]
GS =0018 00000000 ffffffff 00cf9300 DPL=0 DS   [-WA]
LDT=0000 00000000 0000ffff 00008200 DPL=0 LDT
TR =0000 00000000 0000ffff 00008b00 DPL=0 TSS32-busy
GDT=     000010b0 00000020
IDT=     001295e0 000007ff
CR0=00000011 CR2=00000000 CR3=00000000 CR4=00000000
DR0=00000000 DR1=00000000 DR2=00000000 DR3=00000000 
DR6=ffff0ff0 DR7=00000400
CCS=00000044 CCD=00000000 CCO=EFLAGS
EFER=0000000000000000
Servicing hardware INT=0x20
   277: v=20 e=0000 i=0 cpl=0 IP=0010:00101196 pc=00101196 SP=0018:00103c44 env->regs[R_EAX]=00000138
EAX=00000138 EBX=00103d28 ECX=0000028c EDX=00002f6f
ESI=00102844 EDI=0000000e EBP=00103c54 ESP=00103c44
EIP=00101196 EFL=00000283 [--S---C] CPL=0 II=0 A20=1 SMM=0 HLT=0
ES =0018 00000000 ffffffff 00cf9300 DPL=0 DS   [-WA]
CS =0010 00000000 ffffffff 00cf9a00 DPL=0 CS32 [-R-]
SS =0018 00000000 ffffffff 00cf9300 DPL=0 DS   [-WA]
DS =0018 00000000 ffffffff 00cf9300 DPL=0 DS   [-WA]
FS =0018 00000000 ffffffff 00cf9300 DPL=0 DS   [-WA]
GS =0018 00000000 ffffffff 00cf9300 DPL=0 DS   [-WA]
LDT=0000 00000000 0000ffff 00008200 DPL=0 LDT
TR =0000 00000000 0000ffff 00008b00 DPL=0 TSS32-busy
GDT=     000010b0 00000020
IDT=     001295e0 000007ff
CR0=00000011 CR2=00000000 CR3=00000000 CR4=00000000
DR0=00000000 DR1=00000000 DR2=00000000 DR3=00000000 
DR6=ffff0ff0 DR7=00000400
CCS=00000081 CCD=fffffff4 CCO=EFLAGS
EFER=0000000000000000
Servicing hardware INT=0x20
   278: v=20 e=0000 i=0 cpl=0 IP=0010:00100994 pc=00100994 SP=0018:001048d4 env->regs[R_EAX]=0000001c
EAX=0000001c EBX=0012dd00 ECX=00001900 EDX=00102844
ESI=001027c0 EDI=0012dd00 EBP=001048e4 ESP=001048d4
EIP=00100994 EFL=00000296 [--S-AP-] CPL=0 II=0 A20=1 SMM=0 HLT=0
ES =0018 00000000 ffffffff 00cf9300 DPL=0 DS   [-WA]
CS =0010 00000000 ffffffff 00cf9a00 DPL=0 CS32 [-R-]
SS =0018 00000000 ffffffff 00cf9300 DPL=0 DS   [-WA]
DS =0018 00000000 ffffffff 00cf9300 DPL=0 DS   [-WA]
FS =0018 00000000 ffffffff 00cf9300 DPL=0 DS   [-WA]
GS =0018 00000000 ffffffff 00cf9300 DPL=0 DS   [-WA]
LDT=0000 00000000 0000ffff 00008200 DPL=0 LDT
TR =0000 00000000 0000ffff 00008b00 DPL=0 TSS32-busy
GDT=     000010b0 00000020
IDT=     001295e0 000007ff
CR0=00000011 CR2=00000000 CR3=00000000 CR4=00000000
DR0=00000000 DR1=00000000 DR2=00000000 DR3=00000000 
DR6=ffff0ff0 DR7=00000400
CCS=00000094 CCD=ffffffff CCO=EFLAGS
EFER=0000000000000000
Servicing hardware INT=0x20
   279: v=20 e=0000 i=0 cpl=0 IP=0010:001019b8 pc=001019b8 SP=0018:0012dd64 env->regs[R_EAX]=002191f8
EAX=002191f8 EBX=006e96c2 ECX=003029f4 EDX=fd0eb404
ESI=0012dd78 EDI=00000000 EBP=0012dd68 ESP=0012dd64
EIP=001019b8 EFL=00200202 [-------] CPL=0 II=0 A20=1 SMM=0 HLT=0
ES =0018 00000000 ffffffff 00cf9300 DPL=0 DS   [-WA]
CS =0010 00000000 ffffffff 00cf9a00 DPL=0 CS32 [-R-]
SS =0018 00000000 ffffffff 00cf9300 DPL=0 DS   [-WA]
DS =0018 00000000 ffffffff 00cf9300 DPL=0 DS   [-WA]
FS =0018 00000000 ffffffff 00cf9300 DPL=0 DS   [-WA]
GS =0018 00000000 ffffffff 00cf9300 DPL=0 DS   [-WA]
LDT=0000 00000000 0000ffff 00008200 DPL=0 LDT
TR =0000 00000000 0000ffff 00008b00 DPL=0 TSS32-busy
GDT=     000010b0 00000020
IDT=     001295e0 000007ff
CR0=00000011 CR2=00000000 CR3=00000000 CR4=00000000
DR0=00000000 DR1=00000000 DR2=00000000 DR3=00000000 
DR6=ffff0ff0 DR7=00000400
CCS=00000000 CCD=002191f8 CCO=EFLAGS
EFER=0000000000000000
Servicing hardware INT=0x20
   280: v=20 e=0000 i=0 cpl=0 IP=0010:00101268 pc=00101268 SP=0018:00103c5c env->regs[R_EAX]=00102844
EAX=00102844 EBX=001034e8 ECX=00000c68 EDX=001034ac
ESI=00102880 EDI=0000000b EBP=00103c94 ESP=00103c5c
EIP=00101268 EFL=00000216 [----AP-] CPL=0 II=0 A20=1 SMM=0 HLT=0
ES =0018 00000000 ffffffff 00cf9300 DPL=0 DS   [-WA]
CS =0010 00000000 ffffffff 00cf9a00 DPL=0 CS32 [-R-]
SS =0018 00000000 ffffffff 00cf9300 DPL=0 DS   [-WA]
DS =0018 00000000 ffffffff 00cf9300 DPL=0 DS   [-WA]
FS =0018 00000000 ffffffff 00cf9300 DPL=0 DS   [-WA]
GS =0018 00000000 ffffffff 00cf9300 DPL=0 DS   [-WA]
LDT=0000 00000000 0000ffff 00008200 DPL=0 LDT
TR =0000 00000000 0000ffff 00008b00 DPL=0 TSS32-busy
GDT=     000010b0 00000020
IDT=     001295e0 000007ff
CR0=00000011 CR2=00000000 CR3=00000000 CR4=00000000
DR0=00000000 DR1=00000000 DR2=00000000 DR3=00000000 
DR6=ffff0ff0 DR7=00000400
CCS=00000014 CCD=00000018 CCO=EFLAGS
EFER=0000000000000000
Servicing hardware INT=0x20
   281: v=20 e=0000 i=0 cpl=0 IP=0010:00100994 pc=00100994 SP=0018:001048d4 env->regs[R_EAX]=0000001c
EAX=0000001c EBX=0012dd00 ECX=00001900 EDX=00102844
ESI=001027c0 EDI=0012dd00 EBP=001048e4 ESP=001048d4
EIP=00100994 EFL=00000296 [--S-AP-] CPL=0 II=0 A20=1 SMM=0 HLT=0
ES =0018 00000000 ffffffff 00cf9300 DPL=0 DS   [-WA]
CS =0010 00000000 ffffffff 00cf9a00 DPL=0 CS32 [-R-]
SS =0018 00000000 ffffffff 00cf9300 DPL=0 DS   [-WA]
DS =0018 00000000 ffffffff 00cf9300 DPL=0 DS   [-WA]
FS =0018 00000000 ffffffff 00cf9300 DPL=0 DS   [-WA]
GS =0018 00000000 ffffffff 00cf9300 DPL=0 DS   [-WA]
LDT=0000 00000000 0000ffff 00008200 DPL=0 LDT
TR =0000 00000000 0000ffff 00008b00 DPL=0 TSS32-busy
GDT=     000010b0 00000020
IDT=     001295e0 000007ff
CR0=00000011 CR2=00000000 CR3=00000000 CR4=00000000
DR0=00000000 DR1=00000000 DR2=00000000 DR3=00000000 
DR6=ffff0ff0 DR7=00000400
CCS=00000094 CCD=ffffffff CCO=EFLAGS
EFER=0000000000000000
Servicing hardware INT=0x20
   282: v=20 e=0000 i=0 cpl=0 IP=0010:00101c7d pc=00101c7d SP=0018:0012dd20 env->regs[R_EAX]=00102844
EAX=00102844 EBX=00010000 ECX=000b8000 EDX=00000001
ESI=00000000 EDI=00000000 EBP=0012dd68 ESP=0012dd20
EIP=00101c7d EFL=00200246 [---Z-P-] CPL=0 II=0 A20=1 SMM=0 HLT=0
ES =0018 00000000 ffffffff 00cf9300 DPL=0 DS   [-WA]
CS =0010 00000000 ffffffff 00cf9a00 DPL=0 CS32 [-R-]
SS =0018 00000000 ffffffff 00cf9300 DPL=0 DS   [-WA]
DS =0018 00000000 ffffffff 00cf9300 DPL=0 DS   [-WA]
FS =0018 00000000 ffffffff 00cf9300 DPL=0 DS   [-WA]
GS =0018 00000000 ffffffff 00cf9300 DPL=0 DS   [-WA]
LDT=0000 00000000 0000ffff 00008200 DPL=0 LDT
TR =0000 00000000 0000ffff 00008b00 DPL=0 TSS32-busy
GDT=     000010b0 00000020
IDT=     001295e0 000007ff
CR0=00000011 CR2=00000000 CR3=00000000 CR4=00000000
DR0=00000000 DR1=00000000 DR2=00000000 DR3=00000000 
DR6=ffff0ff0 DR7=00000400
CCS=00000044 CCD=00000000 CCO=EFLAGS
EFER=0000000000000000
Servicing hardware INT=0x20
   283: v=20 e=0000 i=0 cpl=0 IP=0010:0010122f pc=0010122f SP=0018:00103c5c env->regs[R_EAX]=00102844
EAX=00102844 EBX=0000003c ECX=00001064 EDX=00006162
ESI=00102880 EDI=00000061 EBP=00103c94 ESP=00103c5c
EIP=0010122f EFL=00000212 [----A--] CPL=0 II=0 A20=1 SMM=0 HLT=0
ES =0018 00000000 ffffffff 00cf9300 DPL=0 DS   [-WA]
CS =0010 00000000 ffffffff 00cf9a00 DPL=0 CS32 [-R-]
SS =0018 00000000 ffffffff 00cf9300 DPL=0 DS   [-WA]
DS =0018 00000000 ffffffff 00cf9300 DPL=0 DS   [-WA]
FS =0018 00000000 ffffffff 00cf9300 DPL=0 DS   [-WA]
GS =0018 00000000 ffffffff 00cf9300 DPL=0 DS   [-WA]
LDT=0000 00000000 0000ffff 00008200 DPL=0 LDT
TR =0000 00000000 0000ffff 00008b00 DPL=0 TSS32-busy
GDT=     000010b0 00000020
IDT=     001295e0 000007ff
CR0=00000011 CR2=00000000 CR3=00000000 CR4=00000000
DR0=00000000 DR1=00000000 DR2=00000000 DR3=00000000 
DR6=ffff0ff0 DR7=00000400
CCS=00000010 CCD=00000057 CCO=EFLAGS
EFER=0000000000000000
Servicing hardware INT=0x20
   284: v=20 e=0000 i=0 cpl=0 IP=0010:00100994 pc=00100994 SP=0018:001048d4 env->regs[R_EAX]=0000001c
EAX=0000001c EBX=0012dd00 ECX=00001900 EDX=00102844
ESI=001027c0 EDI=0012dd00 EBP=001048e4 ESP=001048d4
EIP=00100994 EFL=00000296 [--S-AP-] CPL=0 II=0 A20=1 SMM=0 HLT=0
ES =0018 00000000 ffffffff 00cf9300 DPL=0 DS   [-WA]
CS =0010 00000000 ffffffff 00cf9a00 DPL=0 CS32 [-R-]
SS =0018 00000000 ffffffff 00cf9300 DPL=0 DS   [-WA]
DS =0018 00000000 ffffffff 00cf9300 DPL=0 DS   [-WA]
FS =0018 00000000 ffffffff 00cf9300 DPL=0 DS   [-WA]
GS =0018 00000000 ffffffff 00cf9300 DPL=0 DS   [-WA]
LDT=0000 00000000 0000ffff 00008200 DPL=0 LDT
TR =0000 00000000 0000ffff 00008b00 DPL=0 TSS32-busy
GDT=     000010b0 00000020
IDT=     001295e0 000007ff
CR0=00000011 CR2=00000000 CR3=00000000 CR4=00000000
DR0=00000000 DR1=00000000 DR2=00000000 DR3=00000000 
DR6=ffff0ff0 DR7=00000400
CCS=00000094 CCD=ffffffff CCO=EFLAGS
EFER=0000000000000000
Servicing hardware INT=0x20
   285: v=20 e=0000 i=0 cpl=0 IP=0010:00101c7d pc=00101c7d SP=0018:0012dd20 env->regs[R_EAX]=00102844
EAX=00102844 EBX=00010000 ECX=000b8000 EDX=00000001
ESI=00000000 EDI=00000000 EBP=0012dd68 ESP=0012dd20
EIP=00101c7d EFL=00200246 [---Z-P-] CPL=0 II=0 A20=1 SMM=0 HLT=0
ES =0018 00000000 ffffffff 00cf9300 DPL=0 DS   [-WA]
CS =0010 00000000 ffffffff 00cf9a00 DPL=0 CS32 [-R-]
SS =0018 00000000 ffffffff 00cf9300 DPL=0 DS   [-WA]
DS =0018 00000000 ffffffff 00cf9300 DPL=0 DS   [-WA]
FS =0018 00000000 ffffffff 00cf9300 DPL=0 DS   [-WA]
GS =0018 00000000 ffffffff 00cf9300 DPL=0 DS   [-WA]
LDT=0000 00000000 0000ffff 00008200 DPL=0 LDT
TR =0000 00000000 0000ffff 00008b00 DPL=0 TSS32-busy
GDT=     000010b0 00000020
IDT=     001295e0 000007ff
CR0=00000011 CR2=00000000 CR3=00000000 CR4=00000000
DR0=00000000 DR1=00000000 DR2=00000000 DR3=00000000 
DR6=ffff0ff0 DR7=00000400
CCS=00000044 CCD=00000000 CCO=EFLAGS
EFER=0000000000000000
Servicing hardware INT=0x20
   286: v=20 e=0000 i=0 cpl=0 IP=0010:001011a8 pc=001011a8 SP=0018:00103c44 env->regs[R_EAX]=00000186
EAX=00000186 EBX=00103d28 ECX=00000340 EDX=00007520
ESI=00102844 EDI=0000001a EBP=00103c54 ESP=00103c44
EIP=001011a8 EFL=00000246 [---Z-P-] CPL=0 II=0 A20=1 SMM=0 HLT=0
ES =0018 00000000 ffffffff 00cf9300 DPL=0 DS   [-WA]
CS =0010 00000000 ffffffff 00cf9a00 DPL=0 CS32 [-R-]
SS =0018 00000000 ffffffff 00cf9300 DPL=0 DS   [-WA]
DS =0018 00000000 ffffffff 00cf9300 DPL=0 DS   [-WA]
FS =0018 00000000 ffffffff 00cf9300 DPL=0 DS   [-WA]
GS =0018 00000000 ffffffff 00cf9300 DPL=0 DS   [-WA]
LDT=0000 00000000 0000ffff 00008200 DPL=0 LDT
TR =0000 00000000 0000ffff 00008b00 DPL=0 TSS32-busy
GDT=     000010b0 00000020
IDT=     001295e0 000007ff
CR0=00000011 CR2=00000000 CR3=00000000 CR4=00000000
DR0=00000000 DR1=00000000 DR2=00000000 DR3=00000000 
DR6=ffff0ff0 DR7=00000400
CCS=00000044 CCD=00000000 CCO=EFLAGS
EFER=0000000000000000
Servicing hardware INT=0x20
   287: v=20 e=0000 i=0 cpl=0 IP=0010:00100994 pc=00100994 SP=0018:001048d4 env->regs[R_EAX]=0000001c
EAX=0000001c EBX=0012dd00 ECX=00001900 EDX=00102844
ESI=001027c0 EDI=0012dd00 EBP=001048e4 ESP=001048d4
EIP=00100994 EFL=00000296 [--S-AP-] CPL=0 II=0 A20=1 SMM=0 HLT=0
ES =0018 00000000 ffffffff 00cf9300 DPL=0 DS   [-WA]
CS =0010 00000000 ffffffff 00cf9a00 DPL=0 CS32 [-R-]
SS =0018 00000000 ffffffff 00cf9300 DPL=0 DS   [-WA]
DS =0018 00000000 ffffffff 00cf9300 DPL=0 DS   [-WA]
FS =0018 00000000 ffffffff 00cf9300 DPL=0 DS   [-WA]
GS =0018 00000000 ffffffff 00cf9300 DPL=0 DS   [-WA]
LDT=0000 00000000 0000ffff 00008200 DPL=0 LDT
TR =0000 00000000 0000ffff 00008b00 DPL=0 TSS32-busy
GDT=     000010b0 00000020
IDT=     001295e0 000007ff
CR0=00000011 CR2=00000000 CR3=00000000 CR4=00000000
DR0=00000000 DR1=00000000 DR2=00000000 DR3=00000000 
DR6=ffff0ff0 DR7=00000400
CCS=00000094 CCD=ffffffff CCO=EFLAGS
EFER=0000000000000000
Servicing hardware INT=0x20
   288: v=20 e=0000 i=0 cpl=0 IP=0010:00101c7d pc=00101c7d SP=0018:0012dd20 env->regs[R_EAX]=00102844
EAX=00102844 EBX=00010000 ECX=000b8000 EDX=0000045d
ESI=00000000 EDI=00000000 EBP=0012dd68 ESP=0012dd20
EIP=00101c7d EFL=00200283 [--S---C] CPL=0 II=0 A20=1 SMM=0 HLT=0
ES =0018 00000000 ffffffff 00cf9300 DPL=0 DS   [-WA]
CS =0010 00000000 ffffffff 00cf9a00 DPL=0 CS32 [-R-]
SS =0018 00000000 ffffffff 00cf9300 DPL=0 DS   [-WA]
DS =0018 00000000 ffffffff 00cf9300 DPL=0 DS   [-WA]
FS =0018 00000000 ffffffff 00cf9300 DPL=0 DS   [-WA]
GS =0018 00000000 ffffffff 00cf9300 DPL=0 DS   [-WA]
LDT=0000 00000000 0000ffff 00008200 DPL=0 LDT
TR =0000 00000000 0000ffff 00008b00 DPL=0 TSS32-busy
GDT=     000010b0 00000020
IDT=     001295e0 000007ff
CR0=00000011 CR2=00000000 CR3=00000000 CR4=00000000
DR0=00000000 DR1=00000000 DR2=00000000 DR3=00000000 
DR6=ffff0ff0 DR7=00000400
CCS=00000081 CCD=fffff4bc CCO=EFLAGS
EFER=0000000000000000
Servicing hardware INT=0x20
   289: v=20 e=0000 i=0 cpl=0 IP=0010:00101304 pc=00101304 SP=0018:00103c9c env->regs[R_EAX]=0000000a
EAX=0000000a EBX=00100072 ECX=00001056 EDX=0000e36f
ESI=0010006f EDI=00000000 EBP=00103cb4 ESP=00103c9c
EIP=00101304 EFL=00000246 [---Z-P-] CPL=0 II=0 A20=1 SMM=0 HLT=0
ES =0018 00000000 ffffffff 00cf9300 DPL=0 DS   [-WA]
CS =0010 00000000 ffffffff 00cf9a00 DPL=0 CS32 [-R-]
SS =0018 00000000 ffffffff 00cf9300 DPL=0 DS   [-WA]
DS =0018 00000000 ffffffff 00cf9300 DPL=0 DS   [-WA]
FS =0018 00000000 ffffffff 00cf9300 DPL=0 DS   [-WA]
GS =0018 00000000 ffffffff 00cf9300 DPL=0 DS   [-WA]
LDT=0000 00000000 0000ffff 00008200 DPL=0 LDT
TR =0000 00000000 0000ffff 00008b00 DPL=0 TSS32-busy
GDT=     000010b0 00000020
IDT=     001295e0 000007ff
CR0=00000011 CR2=00000000 CR3=00000000 CR4=00000000
DR0=00000000 DR1=00000000 DR2=00000000 DR3=00000000 
DR6=ffff0ff0 DR7=00000400
CCS=00000044 CCD=00000000 CCO=EFLAGS
EFER=0000000000000000
Servicing hardware INT=0x20
   290: v=20 e=0000 i=0 cpl=0 IP=0010:00100994 pc=00100994 SP=0018:001048d4 env->regs[R_EAX]=0000001c
EAX=0000001c EBX=0012dd00 ECX=00001900 EDX=00102844
ESI=001027c0 EDI=0012dd00 EBP=001048e4 ESP=001048d4
EIP=00100994 EFL=00000296 [--S-AP-] CPL=0 II=0 A20=1 SMM=0 HLT=0
ES =0018 00000000 ffffffff 00cf9300 DPL=0 DS   [-WA]
CS =0010 00000000 ffffffff 00cf9a00 DPL=0 CS32 [-R-]
SS =0018 00000000 ffffffff 00cf9300 DPL=0 DS   [-WA]
DS =0018 00000000 ffffffff 00cf9300 DPL=0 DS   [-WA]
FS =0018 00000000 ffffffff 00cf9300 DPL=0 DS   [-WA]
GS =0018 00000000 ffffffff 00cf9300 DPL=0 DS   [-WA]
LDT=0000 00000000 0000ffff 00008200 DPL=0 LDT
TR =0000 00000000 0000ffff 00008b00 DPL=0 TSS32-busy
GDT=     000010b0 00000020
IDT=     001295e0 000007ff
CR0=00000011 CR2=00000000 CR3=00000000 CR4=00000000
DR0=00000000 DR1=00000000 DR2=00000000 DR3=00000000 
DR6=ffff0ff0 DR7=00000400
CCS=00000094 CCD=ffffffff CCO=EFLAGS
EFER=0000000000000000
Servicing hardware INT=0x20
   291: v=20 e=0000 i=0 cpl=0 IP=0010:00101c7d pc=00101c7d SP=0018:0012dd20 env->regs[R_EAX]=00102844
EAX=00102844 EBX=00010000 ECX=000b8000 EDX=00000001
ESI=00000000 EDI=00000000 EBP=0012dd68 ESP=0012dd20
EIP=00101c7d EFL=00200246 [---Z-P-] CPL=0 II=0 A20=1 SMM=0 HLT=0
ES =0018 00000000 ffffffff 00cf9300 DPL=0 DS   [-WA]
CS =0010 00000000 ffffffff 00cf9a00 DPL=0 CS32 [-R-]
SS =0018 00000000 ffffffff 00cf9300 DPL=0 DS   [-WA]
DS =0018 00000000 ffffffff 00cf9300 DPL=0 DS   [-WA]
FS =0018 00000000 ffffffff 00cf9300 DPL=0 DS   [-WA]
GS =0018 00000000 ffffffff 00cf9300 DPL=0 DS   [-WA]
LDT=0000 00000000 0000ffff 00008200 DPL=0 LDT
TR =0000 00000000 0000ffff 00008b00 DPL=0 TSS32-busy
GDT=     000010b0 00000020
IDT=     001295e0 000007ff
CR0=00000011 CR2=00000000 CR3=00000000 CR4=00000000
DR0=00000000 DR1=00000000 DR2=00000000 DR3=00000000 
DR6=ffff0ff0 DR7=00000400
CCS=00000044 CCD=00000000 CCO=EFLAGS
EFER=0000000000000000
Servicing hardware INT=0x20
   292: v=20 e=0000 i=0 cpl=0 IP=0010:00101196 pc=00101196 SP=0018:00103c44 env->regs[R_EAX]=000001d4
EAX=000001d4 EBX=00103d28 ECX=000003c6 EDX=00006d62
ESI=00102844 EDI=0000000f EBP=00103c54 ESP=00103c44
EIP=00101196 EFL=00000287 [--S--PC] CPL=0 II=0 A20=1 SMM=0 HLT=0
ES =0018 00000000 ffffffff 00cf9300 DPL=0 DS   [-WA]
CS =0010 00000000 ffffffff 00cf9a00 DPL=0 CS32 [-R-]
SS =0018 00000000 ffffffff 00cf9300 DPL=0 DS   [-WA]
DS =0018 00000000 ffffffff 00cf9300 DPL=0 DS   [-WA]
FS =0018 00000000 ffffffff 00cf9300 DPL=0 DS   [-WA]
GS =0018 00000000 ffffffff 00cf9300 DPL=0 DS   [-WA]
LDT=0000 00000000 0000ffff 00008200 DPL=0 LDT
TR =0000 00000000 0000ffff 00008b00 DPL=0 TSS32-busy
GDT=     000010b0 00000020
IDT=     001295e0 000007ff
CR0=00000011 CR2=00000000 CR3=00000000 CR4=00000000
DR0=00000000 DR1=00000000 DR2=00000000 DR3=00000000 
DR6=ffff0ff0 DR7=00000400
CCS=00000085 CCD=fffffff5 CCO=EFLAGS
EFER=0000000000000000
Servicing hardware INT=0x20
   293: v=20 e=0000 i=0 cpl=0 IP=0010:00100994 pc=00100994 SP=0018:001048d4 env->regs[R_EAX]=0000001c
EAX=0000001c EBX=0012dd00 ECX=00001900 EDX=00102844
ESI=001027c0 EDI=0012dd00 EBP=001048e4 ESP=001048d4
EIP=00100994 EFL=00000296 [--S-AP-] CPL=0 II=0 A20=1 SMM=0 HLT=0
ES =0018 00000000 ffffffff 00cf9300 DPL=0 DS   [-WA]
CS =0010 00000000 ffffffff 00cf9a00 DPL=0 CS32 [-R-]
SS =0018 00000000 ffffffff 00cf9300 DPL=0 DS   [-WA]
DS =0018 00000000 ffffffff 00cf9300 DPL=0 DS   [-WA]
FS =0018 00000000 ffffffff 00cf9300 DPL=0 DS   [-WA]
GS =0018 00000000 ffffffff 00cf9300 DPL=0 DS   [-WA]
LDT=0000 00000000 0000ffff 00008200 DPL=0 LDT
TR =0000 00000000 0000ffff 00008b00 DPL=0 TSS32-busy
GDT=     000010b0 00000020
IDT=     001295e0 000007ff
CR0=00000011 CR2=00000000 CR3=00000000 CR4=00000000
DR0=00000000 DR1=00000000 DR2=00000000 DR3=00000000 
DR6=ffff0ff0 DR7=00000400
CCS=00000094 CCD=ffffffff CCO=EFLAGS
EFER=0000000000000000
Servicing hardware INT=0x20
   294: v=20 e=0000 i=0 cpl=0 IP=0010:00101c7d pc=00101c7d SP=0018:0012dd20 env->regs[R_EAX]=00102844
EAX=00102844 EBX=00010000 ECX=000b8000 EDX=00000001
ESI=00000000 EDI=00000000 EBP=0012dd68 ESP=0012dd20
EIP=00101c7d EFL=00200246 [---Z-P-] CPL=0 II=0 A20=1 SMM=0 HLT=0
ES =0018 00000000 ffffffff 00cf9300 DPL=0 DS   [-WA]
CS =0010 00000000 ffffffff 00cf9a00 DPL=0 CS32 [-R-]
SS =0018 00000000 ffffffff 00cf9300 DPL=0 DS   [-WA]
DS =0018 00000000 ffffffff 00cf9300 DPL=0 DS   [-WA]
FS =0018 00000000 ffffffff 00cf9300 DPL=0 DS   [-WA]
GS =0018 00000000 ffffffff 00cf9300 DPL=0 DS   [-WA]
LDT=0000 00000000 0000ffff 00008200 DPL=0 LDT
TR =0000 00000000 0000ffff 00008b00 DPL=0 TSS32-busy
GDT=     000010b0 00000020
IDT=     001295e0 000007ff
CR0=00000011 CR2=00000000 CR3=00000000 CR4=00000000
DR0=00000000 DR1=00000000 DR2=00000000 DR3=00000000 
DR6=ffff0ff0 DR7=00000400
CCS=00000044 CCD=00000000 CCO=EFLAGS
EFER=0000000000000000
Servicing hardware INT=0x20
   295: v=20 e=0000 i=0 cpl=0 IP=0010:001012a5 pc=001012a5 SP=0018:00103c5c env->regs[R_EAX]=0000000c
EAX=0000000c EBX=001034e8 ECX=0000105a EDX=00008961
ESI=00102880 EDI=00000061 EBP=00103c94 ESP=00103c5c
EIP=001012a5 EFL=00000287 [--S--PC] CPL=0 II=0 A20=1 SMM=0 HLT=0
ES =0018 00000000 ffffffff 00cf9300 DPL=0 DS   [-WA]
CS =0010 00000000 ffffffff 00cf9a00 DPL=0 CS32 [-R-]
SS =0018 00000000 ffffffff 00cf9300 DPL=0 DS   [-WA]
DS =0018 00000000 ffffffff 00cf9300 DPL=0 DS   [-WA]
FS =0018 00000000 ffffffff 00cf9300 DPL=0 DS   [-WA]
GS =0018 00000000 ffffffff 00cf9300 DPL=0 DS   [-WA]
LDT=0000 00000000 0000ffff 00008200 DPL=0 LDT
TR =0000 00000000 0000ffff 00008b00 DPL=0 TSS32-busy
GDT=     000010b0 00000020
IDT=     001295e0 000007ff
CR0=00000011 CR2=00000000 CR3=00000000 CR4=00000000
DR0=00000000 DR1=00000000 DR2=00000000 DR3=00000000 
DR6=ffff0ff0 DR7=00000400
CCS=00000085 CCD=fffffff3 CCO=EFLAGS
EFER=0000000000000000
Servicing hardware INT=0x20
   296: v=20 e=0000 i=0 cpl=0 IP=0010:00100994 pc=00100994 SP=0018:001048d4 env->regs[R_EAX]=0000001c
EAX=0000001c EBX=0012dd00 ECX=00001900 EDX=00102844
ESI=001027c0 EDI=0012dd00 EBP=001048e4 ESP=001048d4
EIP=00100994 EFL=00000296 [--S-AP-] CPL=0 II=0 A20=1 SMM=0 HLT=0
ES =0018 00000000 ffffffff 00cf9300 DPL=0 DS   [-WA]
CS =0010 00000000 ffffffff 00cf9a00 DPL=0 CS32 [-R-]
SS =0018 00000000 ffffffff 00cf9300 DPL=0 DS   [-WA]
DS =0018 00000000 ffffffff 00cf9300 DPL=0 DS   [-WA]
FS =0018 00000000 ffffffff 00cf9300 DPL=0 DS   [-WA]
GS =0018 00000000 ffffffff 00cf9300 DPL=0 DS   [-WA]
LDT=0000 00000000 0000ffff 00008200 DPL=0 LDT
TR =0000 00000000 0000ffff 00008b00 DPL=0 TSS32-busy
GDT=     000010b0 00000020
IDT=     001295e0 000007ff
CR0=00000011 CR2=00000000 CR3=00000000 CR4=00000000
DR0=00000000 DR1=00000000 DR2=00000000 DR3=00000000 
DR6=ffff0ff0 DR7=00000400
CCS=00000094 CCD=ffffffff CCO=EFLAGS
EFER=0000000000000000
Servicing hardware INT=0x20
   297: v=20 e=0000 i=0 cpl=0 IP=0010:00101c7d pc=00101c7d SP=0018:0012dd20 env->regs[R_EAX]=00102844
EAX=00102844 EBX=00010000 ECX=000b8000 EDX=00000001
ESI=00000000 EDI=00000000 EBP=0012dd68 ESP=0012dd20
EIP=00101c7d EFL=00200246 [---Z-P-] CPL=0 II=0 A20=1 SMM=0 HLT=0
ES =0018 00000000 ffffffff 00cf9300 DPL=0 DS   [-WA]
CS =0010 00000000 ffffffff 00cf9a00 DPL=0 CS32 [-R-]
SS =0018 00000000 ffffffff 00cf9300 DPL=0 DS   [-WA]
DS =0018 00000000 ffffffff 00cf9300 DPL=0 DS   [-WA]
FS =0018 00000000 ffffffff 00cf9300 DPL=0 DS   [-WA]
GS =0018 00000000 ffffffff 00cf9300 DPL=0 DS   [-WA]
LDT=0000 00000000 0000ffff 00008200 DPL=0 LDT
TR =0000 00000000 0000ffff 00008b00 DPL=0 TSS32-busy
GDT=     000010b0 00000020
IDT=     001295e0 000007ff
CR0=00000011 CR2=00000000 CR3=00000000 CR4=00000000
DR0=00000000 DR1=00000000 DR2=00000000 DR3=00000000 
DR6=ffff0ff0 DR7=00000400
CCS=00000044 CCD=00000000 CCO=EFLAGS
EFER=0000000000000000
Servicing hardware INT=0x20
   298: v=20 e=0000 i=0 cpl=0 IP=0010:00101196 pc=00101196 SP=0018:00103c44 env->regs[R_EAX]=000000b6
EAX=000000b6 EBX=00103d28 ECX=00000180 EDX=00008920
ESI=00102844 EDI=0000000a EBP=00103c54 ESP=00103c44
EIP=00101196 EFL=00000287 [--S--PC] CPL=0 II=0 A20=1 SMM=0 HLT=0
ES =0018 00000000 ffffffff 00cf9300 DPL=0 DS   [-WA]
CS =0010 00000000 ffffffff 00cf9a00 DPL=0 CS32 [-R-]
SS =0018 00000000 ffffffff 00cf9300 DPL=0 DS   [-WA]
DS =0018 00000000 ffffffff 00cf9300 DPL=0 DS   [-WA]
FS =0018 00000000 ffffffff 00cf9300 DPL=0 DS   [-WA]
GS =0018 00000000 ffffffff 00cf9300 DPL=0 DS   [-WA]
LDT=0000 00000000 0000ffff 00008200 DPL=0 LDT
TR =0000 00000000 0000ffff 00008b00 DPL=0 TSS32-busy
GDT=     000010b0 00000020
IDT=     001295e0 000007ff
CR0=00000011 CR2=00000000 CR3=00000000 CR4=00000000
DR0=00000000 DR1=00000000 DR2=00000000 DR3=00000000 
DR6=ffff0ff0 DR7=00000400
CCS=00000085 CCD=fffffff0 CCO=EFLAGS
EFER=0000000000000000
Servicing hardware INT=0x20
   299: v=20 e=0000 i=0 cpl=0 IP=0010:00100994 pc=00100994 SP=0018:001048d4 env->regs[R_EAX]=0000001c
EAX=0000001c EBX=0012dd00 ECX=00001900 EDX=00102844
ESI=001027c0 EDI=0012dd00 EBP=001048e4 ESP=001048d4
EIP=00100994 EFL=00000296 [--S-AP-] CPL=0 II=0 A20=1 SMM=0 HLT=0
ES =0018 00000000 ffffffff 00cf9300 DPL=0 DS   [-WA]
CS =0010 00000000 ffffffff 00cf9a00 DPL=0 CS32 [-R-]
SS =0018 00000000 ffffffff 00cf9300 DPL=0 DS   [-WA]
DS =0018 00000000 ffffffff 00cf9300 DPL=0 DS   [-WA]
FS =0018 00000000 ffffffff 00cf9300 DPL=0 DS   [-WA]
GS =0018 00000000 ffffffff 00cf9300 DPL=0 DS   [-WA]
LDT=0000 00000000 0000ffff 00008200 DPL=0 LDT
TR =0000 00000000 0000ffff 00008b00 DPL=0 TSS32-busy
GDT=     000010b0 00000020
IDT=     001295e0 000007ff
CR0=00000011 CR2=00000000 CR3=00000000 CR4=00000000
DR0=00000000 DR1=00000000 DR2=00000000 DR3=00000000 
DR6=ffff0ff0 DR7=00000400
CCS=00000094 CCD=ffffffff CCO=EFLAGS
EFER=0000000000000000
Servicing hardware INT=0x20
   300: v=20 e=0000 i=0 cpl=0 IP=0010:00101c7d pc=00101c7d SP=0018:0012dd20 env->regs[R_EAX]=00102844
EAX=00102844 EBX=00010000 ECX=000b8000 EDX=00000001
ESI=00000000 EDI=00000000 EBP=0012dd68 ESP=0012dd20
EIP=00101c7d EFL=00200246 [---Z-P-] CPL=0 II=0 A20=1 SMM=0 HLT=0
ES =0018 00000000 ffffffff 00cf9300 DPL=0 DS   [-WA]
CS =0010 00000000 ffffffff 00cf9a00 DPL=0 CS32 [-R-]
SS =0018 00000000 ffffffff 00cf9300 DPL=0 DS   [-WA]
DS =0018 00000000 ffffffff 00cf9300 DPL=0 DS   [-WA]
FS =0018 00000000 ffffffff 00cf9300 DPL=0 DS   [-WA]
GS =0018 00000000 ffffffff 00cf9300 DPL=0 DS   [-WA]
LDT=0000 00000000 0000ffff 00008200 DPL=0 LDT
TR =0000 00000000 0000ffff 00008b00 DPL=0 TSS32-busy
GDT=     000010b0 00000020
IDT=     001295e0 000007ff
CR0=00000011 CR2=00000000 CR3=00000000 CR4=00000000
DR0=00000000 DR1=00000000 DR2=00000000 DR3=00000000 
DR6=ffff0ff0 DR7=00000400
CCS=00000044 CCD=00000000 CCO=EFLAGS
EFER=0000000000000000
Servicing hardware INT=0x20
   301: v=20 e=0000 i=0 cpl=0 IP=0010:00101196 pc=00101196 SP=0018:00103c44 env->regs[R_EAX]=0000004e
EAX=0000004e EBX=00103d28 ECX=000000bc EDX=00003161
ESI=00102844 EDI=00000010 EBP=00103c54 ESP=00103c44
EIP=00101196 EFL=00000297 [--S-APC] CPL=0 II=0 A20=1 SMM=0 HLT=0
ES =0018 00000000 ffffffff 00cf9300 DPL=0 DS   [-WA]
CS =0010 00000000 ffffffff 00cf9a00 DPL=0 CS32 [-R-]
SS =0018 00000000 ffffffff 00cf9300 DPL=0 DS   [-WA]
DS =0018 00000000 ffffffff 00cf9300 DPL=0 DS   [-WA]
FS =0018 00000000 ffffffff 00cf9300 DPL=0 DS   [-WA]
GS =0018 00000000 ffffffff 00cf9300 DPL=0 DS   [-WA]
LDT=0000 00000000 0000ffff 00008200 DPL=0 LDT
TR =0000 00000000 0000ffff 00008b00 DPL=0 TSS32-busy
GDT=     000010b0 00000020
IDT=     001295e0 000007ff
CR0=00000011 CR2=00000000 CR3=00000000 CR4=00000000
DR0=00000000 DR1=00000000 DR2=00000000 DR3=00000000 
DR6=ffff0ff0 DR7=00000400
CCS=00000095 CCD=fffffff6 CCO=EFLAGS
EFER=0000000000000000
Servicing hardware INT=0x20
   302: v=20 e=0000 i=0 cpl=0 IP=0010:00100994 pc=00100994 SP=0018:001048d4 env->regs[R_EAX]=0000001c
EAX=0000001c EBX=0012dd00 ECX=00001900 EDX=00102844
ESI=001027c0 EDI=0012dd00 EBP=001048e4 ESP=001048d4
EIP=00100994 EFL=00000296 [--S-AP-] CPL=0 II=0 A20=1 SMM=0 HLT=0
ES =0018 00000000 ffffffff 00cf9300 DPL=0 DS   [-WA]
CS =0010 00000000 ffffffff 00cf9a00 DPL=0 CS32 [-R-]
SS =0018 00000000 ffffffff 00cf9300 DPL=0 DS   [-WA]
DS =0018 00000000 ffffffff 00cf9300 DPL=0 DS   [-WA]
FS =0018 00000000 ffffffff 00cf9300 DPL=0 DS   [-WA]
GS =0018 00000000 ffffffff 00cf9300 DPL=0 DS   [-WA]
LDT=0000 00000000 0000ffff 00008200 DPL=0 LDT
TR =0000 00000000 0000ffff 00008b00 DPL=0 TSS32-busy
GDT=     000010b0 00000020
IDT=     001295e0 000007ff
CR0=00000011 CR2=00000000 CR3=00000000 CR4=00000000
DR0=00000000 DR1=00000000 DR2=00000000 DR3=00000000 
DR6=ffff0ff0 DR7=00000400
CCS=00000094 CCD=ffffffff CCO=EFLAGS
EFER=0000000000000000
Servicing hardware INT=0x20
   303: v=20 e=0000 i=0 cpl=0 IP=0010:00101c7d pc=00101c7d SP=0018:0012dd20 env->regs[R_EAX]=00102844
EAX=00102844 EBX=00010000 ECX=000b8000 EDX=00000001
ESI=00000000 EDI=00000000 EBP=0012dd68 ESP=0012dd20
EIP=00101c7d EFL=00200246 [---Z-P-] CPL=0 II=0 A20=1 SMM=0 HLT=0
ES =0018 00000000 ffffffff 00cf9300 DPL=0 DS   [-WA]
CS =0010 00000000 ffffffff 00cf9a00 DPL=0 CS32 [-R-]
SS =0018 00000000 ffffffff 00cf9300 DPL=0 DS   [-WA]
DS =0018 00000000 ffffffff 00cf9300 DPL=0 DS   [-WA]
FS =0018 00000000 ffffffff 00cf9300 DPL=0 DS   [-WA]
GS =0018 00000000 ffffffff 00cf9300 DPL=0 DS   [-WA]
LDT=0000 00000000 0000ffff 00008200 DPL=0 LDT
TR =0000 00000000 0000ffff 00008b00 DPL=0 TSS32-busy
GDT=     000010b0 00000020
IDT=     001295e0 000007ff
CR0=00000011 CR2=00000000 CR3=00000000 CR4=00000000
DR0=00000000 DR1=00000000 DR2=00000000 DR3=00000000 
DR6=ffff0ff0 DR7=00000400
CCS=00000044 CCD=00000000 CCO=EFLAGS
EFER=0000000000000000
Servicing hardware INT=0x20
   304: v=20 e=0000 i=0 cpl=0 IP=0010:00101304 pc=00101304 SP=0018:00103c9c env->regs[R_EAX]=00000018
EAX=00000018 EBX=00100075 ECX=00001072 EDX=0000a161
ESI=0010006f EDI=00000000 EBP=00103cb4 ESP=00103c9c
EIP=00101304 EFL=00000246 [---Z-P-] CPL=0 II=0 A20=1 SMM=0 HLT=0
ES =0018 00000000 ffffffff 00cf9300 DPL=0 DS   [-WA]
CS =0010 00000000 ffffffff 00cf9a00 DPL=0 CS32 [-R-]
SS =0018 00000000 ffffffff 00cf9300 DPL=0 DS   [-WA]
DS =0018 00000000 ffffffff 00cf9300 DPL=0 DS   [-WA]
FS =0018 00000000 ffffffff 00cf9300 DPL=0 DS   [-WA]
GS =0018 00000000 ffffffff 00cf9300 DPL=0 DS   [-WA]
LDT=0000 00000000 0000ffff 00008200 DPL=0 LDT
TR =0000 00000000 0000ffff 00008b00 DPL=0 TSS32-busy
GDT=     000010b0 00000020
IDT=     001295e0 000007ff
CR0=00000011 CR2=00000000 CR3=00000000 CR4=00000000
DR0=00000000 DR1=00000000 DR2=00000000 DR3=00000000 
DR6=ffff0ff0 DR7=00000400
CCS=00000044 CCD=00000000 CCO=EFLAGS
EFER=0000000000000000
Servicing hardware INT=0x20
   305: v=20 e=0000 i=0 cpl=0 IP=0010:00100994 pc=00100994 SP=0018:001048d4 env->regs[R_EAX]=0000001c
EAX=0000001c EBX=0012dd00 ECX=00001900 EDX=00102844
ESI=001027c0 EDI=0012dd00 EBP=001048e4 ESP=001048d4
EIP=00100994 EFL=00000296 [--S-AP-] CPL=0 II=0 A20=1 SMM=0 HLT=0
ES =0018 00000000 ffffffff 00cf9300 DPL=0 DS   [-WA]
CS =0010 00000000 ffffffff 00cf9a00 DPL=0 CS32 [-R-]
SS =0018 00000000 ffffffff 00cf9300 DPL=0 DS   [-WA]
DS =0018 00000000 ffffffff 00cf9300 DPL=0 DS   [-WA]
FS =0018 00000000 ffffffff 00cf9300 DPL=0 DS   [-WA]
GS =0018 00000000 ffffffff 00cf9300 DPL=0 DS   [-WA]
LDT=0000 00000000 0000ffff 00008200 DPL=0 LDT
TR =0000 00000000 0000ffff 00008b00 DPL=0 TSS32-busy
GDT=     000010b0 00000020
IDT=     001295e0 000007ff
CR0=00000011 CR2=00000000 CR3=00000000 CR4=00000000
DR0=00000000 DR1=00000000 DR2=00000000 DR3=00000000 
DR6=ffff0ff0 DR7=00000400
CCS=00000094 CCD=ffffffff CCO=EFLAGS
EFER=0000000000000000
Servicing hardware INT=0x20
   306: v=20 e=0000 i=0 cpl=0 IP=0010:00101c7d pc=00101c7d SP=0018:0012dd20 env->regs[R_EAX]=00102844
EAX=00102844 EBX=00010000 ECX=000b8000 EDX=00000001
ESI=00000000 EDI=00000000 EBP=0012dd68 ESP=0012dd20
EIP=00101c7d EFL=00200246 [---Z-P-] CPL=0 II=0 A20=1 SMM=0 HLT=0
ES =0018 00000000 ffffffff 00cf9300 DPL=0 DS   [-WA]
CS =0010 00000000 ffffffff 00cf9a00 DPL=0 CS32 [-R-]
SS =0018 00000000 ffffffff 00cf9300 DPL=0 DS   [-WA]
DS =0018 00000000 ffffffff 00cf9300 DPL=0 DS   [-WA]
FS =0018 00000000 ffffffff 00cf9300 DPL=0 DS   [-WA]
GS =0018 00000000 ffffffff 00cf9300 DPL=0 DS   [-WA]
LDT=0000 00000000 0000ffff 00008200 DPL=0 LDT
TR =0000 00000000 0000ffff 00008b00 DPL=0 TSS32-busy
GDT=     000010b0 00000020
IDT=     001295e0 000007ff
CR0=00000011 CR2=00000000 CR3=00000000 CR4=00000000
DR0=00000000 DR1=00000000 DR2=00000000 DR3=00000000 
DR6=ffff0ff0 DR7=00000400
CCS=00000044 CCD=00000000 CCO=EFLAGS
EFER=0000000000000000
Servicing hardware INT=0x20
   307: v=20 e=0000 i=0 cpl=0 IP=0010:001012a5 pc=001012a5 SP=0018:00103c5c env->regs[R_EAX]=00000012
EAX=00000012 EBX=001034e8 ECX=00001066 EDX=00007366
ESI=00102880 EDI=00000066 EBP=00103c94 ESP=00103c5c
EIP=001012a5 EFL=00000297 [--S-APC] CPL=0 II=0 A20=1 SMM=0 HLT=0
ES =0018 00000000 ffffffff 00cf9300 DPL=0 DS   [-WA]
CS =0010 00000000 ffffffff 00cf9a00 DPL=0 CS32 [-R-]
SS =0018 00000000 ffffffff 00cf9300 DPL=0 DS   [-WA]
DS =0018 00000000 ffffffff 00cf9300 DPL=0 DS   [-WA]
FS =0018 00000000 ffffffff 00cf9300 DPL=0 DS   [-WA]
GS =0018 00000000 ffffffff 00cf9300 DPL=0 DS   [-WA]
LDT=0000 00000000 0000ffff 00008200 DPL=0 LDT
TR =0000 00000000 0000ffff 00008b00 DPL=0 TSS32-busy
GDT=     000010b0 00000020
IDT=     001295e0 000007ff
CR0=00000011 CR2=00000000 CR3=00000000 CR4=00000000
DR0=00000000 DR1=00000000 DR2=00000000 DR3=00000000 
DR6=ffff0ff0 DR7=00000400
CCS=00000095 CCD=fffffff9 CCO=EFLAGS
EFER=0000000000000000
Servicing hardware INT=0x20
   308: v=20 e=0000 i=0 cpl=0 IP=0010:00100994 pc=00100994 SP=0018:001048d4 env->regs[R_EAX]=0000001c
EAX=0000001c EBX=0012dd00 ECX=00001900 EDX=00102844
ESI=001027c0 EDI=0012dd00 EBP=001048e4 ESP=001048d4
EIP=00100994 EFL=00000296 [--S-AP-] CPL=0 II=0 A20=1 SMM=0 HLT=0
ES =0018 00000000 ffffffff 00cf9300 DPL=0 DS   [-WA]
CS =0010 00000000 ffffffff 00cf9a00 DPL=0 CS32 [-R-]
SS =0018 00000000 ffffffff 00cf9300 DPL=0 DS   [-WA]
DS =0018 00000000 ffffffff 00cf9300 DPL=0 DS   [-WA]
FS =0018 00000000 ffffffff 00cf9300 DPL=0 DS   [-WA]
GS =0018 00000000 ffffffff 00cf9300 DPL=0 DS   [-WA]
LDT=0000 00000000 0000ffff 00008200 DPL=0 LDT
TR =0000 00000000 0000ffff 00008b00 DPL=0 TSS32-busy
GDT=     000010b0 00000020
IDT=     001295e0 000007ff
CR0=00000011 CR2=00000000 CR3=00000000 CR4=00000000
DR0=00000000 DR1=00000000 DR2=00000000 DR3=00000000 
DR6=ffff0ff0 DR7=00000400
CCS=00000094 CCD=ffffffff CCO=EFLAGS
EFER=0000000000000000
Servicing hardware INT=0x20
   309: v=20 e=0000 i=0 cpl=0 IP=0010:00101c7d pc=00101c7d SP=0018:0012dd20 env->regs[R_EAX]=00102844
EAX=00102844 EBX=00010000 ECX=000b8000 EDX=00000001
ESI=00000000 EDI=00000000 EBP=0012dd68 ESP=0012dd20
EIP=00101c7d EFL=00200246 [---Z-P-] CPL=0 II=0 A20=1 SMM=0 HLT=0
ES =0018 00000000 ffffffff 00cf9300 DPL=0 DS   [-WA]
CS =0010 00000000 ffffffff 00cf9a00 DPL=0 CS32 [-R-]
SS =0018 00000000 ffffffff 00cf9300 DPL=0 DS   [-WA]
DS =0018 00000000 ffffffff 00cf9300 DPL=0 DS   [-WA]
FS =0018 00000000 ffffffff 00cf9300 DPL=0 DS   [-WA]
GS =0018 00000000 ffffffff 00cf9300 DPL=0 DS   [-WA]
LDT=0000 00000000 0000ffff 00008200 DPL=0 LDT
TR =0000 00000000 0000ffff 00008b00 DPL=0 TSS32-busy
GDT=     000010b0 00000020
IDT=     001295e0 000007ff
CR0=00000011 CR2=00000000 CR3=00000000 CR4=00000000
DR0=00000000 DR1=00000000 DR2=00000000 DR3=00000000 
DR6=ffff0ff0 DR7=00000400
CCS=00000044 CCD=00000000 CCO=EFLAGS
EFER=0000000000000000
Servicing hardware INT=0x20
   310: v=20 e=0000 i=0 cpl=0 IP=0010:00101304 pc=00101304 SP=0018:00103c9c env->regs[R_EAX]=0000000a
EAX=0000000a EBX=00100073 ECX=00001056 EDX=00006d20
ESI=0010006f EDI=00000000 EBP=00103cb4 ESP=00103c9c
EIP=00101304 EFL=00000246 [---Z-P-] CPL=0 II=0 A20=1 SMM=0 HLT=0
ES =0018 00000000 ffffffff 00cf9300 DPL=0 DS   [-WA]
CS =0010 00000000 ffffffff 00cf9a00 DPL=0 CS32 [-R-]
SS =0018 00000000 ffffffff 00cf9300 DPL=0 DS   [-WA]
DS =0018 00000000 ffffffff 00cf9300 DPL=0 DS   [-WA]
FS =0018 00000000 ffffffff 00cf9300 DPL=0 DS   [-WA]
GS =0018 00000000 ffffffff 00cf9300 DPL=0 DS   [-WA]
LDT=0000 00000000 0000ffff 00008200 DPL=0 LDT
TR =0000 00000000 0000ffff 00008b00 DPL=0 TSS32-busy
GDT=     000010b0 00000020
IDT=     001295e0 000007ff
CR0=00000011 CR2=00000000 CR3=00000000 CR4=00000000
DR0=00000000 DR1=00000000 DR2=00000000 DR3=00000000 
DR6=ffff0ff0 DR7=00000400
CCS=00000044 CCD=00000000 CCO=EFLAGS
EFER=0000000000000000
Servicing hardware INT=0x20
   311: v=20 e=0000 i=0 cpl=0 IP=0010:00100994 pc=00100994 SP=0018:001048d4 env->regs[R_EAX]=0000001c
EAX=0000001c EBX=0012dd00 ECX=00001900 EDX=00102844
ESI=001027c0 EDI=0012dd00 EBP=001048e4 ESP=001048d4
EIP=00100994 EFL=00000296 [--S-AP-] CPL=0 II=0 A20=1 SMM=0 HLT=0
ES =0018 00000000 ffffffff 00cf9300 DPL=0 DS   [-WA]
CS =0010 00000000 ffffffff 00cf9a00 DPL=0 CS32 [-R-]
SS =0018 00000000 ffffffff 00cf9300 DPL=0 DS   [-WA]
DS =0018 00000000 ffffffff 00cf9300 DPL=0 DS   [-WA]
FS =0018 00000000 ffffffff 00cf9300 DPL=0 DS   [-WA]
GS =0018 00000000 ffffffff 00cf9300 DPL=0 DS   [-WA]
LDT=0000 00000000 0000ffff 00008200 DPL=0 LDT
TR =0000 00000000 0000ffff 00008b00 DPL=0 TSS32-busy
GDT=     000010b0 00000020
IDT=     001295e0 000007ff
CR0=00000011 CR2=00000000 CR3=00000000 CR4=00000000
DR0=00000000 DR1=00000000 DR2=00000000 DR3=00000000 
DR6=ffff0ff0 DR7=00000400
CCS=00000094 CCD=ffffffff CCO=EFLAGS
EFER=0000000000000000
Servicing hardware INT=0x20
   312: v=20 e=0000 i=0 cpl=0 IP=0010:00101c7d pc=00101c7d SP=0018:0012dd20 env->regs[R_EAX]=00102844
EAX=00102844 EBX=00010000 ECX=000b8000 EDX=00000001
ESI=00000000 EDI=00000000 EBP=0012dd68 ESP=0012dd20
EIP=00101c7d EFL=00200246 [---Z-P-] CPL=0 II=0 A20=1 SMM=0 HLT=0
ES =0018 00000000 ffffffff 00cf9300 DPL=0 DS   [-WA]
CS =0010 00000000 ffffffff 00cf9a00 DPL=0 CS32 [-R-]
SS =0018 00000000 ffffffff 00cf9300 DPL=0 DS   [-WA]
DS =0018 00000000 ffffffff 00cf9300 DPL=0 DS   [-WA]
FS =0018 00000000 ffffffff 00cf9300 DPL=0 DS   [-WA]
GS =0018 00000000 ffffffff 00cf9300 DPL=0 DS   [-WA]
LDT=0000 00000000 0000ffff 00008200 DPL=0 LDT
TR =0000 00000000 0000ffff 00008b00 DPL=0 TSS32-busy
GDT=     000010b0 00000020
IDT=     001295e0 000007ff
CR0=00000011 CR2=00000000 CR3=00000000 CR4=00000000
DR0=00000000 DR1=00000000 DR2=00000000 DR3=00000000 
DR6=ffff0ff0 DR7=00000400
CCS=00000044 CCD=00000000 CCO=EFLAGS
EFER=0000000000000000
Servicing hardware INT=0x20
   313: v=20 e=0000 i=0 cpl=0 IP=0010:00101196 pc=00101196 SP=0018:00103c44 env->regs[R_EAX]=000001ee
EAX=000001ee EBX=00103d28 ECX=000003ec EDX=0000896f
ESI=00102844 EDI=00000008 EBP=00103c54 ESP=00103c44
EIP=00101196 EFL=00000297 [--S-APC] CPL=0 II=0 A20=1 SMM=0 HLT=0
ES =0018 00000000 ffffffff 00cf9300 DPL=0 DS   [-WA]
CS =0010 00000000 ffffffff 00cf9a00 DPL=0 CS32 [-R-]
SS =0018 00000000 ffffffff 00cf9300 DPL=0 DS   [-WA]
DS =0018 00000000 ffffffff 00cf9300 DPL=0 DS   [-WA]
FS =0018 00000000 ffffffff 00cf9300 DPL=0 DS   [-WA]
GS =0018 00000000 ffffffff 00cf9300 DPL=0 DS   [-WA]
LDT=0000 00000000 0000ffff 00008200 DPL=0 LDT
TR =0000 00000000 0000ffff 00008b00 DPL=0 TSS32-busy
GDT=     000010b0 00000020
IDT=     001295e0 000007ff
CR0=00000011 CR2=00000000 CR3=00000000 CR4=00000000
DR0=00000000 DR1=00000000 DR2=00000000 DR3=00000000 
DR6=ffff0ff0 DR7=00000400
CCS=00000095 CCD=ffffffee CCO=EFLAGS
EFER=0000000000000000
Servicing hardware INT=0x20
   314: v=20 e=0000 i=0 cpl=0 IP=0010:00100994 pc=00100994 SP=0018:001048d4 env->regs[R_EAX]=0000001c
EAX=0000001c EBX=0012dd00 ECX=00001900 EDX=00102844
ESI=001027c0 EDI=0012dd00 EBP=001048e4 ESP=001048d4
EIP=00100994 EFL=00000296 [--S-AP-] CPL=0 II=0 A20=1 SMM=0 HLT=0
ES =0018 00000000 ffffffff 00cf9300 DPL=0 DS   [-WA]
CS =0010 00000000 ffffffff 00cf9a00 DPL=0 CS32 [-R-]
SS =0018 00000000 ffffffff 00cf9300 DPL=0 DS   [-WA]
DS =0018 00000000 ffffffff 00cf9300 DPL=0 DS   [-WA]
FS =0018 00000000 ffffffff 00cf9300 DPL=0 DS   [-WA]
GS =0018 00000000 ffffffff 00cf9300 DPL=0 DS   [-WA]
LDT=0000 00000000 0000ffff 00008200 DPL=0 LDT
TR =0000 00000000 0000ffff 00008b00 DPL=0 TSS32-busy
GDT=     000010b0 00000020
IDT=     001295e0 000007ff
CR0=00000011 CR2=00000000 CR3=00000000 CR4=00000000
DR0=00000000 DR1=00000000 DR2=00000000 DR3=00000000 
DR6=ffff0ff0 DR7=00000400
CCS=00000094 CCD=ffffffff CCO=EFLAGS
EFER=0000000000000000
Servicing hardware INT=0x20
   315: v=20 e=0000 i=0 cpl=0 IP=0010:00101c7d pc=00101c7d SP=0018:0012dd20 env->regs[R_EAX]=00102844
EAX=00102844 EBX=00010000 ECX=000b8000 EDX=00000197
ESI=00000000 EDI=00000000 EBP=0012dd68 ESP=0012dd20
EIP=00101c7d EFL=00200287 [--S--PC] CPL=0 II=0 A20=1 SMM=0 HLT=0
ES =0018 00000000 ffffffff 00cf9300 DPL=0 DS   [-WA]
CS =0010 00000000 ffffffff 00cf9a00 DPL=0 CS32 [-R-]
SS =0018 00000000 ffffffff 00cf9300 DPL=0 DS   [-WA]
DS =0018 00000000 ffffffff 00cf9300 DPL=0 DS   [-WA]
FS =0018 00000000 ffffffff 00cf9300 DPL=0 DS   [-WA]
GS =0018 00000000 ffffffff 00cf9300 DPL=0 DS   [-WA]
LDT=0000 00000000 0000ffff 00008200 DPL=0 LDT
TR =0000 00000000 0000ffff 00008b00 DPL=0 TSS32-busy
GDT=     000010b0 00000020
IDT=     001295e0 000007ff
CR0=00000011 CR2=00000000 CR3=00000000 CR4=00000000
DR0=00000000 DR1=00000000 DR2=00000000 DR3=00000000 
DR6=ffff0ff0 DR7=00000400
CCS=00000085 CCD=fffff1f6 CCO=EFLAGS
EFER=0000000000000000
Servicing hardware INT=0x20
   316: v=20 e=0000 i=0 cpl=0 IP=0010:00101196 pc=00101196 SP=0018:00103c44 env->regs[R_EAX]=0000001a
EAX=0000001a EBX=00103d28 ECX=0000005c EDX=0000cd61
ESI=00102844 EDI=00000014 EBP=00103c54 ESP=00103c44
EIP=00101196 EFL=00000297 [--S-APC] CPL=0 II=0 A20=1 SMM=0 HLT=0
ES =0018 00000000 ffffffff 00cf9300 DPL=0 DS   [-WA]
CS =0010 00000000 ffffffff 00cf9a00 DPL=0 CS32 [-R-]
SS =0018 00000000 ffffffff 00cf9300 DPL=0 DS   [-WA]
DS =0018 00000000 ffffffff 00cf9300 DPL=0 DS   [-WA]
FS =0018 00000000 ffffffff 00cf9300 DPL=0 DS   [-WA]
GS =0018 00000000 ffffffff 00cf9300 DPL=0 DS   [-WA]
LDT=0000 00000000 0000ffff 00008200 DPL=0 LDT
TR =0000 00000000 0000ffff 00008b00 DPL=0 TSS32-busy
GDT=     000010b0 00000020
IDT=     001295e0 000007ff
CR0=00000011 CR2=00000000 CR3=00000000 CR4=00000000
DR0=00000000 DR1=00000000 DR2=00000000 DR3=00000000 
DR6=ffff0ff0 DR7=00000400
CCS=00000095 CCD=fffffffa CCO=EFLAGS
EFER=0000000000000000
Servicing hardware INT=0x20
   317: v=20 e=0000 i=0 cpl=0 IP=0010:00100994 pc=00100994 SP=0018:001048d4 env->regs[R_EAX]=0000001c
EAX=0000001c EBX=0012dd00 ECX=00001900 EDX=00102844
ESI=001027c0 EDI=0012dd00 EBP=001048e4 ESP=001048d4
EIP=00100994 EFL=00000296 [--S-AP-] CPL=0 II=0 A20=1 SMM=0 HLT=0
ES =0018 00000000 ffffffff 00cf9300 DPL=0 DS   [-WA]
CS =0010 00000000 ffffffff 00cf9a00 DPL=0 CS32 [-R-]
SS =0018 00000000 ffffffff 00cf9300 DPL=0 DS   [-WA]
DS =0018 00000000 ffffffff 00cf9300 DPL=0 DS   [-WA]
FS =0018 00000000 ffffffff 00cf9300 DPL=0 DS   [-WA]
GS =0018 00000000 ffffffff 00cf9300 DPL=0 DS   [-WA]
LDT=0000 00000000 0000ffff 00008200 DPL=0 LDT
TR =0000 00000000 0000ffff 00008b00 DPL=0 TSS32-busy
GDT=     000010b0 00000020
IDT=     001295e0 000007ff
CR0=00000011 CR2=00000000 CR3=00000000 CR4=00000000
DR0=00000000 DR1=00000000 DR2=00000000 DR3=00000000 
DR6=ffff0ff0 DR7=00000400
CCS=00000094 CCD=ffffffff CCO=EFLAGS
EFER=0000000000000000
Servicing hardware INT=0x20
   318: v=20 e=0000 i=0 cpl=0 IP=0010:00101c7d pc=00101c7d SP=0018:0012dd20 env->regs[R_EAX]=00102844
EAX=00102844 EBX=00010000 ECX=000b8000 EDX=000002b5
ESI=00000000 EDI=00000000 EBP=0012dd68 ESP=0012dd20
EIP=00101c7d EFL=00200287 [--S--PC] CPL=0 II=0 A20=1 SMM=0 HLT=0
ES =0018 00000000 ffffffff 00cf9300 DPL=0 DS   [-WA]
CS =0010 00000000 ffffffff 00cf9a00 DPL=0 CS32 [-R-]
SS =0018 00000000 ffffffff 00cf9300 DPL=0 DS   [-WA]
DS =0018 00000000 ffffffff 00cf9300 DPL=0 DS   [-WA]
FS =0018 00000000 ffffffff 00cf9300 DPL=0 DS   [-WA]
GS =0018 00000000 ffffffff 00cf9300 DPL=0 DS   [-WA]
LDT=0000 00000000 0000ffff 00008200 DPL=0 LDT
TR =0000 00000000 0000ffff 00008b00 DPL=0 TSS32-busy
GDT=     000010b0 00000020
IDT=     001295e0 000007ff
CR0=00000011 CR2=00000000 CR3=00000000 CR4=00000000
DR0=00000000 DR1=00000000 DR2=00000000 DR3=00000000 
DR6=ffff0ff0 DR7=00000400
CCS=00000085 CCD=fffff314 CCO=EFLAGS
EFER=0000000000000000
Servicing hardware INT=0x20
   319: v=20 e=0000 i=0 cpl=0 IP=0010:00100bd2 pc=00100bd2 SP=0018:00103cbc env->regs[R_EAX]=00000000
EAX=00000000 EBX=0012dd8c ECX=00000410 EDX=0000001a
ESI=0010006f EDI=00000000 EBP=00103cd4 ESP=00103cbc
EIP=00100bd2 EFL=00000246 [---Z-P-] CPL=0 II=0 A20=1 SMM=0 HLT=0
ES =0018 00000000 ffffffff 00cf9300 DPL=0 DS   [-WA]
CS =0010 00000000 ffffffff 00cf9a00 DPL=0 CS32 [-R-]
SS =0018 00000000 ffffffff 00cf9300 DPL=0 DS   [-WA]
DS =0018 00000000 ffffffff 00cf9300 DPL=0 DS   [-WA]
FS =0018 00000000 ffffffff 00cf9300 DPL=0 DS   [-WA]
GS =0018 00000000 ffffffff 00cf9300 DPL=0 DS   [-WA]
LDT=0000 00000000 0000ffff 00008200 DPL=0 LDT
TR =0000 00000000 0000ffff 00008b00 DPL=0 TSS32-busy
GDT=     000010b0 00000020
IDT=     001295e0 000007ff
CR0=00000011 CR2=00000000 CR3=00000000 CR4=00000000
DR0=00000000 DR1=00000000 DR2=00000000 DR3=00000000 
DR6=ffff0ff0 DR7=00000400
CCS=00000044 CCD=00000000 CCO=EFLAGS
EFER=0000000000000000
Servicing hardware INT=0x20
   320: v=20 e=0000 i=0 cpl=0 IP=0010:00100994 pc=00100994 SP=0018:001048d4 env->regs[R_EAX]=0000001c
EAX=0000001c EBX=0012dd00 ECX=00001900 EDX=00102844
ESI=001027c0 EDI=0012dd00 EBP=001048e4 ESP=001048d4
EIP=00100994 EFL=00000296 [--S-AP-] CPL=0 II=0 A20=1 SMM=0 HLT=0
ES =0018 00000000 ffffffff 00cf9300 DPL=0 DS   [-WA]
CS =0010 00000000 ffffffff 00cf9a00 DPL=0 CS32 [-R-]
SS =0018 00000000 ffffffff 00cf9300 DPL=0 DS   [-WA]
DS =0018 00000000 ffffffff 00cf9300 DPL=0 DS   [-WA]
FS =0018 00000000 ffffffff 00cf9300 DPL=0 DS   [-WA]
GS =0018 00000000 ffffffff 00cf9300 DPL=0 DS   [-WA]
LDT=0000 00000000 0000ffff 00008200 DPL=0 LDT
TR =0000 00000000 0000ffff 00008b00 DPL=0 TSS32-busy
GDT=     000010b0 00000020
IDT=     001295e0 000007ff
CR0=00000011 CR2=00000000 CR3=00000000 CR4=00000000
DR0=00000000 DR1=00000000 DR2=00000000 DR3=00000000 
DR6=ffff0ff0 DR7=00000400
CCS=00000094 CCD=ffffffff CCO=EFLAGS
EFER=0000000000000000
Servicing hardware INT=0x20
   321: v=20 e=0000 i=0 cpl=0 IP=0010:00101c7d pc=00101c7d SP=0018:0012dd20 env->regs[R_EAX]=00102844
EAX=00102844 EBX=00010000 ECX=000b8000 EDX=000002cb
ESI=00000000 EDI=00000000 EBP=0012dd68 ESP=0012dd20
EIP=00101c7d EFL=00200283 [--S---C] CPL=0 II=0 A20=1 SMM=0 HLT=0
ES =0018 00000000 ffffffff 00cf9300 DPL=0 DS   [-WA]
CS =0010 00000000 ffffffff 00cf9a00 DPL=0 CS32 [-R-]
SS =0018 00000000 ffffffff 00cf9300 DPL=0 DS   [-WA]
DS =0018 00000000 ffffffff 00cf9300 DPL=0 DS   [-WA]
FS =0018 00000000 ffffffff 00cf9300 DPL=0 DS   [-WA]
GS =0018 00000000 ffffffff 00cf9300 DPL=0 DS   [-WA]
LDT=0000 00000000 0000ffff 00008200 DPL=0 LDT
TR =0000 00000000 0000ffff 00008b00 DPL=0 TSS32-busy
GDT=     000010b0 00000020
IDT=     001295e0 000007ff
CR0=00000011 CR2=00000000 CR3=00000000 CR4=00000000
DR0=00000000 DR1=00000000 DR2=00000000 DR3=00000000 
DR6=ffff0ff0 DR7=00000400
CCS=00000081 CCD=fffff32a CCO=EFLAGS
EFER=0000000000000000
Servicing hardware INT=0x20
   322: v=20 e=0000 i=0 cpl=0 IP=0010:00101196 pc=00101196 SP=0018:00103c44 env->regs[R_EAX]=00000138
EAX=00000138 EBX=00103d28 ECX=0000027a EDX=00005361
ESI=00102844 EDI=00000005 EBP=00103c54 ESP=00103c44
EIP=00101196 EFL=00000297 [--S-APC] CPL=0 II=0 A20=1 SMM=0 HLT=0
ES =0018 00000000 ffffffff 00cf9300 DPL=0 DS   [-WA]
CS =0010 00000000 ffffffff 00cf9a00 DPL=0 CS32 [-R-]
SS =0018 00000000 ffffffff 00cf9300 DPL=0 DS   [-WA]
DS =0018 00000000 ffffffff 00cf9300 DPL=0 DS   [-WA]
FS =0018 00000000 ffffffff 00cf9300 DPL=0 DS   [-WA]
GS =0018 00000000 ffffffff 00cf9300 DPL=0 DS   [-WA]
LDT=0000 00000000 0000ffff 00008200 DPL=0 LDT
TR =0000 00000000 0000ffff 00008b00 DPL=0 TSS32-busy
GDT=     000010b0 00000020
IDT=     001295e0 000007ff
CR0=00000011 CR2=00000000 CR3=00000000 CR4=00000000
DR0=00000000 DR1=00000000 DR2=00000000 DR3=00000000 
DR6=ffff0ff0 DR7=00000400
CCS=00000095 CCD=ffffffeb CCO=EFLAGS
EFER=0000000000000000
Servicing hardware INT=0x20
   323: v=20 e=0000 i=0 cpl=0 IP=0010:00100994 pc=00100994 SP=0018:001048d4 env->regs[R_EAX]=0000001c
EAX=0000001c EBX=0012dd00 ECX=00001900 EDX=00102844
ESI=001027c0 EDI=0012dd00 EBP=001048e4 ESP=001048d4
EIP=00100994 EFL=00000296 [--S-AP-] CPL=0 II=0 A20=1 SMM=0 HLT=0
ES =0018 00000000 ffffffff 00cf9300 DPL=0 DS   [-WA]
CS =0010 00000000 ffffffff 00cf9a00 DPL=0 CS32 [-R-]
SS =0018 00000000 ffffffff 00cf9300 DPL=0 DS   [-WA]
DS =0018 00000000 ffffffff 00cf9300 DPL=0 DS   [-WA]
FS =0018 00000000 ffffffff 00cf9300 DPL=0 DS   [-WA]
GS =0018 00000000 ffffffff 00cf9300 DPL=0 DS   [-WA]
LDT=0000 00000000 0000ffff 00008200 DPL=0 LDT
TR =0000 00000000 0000ffff 00008b00 DPL=0 TSS32-busy
GDT=     000010b0 00000020
IDT=     001295e0 000007ff
CR0=00000011 CR2=00000000 CR3=00000000 CR4=00000000
DR0=00000000 DR1=00000000 DR2=00000000 DR3=00000000 
DR6=ffff0ff0 DR7=00000400
CCS=00000094 CCD=ffffffff CCO=EFLAGS
EFER=0000000000000000
Servicing hardware INT=0x20
   324: v=20 e=0000 i=0 cpl=0 IP=0010:00101c7d pc=00101c7d SP=0018:0012dd20 env->regs[R_EAX]=00102844
EAX=00102844 EBX=00010000 ECX=000b8000 EDX=0000018d
ESI=00000000 EDI=00000000 EBP=0012dd68 ESP=0012dd20
EIP=00101c7d EFL=00200283 [--S---C] CPL=0 II=0 A20=1 SMM=0 HLT=0
ES =0018 00000000 ffffffff 00cf9300 DPL=0 DS   [-WA]
CS =0010 00000000 ffffffff 00cf9a00 DPL=0 CS32 [-R-]
SS =0018 00000000 ffffffff 00cf9300 DPL=0 DS   [-WA]
DS =0018 00000000 ffffffff 00cf9300 DPL=0 DS   [-WA]
FS =0018 00000000 ffffffff 00cf9300 DPL=0 DS   [-WA]
GS =0018 00000000 ffffffff 00cf9300 DPL=0 DS   [-WA]
LDT=0000 00000000 0000ffff 00008200 DPL=0 LDT
TR =0000 00000000 0000ffff 00008b00 DPL=0 TSS32-busy
GDT=     000010b0 00000020
IDT=     001295e0 000007ff
CR0=00000011 CR2=00000000 CR3=00000000 CR4=00000000
DR0=00000000 DR1=00000000 DR2=00000000 DR3=00000000 
DR6=ffff0ff0 DR7=00000400
CCS=00000081 CCD=fffff1ec CCO=EFLAGS
EFER=0000000000000000
Servicing hardware INT=0x20
   325: v=20 e=0000 i=0 cpl=0 IP=0010:00101196 pc=00101196 SP=0018:00103c44 env->regs[R_EAX]=000001ee
EAX=000001ee EBX=00103d28 ECX=000003f8 EDX=00000372
ESI=00102844 EDI=0000000e EBP=00103c54 ESP=00103c44
EIP=00101196 EFL=00000283 [--S---C] CPL=0 II=0 A20=1 SMM=0 HLT=0
ES =0018 00000000 ffffffff 00cf9300 DPL=0 DS   [-WA]
CS =0010 00000000 ffffffff 00cf9a00 DPL=0 CS32 [-R-]
SS =0018 00000000 ffffffff 00cf9300 DPL=0 DS   [-WA]
DS =0018 00000000 ffffffff 00cf9300 DPL=0 DS   [-WA]
FS =0018 00000000 ffffffff 00cf9300 DPL=0 DS   [-WA]
GS =0018 00000000 ffffffff 00cf9300 DPL=0 DS   [-WA]
LDT=0000 00000000 0000ffff 00008200 DPL=0 LDT
TR =0000 00000000 0000ffff 00008b00 DPL=0 TSS32-busy
GDT=     000010b0 00000020
IDT=     001295e0 000007ff
CR0=00000011 CR2=00000000 CR3=00000000 CR4=00000000
DR0=00000000 DR1=00000000 DR2=00000000 DR3=00000000 
DR6=ffff0ff0 DR7=00000400
CCS=00000081 CCD=fffffff4 CCO=EFLAGS
EFER=0000000000000000
Servicing hardware INT=0x20
   326: v=20 e=0000 i=0 cpl=0 IP=0010:00100994 pc=00100994 SP=0018:001048d4 env->regs[R_EAX]=0000001c
EAX=0000001c EBX=0012dd00 ECX=00001900 EDX=00102844
ESI=001027c0 EDI=0012dd00 EBP=001048e4 ESP=001048d4
EIP=00100994 EFL=00000296 [--S-AP-] CPL=0 II=0 A20=1 SMM=0 HLT=0
ES =0018 00000000 ffffffff 00cf9300 DPL=0 DS   [-WA]
CS =0010 00000000 ffffffff 00cf9a00 DPL=0 CS32 [-R-]
SS =0018 00000000 ffffffff 00cf9300 DPL=0 DS   [-WA]
DS =0018 00000000 ffffffff 00cf9300 DPL=0 DS   [-WA]
FS =0018 00000000 ffffffff 00cf9300 DPL=0 DS   [-WA]
GS =0018 00000000 ffffffff 00cf9300 DPL=0 DS   [-WA]
LDT=0000 00000000 0000ffff 00008200 DPL=0 LDT
TR =0000 00000000 0000ffff 00008b00 DPL=0 TSS32-busy
GDT=     000010b0 00000020
IDT=     001295e0 000007ff
CR0=00000011 CR2=00000000 CR3=00000000 CR4=00000000
DR0=00000000 DR1=00000000 DR2=00000000 DR3=00000000 
DR6=ffff0ff0 DR7=00000400
CCS=00000094 CCD=ffffffff CCO=EFLAGS
EFER=0000000000000000
Servicing hardware INT=0x20
   327: v=20 e=0000 i=0 cpl=0 IP=0010:00101c7d pc=00101c7d SP=0018:0012dd20 env->regs[R_EAX]=00102844
EAX=00102844 EBX=00010000 ECX=000b8000 EDX=00000001
ESI=00000000 EDI=00000000 EBP=0012dd68 ESP=0012dd20
EIP=00101c7d EFL=00200246 [---Z-P-] CPL=0 II=0 A20=1 SMM=0 HLT=0
ES =0018 00000000 ffffffff 00cf9300 DPL=0 DS   [-WA]
CS =0010 00000000 ffffffff 00cf9a00 DPL=0 CS32 [-R-]
SS =0018 00000000 ffffffff 00cf9300 DPL=0 DS   [-WA]
DS =0018 00000000 ffffffff 00cf9300 DPL=0 DS   [-WA]
FS =0018 00000000 ffffffff 00cf9300 DPL=0 DS   [-WA]
GS =0018 00000000 ffffffff 00cf9300 DPL=0 DS   [-WA]
LDT=0000 00000000 0000ffff 00008200 DPL=0 LDT
TR =0000 00000000 0000ffff 00008b00 DPL=0 TSS32-busy
GDT=     000010b0 00000020
IDT=     001295e0 000007ff
CR0=00000011 CR2=00000000 CR3=00000000 CR4=00000000
DR0=00000000 DR1=00000000 DR2=00000000 DR3=00000000 
DR6=ffff0ff0 DR7=00000400
CCS=00000044 CCD=00000000 CCO=EFLAGS
EFER=0000000000000000
Servicing hardware INT=0x20
   328: v=20 e=0000 i=0 cpl=0 IP=0010:00101ef4 pc=00101ef4 SP=0018:00103c94 env->regs[R_EAX]=00000061
EAX=00000061 EBX=00100075 ECX=00001058 EDX=0000a562
ESI=0010006f EDI=00000000 EBP=00103cb4 ESP=00103c94
EIP=00101ef4 EFL=00000206 [-----P-] CPL=0 II=0 A20=1 SMM=0 HLT=0
ES =0018 00000000 ffffffff 00cf9300 DPL=0 DS   [-WA]
CS =0010 00000000 ffffffff 00cf9a00 DPL=0 CS32 [-R-]
SS =0018 00000000 ffffffff 00cf9300 DPL=0 DS   [-WA]
DS =0018 00000000 ffffffff 00cf9300 DPL=0 DS   [-WA]
FS =0018 00000000 ffffffff 00cf9300 DPL=0 DS   [-WA]
GS =0018 00000000 ffffffff 00cf9300 DPL=0 DS   [-WA]
LDT=0000 00000000 0000ffff 00008200 DPL=0 LDT
TR =0000 00000000 0000ffff 00008b00 DPL=0 TSS32-busy
GDT=     000010b0 00000020
IDT=     001295e0 000007ff
CR0=00000011 CR2=00000000 CR3=00000000 CR4=00000000
DR0=00000000 DR1=00000000 DR2=00000000 DR3=00000000 
DR6=ffff0ff0 DR7=00000400
CCS=00000004 CCD=00103ca0 CCO=EFLAGS
EFER=0000000000000000
Servicing hardware INT=0x20
   329: v=20 e=0000 i=0 cpl=0 IP=0010:00100994 pc=00100994 SP=0018:001048d4 env->regs[R_EAX]=0000001c
EAX=0000001c EBX=0012dd00 ECX=00001900 EDX=00102844
ESI=001027c0 EDI=0012dd00 EBP=001048e4 ESP=001048d4
EIP=00100994 EFL=00000296 [--S-AP-] CPL=0 II=0 A20=1 SMM=0 HLT=0
ES =0018 00000000 ffffffff 00cf9300 DPL=0 DS   [-WA]
CS =0010 00000000 ffffffff 00cf9a00 DPL=0 CS32 [-R-]
SS =0018 00000000 ffffffff 00cf9300 DPL=0 DS   [-WA]
DS =0018 00000000 ffffffff 00cf9300 DPL=0 DS   [-WA]
FS =0018 00000000 ffffffff 00cf9300 DPL=0 DS   [-WA]
GS =0018 00000000 ffffffff 00cf9300 DPL=0 DS   [-WA]
LDT=0000 00000000 0000ffff 00008200 DPL=0 LDT
TR =0000 00000000 0000ffff 00008b00 DPL=0 TSS32-busy
GDT=     000010b0 00000020
IDT=     001295e0 000007ff
CR0=00000011 CR2=00000000 CR3=00000000 CR4=00000000
DR0=00000000 DR1=00000000 DR2=00000000 DR3=00000000 
DR6=ffff0ff0 DR7=00000400
CCS=00000094 CCD=ffffffff CCO=EFLAGS
EFER=0000000000000000
Servicing hardware INT=0x20
   330: v=20 e=0000 i=0 cpl=0 IP=0010:001016d8 pc=001016d8 SP=0018:0012dc9c env->regs[R_EAX]=000053a8
EAX=000053a8 EBX=00000320 ECX=00000000 EDX=00000002
ESI=00000080 EDI=00142c94 EBP=0012dcc8 ESP=0012dc9c
EIP=001016d8 EFL=00200246 [---Z-P-] CPL=0 II=0 A20=1 SMM=0 HLT=0
ES =0018 00000000 ffffffff 00cf9300 DPL=0 DS   [-WA]
CS =0010 00000000 ffffffff 00cf9a00 DPL=0 CS32 [-R-]
SS =0018 00000000 ffffffff 00cf9300 DPL=0 DS   [-WA]
DS =0018 00000000 ffffffff 00cf9300 DPL=0 DS   [-WA]
FS =0018 00000000 ffffffff 00cf9300 DPL=0 DS   [-WA]
GS =0018 00000000 ffffffff 00cf9300 DPL=0 DS   [-WA]
LDT=0000 00000000 0000ffff 00008200 DPL=0 LDT
TR =0000 00000000 0000ffff 00008b00 DPL=0 TSS32-busy
GDT=     000010b0 00000020
IDT=     001295e0 000007ff
CR0=00000011 CR2=00000000 CR3=00000000 CR4=00000000
DR0=00000000 DR1=00000000 DR2=00000000 DR3=00000000 
DR6=ffff0ff0 DR7=00000400
CCS=00000044 CCD=00000000 CCO=EFLAGS
EFER=0000000000000000
Servicing hardware INT=0x20
   331: v=20 e=0000 i=0 cpl=0 IP=0010:001011e2 pc=001011e2 SP=0018:00103c98 env->regs[R_EAX]=001011e2
EAX=001011e2 EBX=00100075 ECX=00001044 EDX=0000c962
ESI=0010006f EDI=00000000 EBP=00103cb4 ESP=00103c98
EIP=001011e2 EFL=00000206 [-----P-] CPL=0 II=0 A20=1 SMM=0 HLT=0
ES =0018 00000000 ffffffff 00cf9300 DPL=0 DS   [-WA]
CS =0010 00000000 ffffffff 00cf9a00 DPL=0 CS32 [-R-]
SS =0018 00000000 ffffffff 00cf9300 DPL=0 DS   [-WA]
DS =0018 00000000 ffffffff 00cf9300 DPL=0 DS   [-WA]
FS =0018 00000000 ffffffff 00cf9300 DPL=0 DS   [-WA]
GS =0018 00000000 ffffffff 00cf9300 DPL=0 DS   [-WA]
LDT=0000 00000000 0000ffff 00008200 DPL=0 LDT
TR =0000 00000000 0000ffff 00008b00 DPL=0 TSS32-busy
GDT=     000010b0 00000020
IDT=     001295e0 000007ff
CR0=00000011 CR2=00000000 CR3=00000000 CR4=00000000
DR0=00000000 DR1=00000000 DR2=00000000 DR3=00000000 
DR6=ffff0ff0 DR7=00000400
CCS=00000004 CCD=00103ca0 CCO=EFLAGS
EFER=0000000000000000
Servicing hardware INT=0x20
   332: v=20 e=0000 i=0 cpl=0 IP=0010:00100994 pc=00100994 SP=0018:001048d4 env->regs[R_EAX]=0000001c
EAX=0000001c EBX=0012dd00 ECX=00001900 EDX=00102844
ESI=001027c0 EDI=0012dd00 EBP=001048e4 ESP=001048d4
EIP=00100994 EFL=00000296 [--S-AP-] CPL=0 II=0 A20=1 SMM=0 HLT=0
ES =0018 00000000 ffffffff 00cf9300 DPL=0 DS   [-WA]
CS =0010 00000000 ffffffff 00cf9a00 DPL=0 CS32 [-R-]
SS =0018 00000000 ffffffff 00cf9300 DPL=0 DS   [-WA]
DS =0018 00000000 ffffffff 00cf9300 DPL=0 DS   [-WA]
FS =0018 00000000 ffffffff 00cf9300 DPL=0 DS   [-WA]
GS =0018 00000000 ffffffff 00cf9300 DPL=0 DS   [-WA]
LDT=0000 00000000 0000ffff 00008200 DPL=0 LDT
TR =0000 00000000 0000ffff 00008b00 DPL=0 TSS32-busy
GDT=     000010b0 00000020
IDT=     001295e0 000007ff
CR0=00000011 CR2=00000000 CR3=00000000 CR4=00000000
DR0=00000000 DR1=00000000 DR2=00000000 DR3=00000000 
DR6=ffff0ff0 DR7=00000400
CCS=00000094 CCD=ffffffff CCO=EFLAGS
EFER=0000000000000000
Servicing hardware INT=0x20
   333: v=20 e=0000 i=0 cpl=0 IP=0010:00101c7d pc=00101c7d SP=0018:0012dd20 env->regs[R_EAX]=00102844
EAX=00102844 EBX=00010000 ECX=000b8000 EDX=00000001
ESI=00000000 EDI=00000000 EBP=0012dd68 ESP=0012dd20
EIP=00101c7d EFL=00200246 [---Z-P-] CPL=0 II=0 A20=1 SMM=0 HLT=0
ES =0018 00000000 ffffffff 00cf9300 DPL=0 DS   [-WA]
CS =0010 00000000 ffffffff 00cf9a00 DPL=0 CS32 [-R-]
SS =0018 00000000 ffffffff 00cf9300 DPL=0 DS   [-WA]
DS =0018 00000000 ffffffff 00cf9300 DPL=0 DS   [-WA]
FS =0018 00000000 ffffffff 00cf9300 DPL=0 DS   [-WA]
GS =0018 00000000 ffffffff 00cf9300 DPL=0 DS   [-WA]
LDT=0000 00000000 0000ffff 00008200 DPL=0 LDT
TR =0000 00000000 0000ffff 00008b00 DPL=0 TSS32-busy
GDT=     000010b0 00000020
IDT=     001295e0 000007ff
CR0=00000011 CR2=00000000 CR3=00000000 CR4=00000000
DR0=00000000 DR1=00000000 DR2=00000000 DR3=00000000 
DR6=ffff0ff0 DR7=00000400
CCS=00000044 CCD=00000000 CCO=EFLAGS
EFER=0000000000000000
Servicing hardware INT=0x20
   334: v=20 e=0000 i=0 cpl=0 IP=0010:00101196 pc=00101196 SP=0018:00103c44 env->regs[R_EAX]=0000016c
EAX=0000016c EBX=00103d28 ECX=000002ec EDX=0000a16f
ESI=00102844 EDI=0000000a EBP=00103c54 ESP=00103c44
EIP=00101196 EFL=00000287 [--S--PC] CPL=0 II=0 A20=1 SMM=0 HLT=0
ES =0018 00000000 ffffffff 00cf9300 DPL=0 DS   [-WA]
CS =0010 00000000 ffffffff 00cf9a00 DPL=0 CS32 [-R-]
SS =0018 00000000 ffffffff 00cf9300 DPL=0 DS   [-WA]
DS =0018 00000000 ffffffff 00cf9300 DPL=0 DS   [-WA]
FS =0018 00000000 ffffffff 00cf9300 DPL=0 DS   [-WA]
GS =0018 00000000 ffffffff 00cf9300 DPL=0 DS   [-WA]
LDT=0000 00000000 0000ffff 00008200 DPL=0 LDT
TR =0000 00000000 0000ffff 00008b00 DPL=0 TSS32-busy
GDT=     000010b0 00000020
IDT=     001295e0 000007ff
CR0=00000011 CR2=00000000 CR3=00000000 CR4=00000000
DR0=00000000 DR1=00000000 DR2=00000000 DR3=00000000 
DR6=ffff0ff0 DR7=00000400
CCS=00000085 CCD=fffffff0 CCO=EFLAGS
EFER=0000000000000000
Servicing hardware INT=0x20
   335: v=20 e=0000 i=0 cpl=0 IP=0010:00100994 pc=00100994 SP=0018:001048d4 env->regs[R_EAX]=0000001c
EAX=0000001c EBX=0012dd00 ECX=00001900 EDX=00102844
ESI=001027c0 EDI=0012dd00 EBP=001048e4 ESP=001048d4
EIP=00100994 EFL=00000296 [--S-AP-] CPL=0 II=0 A20=1 SMM=0 HLT=0
ES =0018 00000000 ffffffff 00cf9300 DPL=0 DS   [-WA]
CS =0010 00000000 ffffffff 00cf9a00 DPL=0 CS32 [-R-]
SS =0018 00000000 ffffffff 00cf9300 DPL=0 DS   [-WA]
DS =0018 00000000 ffffffff 00cf9300 DPL=0 DS   [-WA]
FS =0018 00000000 ffffffff 00cf9300 DPL=0 DS   [-WA]
GS =0018 00000000 ffffffff 00cf9300 DPL=0 DS   [-WA]
LDT=0000 00000000 0000ffff 00008200 DPL=0 LDT
TR =0000 00000000 0000ffff 00008b00 DPL=0 TSS32-busy
GDT=     000010b0 00000020
IDT=     001295e0 000007ff
CR0=00000011 CR2=00000000 CR3=00000000 CR4=00000000
DR0=00000000 DR1=00000000 DR2=00000000 DR3=00000000 
DR6=ffff0ff0 DR7=00000400
CCS=00000094 CCD=ffffffff CCO=EFLAGS
EFER=0000000000000000
Servicing hardware INT=0x20
   336: v=20 e=0000 i=0 cpl=0 IP=0010:001019bc pc=001019bc SP=0018:0012dd64 env->regs[R_EAX]=0013f30c
EAX=0013f30c EBX=00000000 ECX=003029f4 EDX=fd011518
ESI=0012dd78 EDI=00000000 EBP=0012dd68 ESP=0012dd64
EIP=001019bc EFL=00200287 [--S--PC] CPL=0 II=0 A20=1 SMM=0 HLT=0
ES =0018 00000000 ffffffff 00cf9300 DPL=0 DS   [-WA]
CS =0010 00000000 ffffffff 00cf9a00 DPL=0 CS32 [-R-]
SS =0018 00000000 ffffffff 00cf9300 DPL=0 DS   [-WA]
DS =0018 00000000 ffffffff 00cf9300 DPL=0 DS   [-WA]
FS =0018 00000000 ffffffff 00cf9300 DPL=0 DS   [-WA]
GS =0018 00000000 ffffffff 00cf9300 DPL=0 DS   [-WA]
LDT=0000 00000000 0000ffff 00008200 DPL=0 LDT
TR =0000 00000000 0000ffff 00008b00 DPL=0 TSS32-busy
GDT=     000010b0 00000020
IDT=     001295e0 000007ff
CR0=00000011 CR2=00000000 CR3=00000000 CR4=00000000
DR0=00000000 DR1=00000000 DR2=00000000 DR3=00000000 
DR6=ffff0ff0 DR7=00000400
CCS=00000085 CCD=ffe3c918 CCO=EFLAGS
EFER=0000000000000000
Servicing hardware INT=0x20
   337: v=20 e=0000 i=0 cpl=0 IP=0010:00101304 pc=00101304 SP=0018:00103c9c env->regs[R_EAX]=00000010
EAX=00000010 EBX=00100072 ECX=00001062 EDX=0000836f
ESI=0010006f EDI=00000000 EBP=00103cb4 ESP=00103c9c
EIP=00101304 EFL=00000246 [---Z-P-] CPL=0 II=0 A20=1 SMM=0 HLT=0
ES =0018 00000000 ffffffff 00cf9300 DPL=0 DS   [-WA]
CS =0010 00000000 ffffffff 00cf9a00 DPL=0 CS32 [-R-]
SS =0018 00000000 ffffffff 00cf9300 DPL=0 DS   [-WA]
DS =0018 00000000 ffffffff 00cf9300 DPL=0 DS   [-WA]
FS =0018 00000000 ffffffff 00cf9300 DPL=0 DS   [-WA]
GS =0018 00000000 ffffffff 00cf9300 DPL=0 DS   [-WA]
LDT=0000 00000000 0000ffff 00008200 DPL=0 LDT
TR =0000 00000000 0000ffff 00008b00 DPL=0 TSS32-busy
GDT=     000010b0 00000020
IDT=     001295e0 000007ff
CR0=00000011 CR2=00000000 CR3=00000000 CR4=00000000
DR0=00000000 DR1=00000000 DR2=00000000 DR3=00000000 
DR6=ffff0ff0 DR7=00000400
CCS=00000044 CCD=00000000 CCO=EFLAGS
EFER=0000000000000000
Servicing hardware INT=0x20
   338: v=20 e=0000 i=0 cpl=0 IP=0010:00100994 pc=00100994 SP=0018:001048d4 env->regs[R_EAX]=0000001c
EAX=0000001c EBX=0012dd00 ECX=00001900 EDX=00102844
ESI=001027c0 EDI=0012dd00 EBP=001048e4 ESP=001048d4
EIP=00100994 EFL=00000296 [--S-AP-] CPL=0 II=0 A20=1 SMM=0 HLT=0
ES =0018 00000000 ffffffff 00cf9300 DPL=0 DS   [-WA]
CS =0010 00000000 ffffffff 00cf9a00 DPL=0 CS32 [-R-]
SS =0018 00000000 ffffffff 00cf9300 DPL=0 DS   [-WA]
DS =0018 00000000 ffffffff 00cf9300 DPL=0 DS   [-WA]
FS =0018 00000000 ffffffff 00cf9300 DPL=0 DS   [-WA]
GS =0018 00000000 ffffffff 00cf9300 DPL=0 DS   [-WA]
LDT=0000 00000000 0000ffff 00008200 DPL=0 LDT
TR =0000 00000000 0000ffff 00008b00 DPL=0 TSS32-busy
GDT=     000010b0 00000020
IDT=     001295e0 000007ff
CR0=00000011 CR2=00000000 CR3=00000000 CR4=00000000
DR0=00000000 DR1=00000000 DR2=00000000 DR3=00000000 
DR6=ffff0ff0 DR7=00000400
CCS=00000094 CCD=ffffffff CCO=EFLAGS
EFER=0000000000000000
Servicing hardware INT=0x20
   339: v=20 e=0000 i=0 cpl=0 IP=0010:00101c7d pc=00101c7d SP=0018:0012dd20 env->regs[R_EAX]=00102844
EAX=00102844 EBX=00010000 ECX=000b8000 EDX=00000001
ESI=00000000 EDI=00000000 EBP=0012dd68 ESP=0012dd20
EIP=00101c7d EFL=00200246 [---Z-P-] CPL=0 II=0 A20=1 SMM=0 HLT=0
ES =0018 00000000 ffffffff 00cf9300 DPL=0 DS   [-WA]
CS =0010 00000000 ffffffff 00cf9a00 DPL=0 CS32 [-R-]
SS =0018 00000000 ffffffff 00cf9300 DPL=0 DS   [-WA]
DS =0018 00000000 ffffffff 00cf9300 DPL=0 DS   [-WA]
FS =0018 00000000 ffffffff 00cf9300 DPL=0 DS   [-WA]
GS =0018 00000000 ffffffff 00cf9300 DPL=0 DS   [-WA]
LDT=0000 00000000 0000ffff 00008200 DPL=0 LDT
TR =0000 00000000 0000ffff 00008b00 DPL=0 TSS32-busy
GDT=     000010b0 00000020
IDT=     001295e0 000007ff
CR0=00000011 CR2=00000000 CR3=00000000 CR4=00000000
DR0=00000000 DR1=00000000 DR2=00000000 DR3=00000000 
DR6=ffff0ff0 DR7=00000400
CCS=00000044 CCD=00000000 CCO=EFLAGS
EFER=0000000000000000
Servicing hardware INT=0x20
   340: v=20 e=0000 i=0 cpl=0 IP=0010:00101196 pc=00101196 SP=0018:00103c44 env->regs[R_EAX]=00000138
EAX=00000138 EBX=00103d28 ECX=0000029a EDX=00004b61
ESI=00102844 EDI=00000015 EBP=00103c54 ESP=00103c44
EIP=00101196 EFL=00000293 [--S-A-C] CPL=0 II=0 A20=1 SMM=0 HLT=0
ES =0018 00000000 ffffffff 00cf9300 DPL=0 DS   [-WA]
CS =0010 00000000 ffffffff 00cf9a00 DPL=0 CS32 [-R-]
SS =0018 00000000 ffffffff 00cf9300 DPL=0 DS   [-WA]
DS =0018 00000000 ffffffff 00cf9300 DPL=0 DS   [-WA]
FS =0018 00000000 ffffffff 00cf9300 DPL=0 DS   [-WA]
GS =0018 00000000 ffffffff 00cf9300 DPL=0 DS   [-WA]
LDT=0000 00000000 0000ffff 00008200 DPL=0 LDT
TR =0000 00000000 0000ffff 00008b00 DPL=0 TSS32-busy
GDT=     000010b0 00000020
IDT=     001295e0 000007ff
CR0=00000011 CR2=00000000 CR3=00000000 CR4=00000000
DR0=00000000 DR1=00000000 DR2=00000000 DR3=00000000 
DR6=ffff0ff0 DR7=00000400
CCS=00000091 CCD=fffffffb CCO=EFLAGS
EFER=0000000000000000
Servicing hardware INT=0x20
   341: v=20 e=0000 i=0 cpl=0 IP=0010:00100994 pc=00100994 SP=0018:001048d4 env->regs[R_EAX]=0000001c
EAX=0000001c EBX=0012dd00 ECX=00001900 EDX=00102844
ESI=001027c0 EDI=0012dd00 EBP=001048e4 ESP=001048d4
EIP=00100994 EFL=00000296 [--S-AP-] CPL=0 II=0 A20=1 SMM=0 HLT=0
ES =0018 00000000 ffffffff 00cf9300 DPL=0 DS   [-WA]
CS =0010 00000000 ffffffff 00cf9a00 DPL=0 CS32 [-R-]
SS =0018 00000000 ffffffff 00cf9300 DPL=0 DS   [-WA]
DS =0018 00000000 ffffffff 00cf9300 DPL=0 DS   [-WA]
FS =0018 00000000 ffffffff 00cf9300 DPL=0 DS   [-WA]
GS =0018 00000000 ffffffff 00cf9300 DPL=0 DS   [-WA]
LDT=0000 00000000 0000ffff 00008200 DPL=0 LDT
TR =0000 00000000 0000ffff 00008b00 DPL=0 TSS32-busy
GDT=     000010b0 00000020
IDT=     001295e0 000007ff
CR0=00000011 CR2=00000000 CR3=00000000 CR4=00000000
DR0=00000000 DR1=00000000 DR2=00000000 DR3=00000000 
DR6=ffff0ff0 DR7=00000400
CCS=00000094 CCD=ffffffff CCO=EFLAGS
EFER=0000000000000000
Servicing hardware INT=0x20
   342: v=20 e=0000 i=0 cpl=0 IP=0010:00101c4f pc=00101c4f SP=0018:0012dd20 env->regs[R_EAX]=00102844
EAX=00102844 EBX=00010000 ECX=00075300 EDX=000542c8
ESI=0012ddf4 EDI=00000000 EBP=0012dd68 ESP=0012dd20
EIP=00101c4f EFL=00200283 [--S---C] CPL=0 II=0 A20=1 SMM=0 HLT=0
ES =0018 00000000 ffffffff 00cf9300 DPL=0 DS   [-WA]
CS =0010 00000000 ffffffff 00cf9a00 DPL=0 CS32 [-R-]
SS =0018 00000000 ffffffff 00cf9300 DPL=0 DS   [-WA]
DS =0018 00000000 ffffffff 00cf9300 DPL=0 DS   [-WA]
FS =0018 00000000 ffffffff 00cf9300 DPL=0 DS   [-WA]
GS =0018 00000000 ffffffff 00cf9300 DPL=0 DS   [-WA]
LDT=0000 00000000 0000ffff 00008200 DPL=0 LDT
TR =0000 00000000 0000ffff 00008b00 DPL=0 TSS32-busy
GDT=     000010b0 00000020
IDT=     001295e0 000007ff
CR0=00000011 CR2=00000000 CR3=00000000 CR4=00000000
DR0=00000000 DR1=00000000 DR2=00000000 DR3=00000000 
DR6=ffff0ff0 DR7=00000400
CCS=00000081 CCD=fffdefc8 CCO=EFLAGS
EFER=0000000000000000
Servicing hardware INT=0x20
   343: v=20 e=0000 i=0 cpl=0 IP=0010:00101196 pc=00101196 SP=0018:00103c44 env->regs[R_EAX]=0000016c
EAX=0000016c EBX=00103d28 ECX=000002ec EDX=00001b66
ESI=00102844 EDI=0000000a EBP=00103c54 ESP=00103c44
EIP=00101196 EFL=00000287 [--S--PC] CPL=0 II=0 A20=1 SMM=0 HLT=0
ES =0018 00000000 ffffffff 00cf9300 DPL=0 DS   [-WA]
CS =0010 00000000 ffffffff 00cf9a00 DPL=0 CS32 [-R-]
SS =0018 00000000 ffffffff 00cf9300 DPL=0 DS   [-WA]
DS =0018 00000000 ffffffff 00cf9300 DPL=0 DS   [-WA]
FS =0018 00000000 ffffffff 00cf9300 DPL=0 DS   [-WA]
GS =0018 00000000 ffffffff 00cf9300 DPL=0 DS   [-WA]
LDT=0000 00000000 0000ffff 00008200 DPL=0 LDT
TR =0000 00000000 0000ffff 00008b00 DPL=0 TSS32-busy
GDT=     000010b0 00000020
IDT=     001295e0 000007ff
CR0=00000011 CR2=00000000 CR3=00000000 CR4=00000000
DR0=00000000 DR1=00000000 DR2=00000000 DR3=00000000 
DR6=ffff0ff0 DR7=00000400
CCS=00000085 CCD=fffffff0 CCO=EFLAGS
EFER=0000000000000000
Servicing hardware INT=0x20
   344: v=20 e=0000 i=0 cpl=0 IP=0010:00100994 pc=00100994 SP=0018:001048d4 env->regs[R_EAX]=0000001c
EAX=0000001c EBX=0012dd00 ECX=00001900 EDX=00102844
ESI=001027c0 EDI=0012dd00 EBP=001048e4 ESP=001048d4
EIP=00100994 EFL=00000296 [--S-AP-] CPL=0 II=0 A20=1 SMM=0 HLT=0
ES =0018 00000000 ffffffff 00cf9300 DPL=0 DS   [-WA]
CS =0010 00000000 ffffffff 00cf9a00 DPL=0 CS32 [-R-]
SS =0018 00000000 ffffffff 00cf9300 DPL=0 DS   [-WA]
DS =0018 00000000 ffffffff 00cf9300 DPL=0 DS   [-WA]
FS =0018 00000000 ffffffff 00cf9300 DPL=0 DS   [-WA]
GS =0018 00000000 ffffffff 00cf9300 DPL=0 DS   [-WA]
LDT=0000 00000000 0000ffff 00008200 DPL=0 LDT
TR =0000 00000000 0000ffff 00008b00 DPL=0 TSS32-busy
GDT=     000010b0 00000020
IDT=     001295e0 000007ff
CR0=00000011 CR2=00000000 CR3=00000000 CR4=00000000
DR0=00000000 DR1=00000000 DR2=00000000 DR3=00000000 
DR6=ffff0ff0 DR7=00000400
CCS=00000094 CCD=ffffffff CCO=EFLAGS
EFER=0000000000000000
Servicing hardware INT=0x20
   345: v=20 e=0000 i=0 cpl=0 IP=0010:00101c7d pc=00101c7d SP=0018:0012dd20 env->regs[R_EAX]=00102844
EAX=00102844 EBX=00010000 ECX=000b8000 EDX=00000001
ESI=00000000 EDI=00000000 EBP=0012dd68 ESP=0012dd20
EIP=00101c7d EFL=00200246 [---Z-P-] CPL=0 II=0 A20=1 SMM=0 HLT=0
ES =0018 00000000 ffffffff 00cf9300 DPL=0 DS   [-WA]
CS =0010 00000000 ffffffff 00cf9a00 DPL=0 CS32 [-R-]
SS =0018 00000000 ffffffff 00cf9300 DPL=0 DS   [-WA]
DS =0018 00000000 ffffffff 00cf9300 DPL=0 DS   [-WA]
FS =0018 00000000 ffffffff 00cf9300 DPL=0 DS   [-WA]
GS =0018 00000000 ffffffff 00cf9300 DPL=0 DS   [-WA]
LDT=0000 00000000 0000ffff 00008200 DPL=0 LDT
TR =0000 00000000 0000ffff 00008b00 DPL=0 TSS32-busy
GDT=     000010b0 00000020
IDT=     001295e0 000007ff
CR0=00000011 CR2=00000000 CR3=00000000 CR4=00000000
DR0=00000000 DR1=00000000 DR2=00000000 DR3=00000000 
DR6=ffff0ff0 DR7=00000400
CCS=00000044 CCD=00000000 CCO=EFLAGS
EFER=0000000000000000
Servicing hardware INT=0x20
   346: v=20 e=0000 i=0 cpl=0 IP=0010:001012a5 pc=001012a5 SP=0018:00103c5c env->regs[R_EAX]=00000006
EAX=00000006 EBX=001034e8 ECX=0000104e EDX=00003961
ESI=00102880 EDI=00000061 EBP=00103c94 ESP=00103c5c
EIP=001012a5 EFL=00000297 [--S-APC] CPL=0 II=0 A20=1 SMM=0 HLT=0
ES =0018 00000000 ffffffff 00cf9300 DPL=0 DS   [-WA]
CS =0010 00000000 ffffffff 00cf9a00 DPL=0 CS32 [-R-]
SS =0018 00000000 ffffffff 00cf9300 DPL=0 DS   [-WA]
DS =0018 00000000 ffffffff 00cf9300 DPL=0 DS   [-WA]
FS =0018 00000000 ffffffff 00cf9300 DPL=0 DS   [-WA]
GS =0018 00000000 ffffffff 00cf9300 DPL=0 DS   [-WA]
LDT=0000 00000000 0000ffff 00008200 DPL=0 LDT
TR =0000 00000000 0000ffff 00008b00 DPL=0 TSS32-busy
GDT=     000010b0 00000020
IDT=     001295e0 000007ff
CR0=00000011 CR2=00000000 CR3=00000000 CR4=00000000
DR0=00000000 DR1=00000000 DR2=00000000 DR3=00000000 
DR6=ffff0ff0 DR7=00000400
CCS=00000095 CCD=ffffffed CCO=EFLAGS
EFER=0000000000000000
Servicing hardware INT=0x20
   347: v=20 e=0000 i=0 cpl=0 IP=0010:00100994 pc=00100994 SP=0018:001048d4 env->regs[R_EAX]=0000001c
EAX=0000001c EBX=0012dd00 ECX=00001900 EDX=00102844
ESI=001027c0 EDI=0012dd00 EBP=001048e4 ESP=001048d4
EIP=00100994 EFL=00000296 [--S-AP-] CPL=0 II=0 A20=1 SMM=0 HLT=0
ES =0018 00000000 ffffffff 00cf9300 DPL=0 DS   [-WA]
CS =0010 00000000 ffffffff 00cf9a00 DPL=0 CS32 [-R-]
SS =0018 00000000 ffffffff 00cf9300 DPL=0 DS   [-WA]
DS =0018 00000000 ffffffff 00cf9300 DPL=0 DS   [-WA]
FS =0018 00000000 ffffffff 00cf9300 DPL=0 DS   [-WA]
GS =0018 00000000 ffffffff 00cf9300 DPL=0 DS   [-WA]
LDT=0000 00000000 0000ffff 00008200 DPL=0 LDT
TR =0000 00000000 0000ffff 00008b00 DPL=0 TSS32-busy
GDT=     000010b0 00000020
IDT=     001295e0 000007ff
CR0=00000011 CR2=00000000 CR3=00000000 CR4=00000000
DR0=00000000 DR1=00000000 DR2=00000000 DR3=00000000 
DR6=ffff0ff0 DR7=00000400
CCS=00000094 CCD=ffffffff CCO=EFLAGS
EFER=0000000000000000
Servicing hardware INT=0x20
   348: v=20 e=0000 i=0 cpl=0 IP=0010:00101c7d pc=00101c7d SP=0018:0012dd20 env->regs[R_EAX]=00102844
EAX=00102844 EBX=00010000 ECX=000b8000 EDX=00000001
ESI=00000000 EDI=00000000 EBP=0012dd68 ESP=0012dd20
EIP=00101c7d EFL=00200246 [---Z-P-] CPL=0 II=0 A20=1 SMM=0 HLT=0
ES =0018 00000000 ffffffff 00cf9300 DPL=0 DS   [-WA]
CS =0010 00000000 ffffffff 00cf9a00 DPL=0 CS32 [-R-]
SS =0018 00000000 ffffffff 00cf9300 DPL=0 DS   [-WA]
DS =0018 00000000 ffffffff 00cf9300 DPL=0 DS   [-WA]
FS =0018 00000000 ffffffff 00cf9300 DPL=0 DS   [-WA]
GS =0018 00000000 ffffffff 00cf9300 DPL=0 DS   [-WA]
LDT=0000 00000000 0000ffff 00008200 DPL=0 LDT
TR =0000 00000000 0000ffff 00008b00 DPL=0 TSS32-busy
GDT=     000010b0 00000020
IDT=     001295e0 000007ff
CR0=00000011 CR2=00000000 CR3=00000000 CR4=00000000
DR0=00000000 DR1=00000000 DR2=00000000 DR3=00000000 
DR6=ffff0ff0 DR7=00000400
CCS=00000044 CCD=00000000 CCO=EFLAGS
EFER=0000000000000000
Servicing hardware INT=0x20
   349: v=20 e=0000 i=0 cpl=0 IP=0010:00101196 pc=00101196 SP=0018:00103c44 env->regs[R_EAX]=00000138
EAX=00000138 EBX=00103d28 ECX=0000027e EDX=00008361
ESI=00102844 EDI=00000007 EBP=00103c54 ESP=00103c44
EIP=00101196 EFL=00000297 [--S-APC] CPL=0 II=0 A20=1 SMM=0 HLT=0
ES =0018 00000000 ffffffff 00cf9300 DPL=0 DS   [-WA]
CS =0010 00000000 ffffffff 00cf9a00 DPL=0 CS32 [-R-]
SS =0018 00000000 ffffffff 00cf9300 DPL=0 DS   [-WA]
DS =0018 00000000 ffffffff 00cf9300 DPL=0 DS   [-WA]
FS =0018 00000000 ffffffff 00cf9300 DPL=0 DS   [-WA]
GS =0018 00000000 ffffffff 00cf9300 DPL=0 DS   [-WA]
LDT=0000 00000000 0000ffff 00008200 DPL=0 LDT
TR =0000 00000000 0000ffff 00008b00 DPL=0 TSS32-busy
GDT=     000010b0 00000020
IDT=     001295e0 000007ff
CR0=00000011 CR2=00000000 CR3=00000000 CR4=00000000
DR0=00000000 DR1=00000000 DR2=00000000 DR3=00000000 
DR6=ffff0ff0 DR7=00000400
CCS=00000095 CCD=ffffffed CCO=EFLAGS
EFER=0000000000000000
Servicing hardware INT=0x20
   350: v=20 e=0000 i=0 cpl=0 IP=0010:00100994 pc=00100994 SP=0018:001048d4 env->regs[R_EAX]=0000001c
EAX=0000001c EBX=0012dd00 ECX=00001900 EDX=00102844
ESI=001027c0 EDI=0012dd00 EBP=001048e4 ESP=001048d4
EIP=00100994 EFL=00000296 [--S-AP-] CPL=0 II=0 A20=1 SMM=0 HLT=0
ES =0018 00000000 ffffffff 00cf9300 DPL=0 DS   [-WA]
CS =0010 00000000 ffffffff 00cf9a00 DPL=0 CS32 [-R-]
SS =0018 00000000 ffffffff 00cf9300 DPL=0 DS   [-WA]
DS =0018 00000000 ffffffff 00cf9300 DPL=0 DS   [-WA]
FS =0018 00000000 ffffffff 00cf9300 DPL=0 DS   [-WA]
GS =0018 00000000 ffffffff 00cf9300 DPL=0 DS   [-WA]
LDT=0000 00000000 0000ffff 00008200 DPL=0 LDT
TR =0000 00000000 0000ffff 00008b00 DPL=0 TSS32-busy
GDT=     000010b0 00000020
IDT=     001295e0 000007ff
CR0=00000011 CR2=00000000 CR3=00000000 CR4=00000000
DR0=00000000 DR1=00000000 DR2=00000000 DR3=00000000 
DR6=ffff0ff0 DR7=00000400
CCS=00000094 CCD=ffffffff CCO=EFLAGS
EFER=0000000000000000
Servicing hardware INT=0x20
   351: v=20 e=0000 i=0 cpl=0 IP=0010:00101c7d pc=00101c7d SP=0018:0012dd20 env->regs[R_EAX]=00102844
EAX=00102844 EBX=00010000 ECX=000b8000 EDX=0000000d
ESI=00000000 EDI=00000000 EBP=0012dd68 ESP=0012dd20
EIP=00101c7d EFL=00200287 [--S--PC] CPL=0 II=0 A20=1 SMM=0 HLT=0
ES =0018 00000000 ffffffff 00cf9300 DPL=0 DS   [-WA]
CS =0010 00000000 ffffffff 00cf9a00 DPL=0 CS32 [-R-]
SS =0018 00000000 ffffffff 00cf9300 DPL=0 DS   [-WA]
DS =0018 00000000 ffffffff 00cf9300 DPL=0 DS   [-WA]
FS =0018 00000000 ffffffff 00cf9300 DPL=0 DS   [-WA]
GS =0018 00000000 ffffffff 00cf9300 DPL=0 DS   [-WA]
LDT=0000 00000000 0000ffff 00008200 DPL=0 LDT
TR =0000 00000000 0000ffff 00008b00 DPL=0 TSS32-busy
GDT=     000010b0 00000020
IDT=     001295e0 000007ff
CR0=00000011 CR2=00000000 CR3=00000000 CR4=00000000
DR0=00000000 DR1=00000000 DR2=00000000 DR3=00000000 
DR6=ffff0ff0 DR7=00000400
CCS=00000085 CCD=fffff06c CCO=EFLAGS
EFER=0000000000000000
Servicing hardware INT=0x20
   352: v=20 e=0000 i=0 cpl=0 IP=0010:001011e2 pc=001011e2 SP=0018:00103c98 env->regs[R_EAX]=001011e2
EAX=001011e2 EBX=00100071 ECX=00001054 EDX=00009d66
ESI=0010006f EDI=00000000 EBP=00103cb4 ESP=00103c98
EIP=001011e2 EFL=00000206 [-----P-] CPL=0 II=0 A20=1 SMM=0 HLT=0
ES =0018 00000000 ffffffff 00cf9300 DPL=0 DS   [-WA]
CS =0010 00000000 ffffffff 00cf9a00 DPL=0 CS32 [-R-]
SS =0018 00000000 ffffffff 00cf9300 DPL=0 DS   [-WA]
DS =0018 00000000 ffffffff 00cf9300 DPL=0 DS   [-WA]
FS =0018 00000000 ffffffff 00cf9300 DPL=0 DS   [-WA]
GS =0018 00000000 ffffffff 00cf9300 DPL=0 DS   [-WA]
LDT=0000 00000000 0000ffff 00008200 DPL=0 LDT
TR =0000 00000000 0000ffff 00008b00 DPL=0 TSS32-busy
GDT=     000010b0 00000020
IDT=     001295e0 000007ff
CR0=00000011 CR2=00000000 CR3=00000000 CR4=00000000
DR0=00000000 DR1=00000000 DR2=00000000 DR3=00000000 
DR6=ffff0ff0 DR7=00000400
CCS=00000004 CCD=00103ca0 CCO=EFLAGS
EFER=0000000000000000
Servicing hardware INT=0x20
   353: v=20 e=0000 i=0 cpl=0 IP=0010:00100994 pc=00100994 SP=0018:001048d4 env->regs[R_EAX]=0000001c
EAX=0000001c EBX=0012dd00 ECX=00001900 EDX=00102844
ESI=001027c0 EDI=0012dd00 EBP=001048e4 ESP=001048d4
EIP=00100994 EFL=00000296 [--S-AP-] CPL=0 II=0 A20=1 SMM=0 HLT=0
ES =0018 00000000 ffffffff 00cf9300 DPL=0 DS   [-WA]
CS =0010 00000000 ffffffff 00cf9a00 DPL=0 CS32 [-R-]
SS =0018 00000000 ffffffff 00cf9300 DPL=0 DS   [-WA]
DS =0018 00000000 ffffffff 00cf9300 DPL=0 DS   [-WA]
FS =0018 00000000 ffffffff 00cf9300 DPL=0 DS   [-WA]
GS =0018 00000000 ffffffff 00cf9300 DPL=0 DS   [-WA]
LDT=0000 00000000 0000ffff 00008200 DPL=0 LDT
TR =0000 00000000 0000ffff 00008b00 DPL=0 TSS32-busy
GDT=     000010b0 00000020
IDT=     001295e0 000007ff
CR0=00000011 CR2=00000000 CR3=00000000 CR4=00000000
DR0=00000000 DR1=00000000 DR2=00000000 DR3=00000000 
DR6=ffff0ff0 DR7=00000400
CCS=00000094 CCD=ffffffff CCO=EFLAGS
EFER=0000000000000000
Servicing hardware INT=0x20
   354: v=20 e=0000 i=0 cpl=0 IP=0010:00101c7d pc=00101c7d SP=0018:0012dd20 env->regs[R_EAX]=00102844
EAX=00102844 EBX=00010000 ECX=000b8000 EDX=00000001
ESI=00000000 EDI=00000000 EBP=0012dd68 ESP=0012dd20
EIP=00101c7d EFL=00200246 [---Z-P-] CPL=0 II=0 A20=1 SMM=0 HLT=0
ES =0018 00000000 ffffffff 00cf9300 DPL=0 DS   [-WA]
CS =0010 00000000 ffffffff 00cf9a00 DPL=0 CS32 [-R-]
SS =0018 00000000 ffffffff 00cf9300 DPL=0 DS   [-WA]
DS =0018 00000000 ffffffff 00cf9300 DPL=0 DS   [-WA]
FS =0018 00000000 ffffffff 00cf9300 DPL=0 DS   [-WA]
GS =0018 00000000 ffffffff 00cf9300 DPL=0 DS   [-WA]
LDT=0000 00000000 0000ffff 00008200 DPL=0 LDT
TR =0000 00000000 0000ffff 00008b00 DPL=0 TSS32-busy
GDT=     000010b0 00000020
IDT=     001295e0 000007ff
CR0=00000011 CR2=00000000 CR3=00000000 CR4=00000000
DR0=00000000 DR1=00000000 DR2=00000000 DR3=00000000 
DR6=ffff0ff0 DR7=00000400
CCS=00000044 CCD=00000000 CCO=EFLAGS
EFER=0000000000000000
Servicing hardware INT=0x20
   355: v=20 e=0000 i=0 cpl=0 IP=0010:00101304 pc=00101304 SP=0018:00103c9c env->regs[R_EAX]=00000009
EAX=00000009 EBX=00100071 ECX=00001054 EDX=0000db6f
ESI=0010006f EDI=00000000 EBP=00103cb4 ESP=00103c9c
EIP=00101304 EFL=00000246 [---Z-P-] CPL=0 II=0 A20=1 SMM=0 HLT=0
ES =0018 00000000 ffffffff 00cf9300 DPL=0 DS   [-WA]
CS =0010 00000000 ffffffff 00cf9a00 DPL=0 CS32 [-R-]
SS =0018 00000000 ffffffff 00cf9300 DPL=0 DS   [-WA]
DS =0018 00000000 ffffffff 00cf9300 DPL=0 DS   [-WA]
FS =0018 00000000 ffffffff 00cf9300 DPL=0 DS   [-WA]
GS =0018 00000000 ffffffff 00cf9300 DPL=0 DS   [-WA]
LDT=0000 00000000 0000ffff 00008200 DPL=0 LDT
TR =0000 00000000 0000ffff 00008b00 DPL=0 TSS32-busy
GDT=     000010b0 00000020
IDT=     001295e0 000007ff
CR0=00000011 CR2=00000000 CR3=00000000 CR4=00000000
DR0=00000000 DR1=00000000 DR2=00000000 DR3=00000000 
DR6=ffff0ff0 DR7=00000400
CCS=00000044 CCD=00000000 CCO=EFLAGS
EFER=0000000000000000
Servicing hardware INT=0x20
   356: v=20 e=0000 i=0 cpl=0 IP=0010:00100994 pc=00100994 SP=0018:001048d4 env->regs[R_EAX]=0000001c
EAX=0000001c EBX=0012dd00 ECX=00001900 EDX=00102844
ESI=001027c0 EDI=0012dd00 EBP=001048e4 ESP=001048d4
EIP=00100994 EFL=00000296 [--S-AP-] CPL=0 II=0 A20=1 SMM=0 HLT=0
ES =0018 00000000 ffffffff 00cf9300 DPL=0 DS   [-WA]
CS =0010 00000000 ffffffff 00cf9a00 DPL=0 CS32 [-R-]
SS =0018 00000000 ffffffff 00cf9300 DPL=0 DS   [-WA]
DS =0018 00000000 ffffffff 00cf9300 DPL=0 DS   [-WA]
FS =0018 00000000 ffffffff 00cf9300 DPL=0 DS   [-WA]
GS =0018 00000000 ffffffff 00cf9300 DPL=0 DS   [-WA]
LDT=0000 00000000 0000ffff 00008200 DPL=0 LDT
TR =0000 00000000 0000ffff 00008b00 DPL=0 TSS32-busy
GDT=     000010b0 00000020
IDT=     001295e0 000007ff
CR0=00000011 CR2=00000000 CR3=00000000 CR4=00000000
DR0=00000000 DR1=00000000 DR2=00000000 DR3=00000000 
DR6=ffff0ff0 DR7=00000400
CCS=00000094 CCD=ffffffff CCO=EFLAGS
EFER=0000000000000000
Servicing hardware INT=0x20
   357: v=20 e=0000 i=0 cpl=0 IP=0010:00101c7d pc=00101c7d SP=0018:0012dd20 env->regs[R_EAX]=00102844
EAX=00102844 EBX=00010000 ECX=000b8000 EDX=00000035
ESI=00000000 EDI=00000000 EBP=0012dd68 ESP=0012dd20
EIP=00101c7d EFL=00200283 [--S---C] CPL=0 II=0 A20=1 SMM=0 HLT=0
ES =0018 00000000 ffffffff 00cf9300 DPL=0 DS   [-WA]
CS =0010 00000000 ffffffff 00cf9a00 DPL=0 CS32 [-R-]
SS =0018 00000000 ffffffff 00cf9300 DPL=0 DS   [-WA]
DS =0018 00000000 ffffffff 00cf9300 DPL=0 DS   [-WA]
FS =0018 00000000 ffffffff 00cf9300 DPL=0 DS   [-WA]
GS =0018 00000000 ffffffff 00cf9300 DPL=0 DS   [-WA]
LDT=0000 00000000 0000ffff 00008200 DPL=0 LDT
TR =0000 00000000 0000ffff 00008b00 DPL=0 TSS32-busy
GDT=     000010b0 00000020
IDT=     001295e0 000007ff
CR0=00000011 CR2=00000000 CR3=00000000 CR4=00000000
DR0=00000000 DR1=00000000 DR2=00000000 DR3=00000000 
DR6=ffff0ff0 DR7=00000400
CCS=00000081 CCD=fffff094 CCO=EFLAGS
EFER=0000000000000000
Servicing hardware INT=0x20
   358: v=20 e=0000 i=0 cpl=0 IP=0010:00101196 pc=00101196 SP=0018:00103c44 env->regs[R_EAX]=000001d4
EAX=000001d4 EBX=00103d28 ECX=000003ce EDX=00001f61
ESI=00102844 EDI=00000013 EBP=00103c54 ESP=00103c44
EIP=00101196 EFL=00000297 [--S-APC] CPL=0 II=0 A20=1 SMM=0 HLT=0
ES =0018 00000000 ffffffff 00cf9300 DPL=0 DS   [-WA]
CS =0010 00000000 ffffffff 00cf9a00 DPL=0 CS32 [-R-]
SS =0018 00000000 ffffffff 00cf9300 DPL=0 DS   [-WA]
DS =0018 00000000 ffffffff 00cf9300 DPL=0 DS   [-WA]
FS =0018 00000000 ffffffff 00cf9300 DPL=0 DS   [-WA]
GS =0018 00000000 ffffffff 00cf9300 DPL=0 DS   [-WA]
LDT=0000 00000000 0000ffff 00008200 DPL=0 LDT
TR =0000 00000000 0000ffff 00008b00 DPL=0 TSS32-busy
GDT=     000010b0 00000020
IDT=     001295e0 000007ff
CR0=00000011 CR2=00000000 CR3=00000000 CR4=00000000
DR0=00000000 DR1=00000000 DR2=00000000 DR3=00000000 
DR6=ffff0ff0 DR7=00000400
CCS=00000095 CCD=fffffff9 CCO=EFLAGS
EFER=0000000000000000
Servicing hardware INT=0x20
   359: v=20 e=0000 i=0 cpl=0 IP=0010:00100994 pc=00100994 SP=0018:001048d4 env->regs[R_EAX]=0000001c
EAX=0000001c EBX=0012dd00 ECX=00001900 EDX=00102844
ESI=001027c0 EDI=0012dd00 EBP=001048e4 ESP=001048d4
EIP=00100994 EFL=00000296 [--S-AP-] CPL=0 II=0 A20=1 SMM=0 HLT=0
ES =0018 00000000 ffffffff 00cf9300 DPL=0 DS   [-WA]
CS =0010 00000000 ffffffff 00cf9a00 DPL=0 CS32 [-R-]
SS =0018 00000000 ffffffff 00cf9300 DPL=0 DS   [-WA]
DS =0018 00000000 ffffffff 00cf9300 DPL=0 DS   [-WA]
FS =0018 00000000 ffffffff 00cf9300 DPL=0 DS   [-WA]
GS =0018 00000000 ffffffff 00cf9300 DPL=0 DS   [-WA]
LDT=0000 00000000 0000ffff 00008200 DPL=0 LDT
TR =0000 00000000 0000ffff 00008b00 DPL=0 TSS32-busy
GDT=     000010b0 00000020
IDT=     001295e0 000007ff
CR0=00000011 CR2=00000000 CR3=00000000 CR4=00000000
DR0=00000000 DR1=00000000 DR2=00000000 DR3=00000000 
DR6=ffff0ff0 DR7=00000400
CCS=00000094 CCD=ffffffff CCO=EFLAGS
EFER=0000000000000000
Servicing hardware INT=0x20
   360: v=20 e=0000 i=0 cpl=0 IP=0010:00101c7d pc=00101c7d SP=0018:0012dd20 env->regs[R_EAX]=00102844
EAX=00102844 EBX=00010000 ECX=000b8000 EDX=00000085
ESI=00000000 EDI=00000000 EBP=0012dd68 ESP=0012dd20
EIP=00101c7d EFL=00200287 [--S--PC] CPL=0 II=0 A20=1 SMM=0 HLT=0
ES =0018 00000000 ffffffff 00cf9300 DPL=0 DS   [-WA]
CS =0010 00000000 ffffffff 00cf9a00 DPL=0 CS32 [-R-]
SS =0018 00000000 ffffffff 00cf9300 DPL=0 DS   [-WA]
DS =0018 00000000 ffffffff 00cf9300 DPL=0 DS   [-WA]
FS =0018 00000000 ffffffff 00cf9300 DPL=0 DS   [-WA]
GS =0018 00000000 ffffffff 00cf9300 DPL=0 DS   [-WA]
LDT=0000 00000000 0000ffff 00008200 DPL=0 LDT
TR =0000 00000000 0000ffff 00008b00 DPL=0 TSS32-busy
GDT=     000010b0 00000020
IDT=     001295e0 000007ff
CR0=00000011 CR2=00000000 CR3=00000000 CR4=00000000
DR0=00000000 DR1=00000000 DR2=00000000 DR3=00000000 
DR6=ffff0ff0 DR7=00000400
CCS=00000085 CCD=fffff0e4 CCO=EFLAGS
EFER=0000000000000000
Servicing hardware INT=0x20
   361: v=20 e=0000 i=0 cpl=0 IP=0010:00101196 pc=00101196 SP=0018:00103c44 env->regs[R_EAX]=000001ee
EAX=000001ee EBX=00103d28 ECX=000003fe EDX=0000ef20
ESI=00102844 EDI=00000011 EBP=00103c54 ESP=00103c44
EIP=00101196 EFL=00000293 [--S-A-C] CPL=0 II=0 A20=1 SMM=0 HLT=0
ES =0018 00000000 ffffffff 00cf9300 DPL=0 DS   [-WA]
CS =0010 00000000 ffffffff 00cf9a00 DPL=0 CS32 [-R-]
SS =0018 00000000 ffffffff 00cf9300 DPL=0 DS   [-WA]
DS =0018 00000000 ffffffff 00cf9300 DPL=0 DS   [-WA]
FS =0018 00000000 ffffffff 00cf9300 DPL=0 DS   [-WA]
GS =0018 00000000 ffffffff 00cf9300 DPL=0 DS   [-WA]
LDT=0000 00000000 0000ffff 00008200 DPL=0 LDT
TR =0000 00000000 0000ffff 00008b00 DPL=0 TSS32-busy
GDT=     000010b0 00000020
IDT=     001295e0 000007ff
CR0=00000011 CR2=00000000 CR3=00000000 CR4=00000000
DR0=00000000 DR1=00000000 DR2=00000000 DR3=00000000 
DR6=ffff0ff0 DR7=00000400
CCS=00000091 CCD=fffffff7 CCO=EFLAGS
EFER=0000000000000000
Servicing hardware INT=0x20
   362: v=20 e=0000 i=0 cpl=0 IP=0010:00100994 pc=00100994 SP=0018:001048d4 env->regs[R_EAX]=0000001c
EAX=0000001c EBX=0012dd00 ECX=00001900 EDX=00102844
ESI=001027c0 EDI=0012dd00 EBP=001048e4 ESP=001048d4
EIP=00100994 EFL=00000296 [--S-AP-] CPL=0 II=0 A20=1 SMM=0 HLT=0
ES =0018 00000000 ffffffff 00cf9300 DPL=0 DS   [-WA]
CS =0010 00000000 ffffffff 00cf9a00 DPL=0 CS32 [-R-]
SS =0018 00000000 ffffffff 00cf9300 DPL=0 DS   [-WA]
DS =0018 00000000 ffffffff 00cf9300 DPL=0 DS   [-WA]
FS =0018 00000000 ffffffff 00cf9300 DPL=0 DS   [-WA]
GS =0018 00000000 ffffffff 00cf9300 DPL=0 DS   [-WA]
LDT=0000 00000000 0000ffff 00008200 DPL=0 LDT
TR =0000 00000000 0000ffff 00008b00 DPL=0 TSS32-busy
GDT=     000010b0 00000020
IDT=     001295e0 000007ff
CR0=00000011 CR2=00000000 CR3=00000000 CR4=00000000
DR0=00000000 DR1=00000000 DR2=00000000 DR3=00000000 
DR6=ffff0ff0 DR7=00000400
CCS=00000094 CCD=ffffffff CCO=EFLAGS
EFER=0000000000000000
Servicing hardware INT=0x20
   363: v=20 e=0000 i=0 cpl=0 IP=0010:00101c44 pc=00101c44 SP=0018:0012dd20 env->regs[R_EAX]=00102844
EAX=00102844 EBX=00010000 ECX=00075300 EDX=0005e427
ESI=0012ddf4 EDI=00000000 EBP=0012dd68 ESP=0012dd20
EIP=00101c44 EFL=00200207 [-----PC] CPL=0 II=0 A20=1 SMM=0 HLT=0
ES =0018 00000000 ffffffff 00cf9300 DPL=0 DS   [-WA]
CS =0010 00000000 ffffffff 00cf9a00 DPL=0 CS32 [-R-]
SS =0018 00000000 ffffffff 00cf9300 DPL=0 DS   [-WA]
DS =0018 00000000 ffffffff 00cf9300 DPL=0 DS   [-WA]
FS =0018 00000000 ffffffff 00cf9300 DPL=0 DS   [-WA]
GS =0018 00000000 ffffffff 00cf9300 DPL=0 DS   [-WA]
LDT=0000 00000000 0000ffff 00008200 DPL=0 LDT
TR =0000 00000000 0000ffff 00008b00 DPL=0 TSS32-busy
GDT=     000010b0 00000020
IDT=     001295e0 000007ff
CR0=00000011 CR2=00000000 CR3=00000000 CR4=00000000
DR0=00000000 DR1=00000000 DR2=00000000 DR3=00000000 
DR6=ffff0ff0 DR7=00000400
CCS=00000005 CCD=0005e427 CCO=EFLAGS
EFER=0000000000000000
Servicing hardware INT=0x20
   364: v=20 e=0000 i=0 cpl=0 IP=0010:00101196 pc=00101196 SP=0018:00103c44 env->regs[R_EAX]=00000082
EAX=00000082 EBX=00103d28 ECX=00000118 EDX=0000b920
ESI=00102844 EDI=0000000a EBP=00103c54 ESP=00103c44
EIP=00101196 EFL=00000287 [--S--PC] CPL=0 II=0 A20=1 SMM=0 HLT=0
ES =0018 00000000 ffffffff 00cf9300 DPL=0 DS   [-WA]
CS =0010 00000000 ffffffff 00cf9a00 DPL=0 CS32 [-R-]
SS =0018 00000000 ffffffff 00cf9300 DPL=0 DS   [-WA]
DS =0018 00000000 ffffffff 00cf9300 DPL=0 DS   [-WA]
FS =0018 00000000 ffffffff 00cf9300 DPL=0 DS   [-WA]
GS =0018 00000000 ffffffff 00cf9300 DPL=0 DS   [-WA]
LDT=0000 00000000 0000ffff 00008200 DPL=0 LDT
TR =0000 00000000 0000ffff 00008b00 DPL=0 TSS32-busy
GDT=     000010b0 00000020
IDT=     001295e0 000007ff
CR0=00000011 CR2=00000000 CR3=00000000 CR4=00000000
DR0=00000000 DR1=00000000 DR2=00000000 DR3=00000000 
DR6=ffff0ff0 DR7=00000400
CCS=00000085 CCD=fffffff0 CCO=EFLAGS
EFER=0000000000000000
Servicing hardware INT=0x20
   365: v=20 e=0000 i=0 cpl=0 IP=0010:00100994 pc=00100994 SP=0018:001048d4 env->regs[R_EAX]=0000001c
EAX=0000001c EBX=0012dd00 ECX=00001900 EDX=00102844
ESI=001027c0 EDI=0012dd00 EBP=001048e4 ESP=001048d4
EIP=00100994 EFL=00000296 [--S-AP-] CPL=0 II=0 A20=1 SMM=0 HLT=0
ES =0018 00000000 ffffffff 00cf9300 DPL=0 DS   [-WA]
CS =0010 00000000 ffffffff 00cf9a00 DPL=0 CS32 [-R-]
SS =0018 00000000 ffffffff 00cf9300 DPL=0 DS   [-WA]
DS =0018 00000000 ffffffff 00cf9300 DPL=0 DS   [-WA]
FS =0018 00000000 ffffffff 00cf9300 DPL=0 DS   [-WA]
GS =0018 00000000 ffffffff 00cf9300 DPL=0 DS   [-WA]
LDT=0000 00000000 0000ffff 00008200 DPL=0 LDT
TR =0000 00000000 0000ffff 00008b00 DPL=0 TSS32-busy
GDT=     000010b0 00000020
IDT=     001295e0 000007ff
CR0=00000011 CR2=00000000 CR3=00000000 CR4=00000000
DR0=00000000 DR1=00000000 DR2=00000000 DR3=00000000 
DR6=ffff0ff0 DR7=00000400
CCS=00000094 CCD=ffffffff CCO=EFLAGS
EFER=0000000000000000
Servicing hardware INT=0x20
   366: v=20 e=0000 i=0 cpl=0 IP=0010:00101c7d pc=00101c7d SP=0018:0012dd20 env->regs[R_EAX]=00102844
EAX=00102844 EBX=00010000 ECX=000b8000 EDX=00000001
ESI=00000000 EDI=00000000 EBP=0012dd68 ESP=0012dd20
EIP=00101c7d EFL=00200246 [---Z-P-] CPL=0 II=0 A20=1 SMM=0 HLT=0
ES =0018 00000000 ffffffff 00cf9300 DPL=0 DS   [-WA]
CS =0010 00000000 ffffffff 00cf9a00 DPL=0 CS32 [-R-]
SS =0018 00000000 ffffffff 00cf9300 DPL=0 DS   [-WA]
DS =0018 00000000 ffffffff 00cf9300 DPL=0 DS   [-WA]
FS =0018 00000000 ffffffff 00cf9300 DPL=0 DS   [-WA]
GS =0018 00000000 ffffffff 00cf9300 DPL=0 DS   [-WA]
LDT=0000 00000000 0000ffff 00008200 DPL=0 LDT
TR =0000 00000000 0000ffff 00008b00 DPL=0 TSS32-busy
GDT=     000010b0 00000020
IDT=     001295e0 000007ff
CR0=00000011 CR2=00000000 CR3=00000000 CR4=00000000
DR0=00000000 DR1=00000000 DR2=00000000 DR3=00000000 
DR6=ffff0ff0 DR7=00000400
CCS=00000044 CCD=00000000 CCO=EFLAGS
EFER=0000000000000000
Servicing hardware INT=0x20
   367: v=20 e=0000 i=0 cpl=0 IP=0010:0010122f pc=0010122f SP=0018:00103c5c env->regs[R_EAX]=00102844
EAX=00102844 EBX=0000003c ECX=00000410 EDX=0000001a
ESI=00102880 EDI=0000006f EBP=00103c94 ESP=00103c5c
EIP=0010122f EFL=00000206 [-----P-] CPL=0 II=0 A20=1 SMM=0 HLT=0
ES =0018 00000000 ffffffff 00cf9300 DPL=0 DS   [-WA]
CS =0010 00000000 ffffffff 00cf9a00 DPL=0 CS32 [-R-]
SS =0018 00000000 ffffffff 00cf9300 DPL=0 DS   [-WA]
DS =0018 00000000 ffffffff 00cf9300 DPL=0 DS   [-WA]
FS =0018 00000000 ffffffff 00cf9300 DPL=0 DS   [-WA]
GS =0018 00000000 ffffffff 00cf9300 DPL=0 DS   [-WA]
LDT=0000 00000000 0000ffff 00008200 DPL=0 LDT
TR =0000 00000000 0000ffff 00008b00 DPL=0 TSS32-busy
GDT=     000010b0 00000020
IDT=     001295e0 000007ff
CR0=00000011 CR2=00000000 CR3=00000000 CR4=00000000
DR0=00000000 DR1=00000000 DR2=00000000 DR3=00000000 
DR6=ffff0ff0 DR7=00000400
CCS=00000004 CCD=00000065 CCO=EFLAGS
EFER=0000000000000000
Servicing hardware INT=0x20
   368: v=20 e=0000 i=0 cpl=0 IP=0010:00100994 pc=00100994 SP=0018:001048d4 env->regs[R_EAX]=0000001c
EAX=0000001c EBX=0012dd00 ECX=00001900 EDX=00102844
ESI=001027c0 EDI=0012dd00 EBP=001048e4 ESP=001048d4
EIP=00100994 EFL=00000296 [--S-AP-] CPL=0 II=0 A20=1 SMM=0 HLT=0
ES =0018 00000000 ffffffff 00cf9300 DPL=0 DS   [-WA]
CS =0010 00000000 ffffffff 00cf9a00 DPL=0 CS32 [-R-]
SS =0018 00000000 ffffffff 00cf9300 DPL=0 DS   [-WA]
DS =0018 00000000 ffffffff 00cf9300 DPL=0 DS   [-WA]
FS =0018 00000000 ffffffff 00cf9300 DPL=0 DS   [-WA]
GS =0018 00000000 ffffffff 00cf9300 DPL=0 DS   [-WA]
LDT=0000 00000000 0000ffff 00008200 DPL=0 LDT
TR =0000 00000000 0000ffff 00008b00 DPL=0 TSS32-busy
GDT=     000010b0 00000020
IDT=     001295e0 000007ff
CR0=00000011 CR2=00000000 CR3=00000000 CR4=00000000
DR0=00000000 DR1=00000000 DR2=00000000 DR3=00000000 
DR6=ffff0ff0 DR7=00000400
CCS=00000094 CCD=ffffffff CCO=EFLAGS
EFER=0000000000000000
Servicing hardware INT=0x20
   369: v=20 e=0000 i=0 cpl=0 IP=0010:00101c7d pc=00101c7d SP=0018:0012dd20 env->regs[R_EAX]=00102844
EAX=00102844 EBX=00010000 ECX=000b8000 EDX=00000001
ESI=00000000 EDI=00000000 EBP=0012dd68 ESP=0012dd20
EIP=00101c7d EFL=00200246 [---Z-P-] CPL=0 II=0 A20=1 SMM=0 HLT=0
ES =0018 00000000 ffffffff 00cf9300 DPL=0 DS   [-WA]
CS =0010 00000000 ffffffff 00cf9a00 DPL=0 CS32 [-R-]
SS =0018 00000000 ffffffff 00cf9300 DPL=0 DS   [-WA]
DS =0018 00000000 ffffffff 00cf9300 DPL=0 DS   [-WA]
FS =0018 00000000 ffffffff 00cf9300 DPL=0 DS   [-WA]
GS =0018 00000000 ffffffff 00cf9300 DPL=0 DS   [-WA]
LDT=0000 00000000 0000ffff 00008200 DPL=0 LDT
TR =0000 00000000 0000ffff 00008b00 DPL=0 TSS32-busy
GDT=     000010b0 00000020
IDT=     001295e0 000007ff
CR0=00000011 CR2=00000000 CR3=00000000 CR4=00000000
DR0=00000000 DR1=00000000 DR2=00000000 DR3=00000000 
DR6=ffff0ff0 DR7=00000400
CCS=00000044 CCD=00000000 CCO=EFLAGS
EFER=0000000000000000
Servicing hardware INT=0x20
   370: v=20 e=0000 i=0 cpl=0 IP=0010:00101268 pc=00101268 SP=0018:00103c5c env->regs[R_EAX]=00102844
EAX=00102844 EBX=001034e8 ECX=00000c68 EDX=001034ac
ESI=00102880 EDI=00000012 EBP=00103c94 ESP=00103c5c
EIP=00101268 EFL=00000216 [----AP-] CPL=0 II=0 A20=1 SMM=0 HLT=0
ES =0018 00000000 ffffffff 00cf9300 DPL=0 DS   [-WA]
CS =0010 00000000 ffffffff 00cf9a00 DPL=0 CS32 [-R-]
SS =0018 00000000 ffffffff 00cf9300 DPL=0 DS   [-WA]
DS =0018 00000000 ffffffff 00cf9300 DPL=0 DS   [-WA]
FS =0018 00000000 ffffffff 00cf9300 DPL=0 DS   [-WA]
GS =0018 00000000 ffffffff 00cf9300 DPL=0 DS   [-WA]
LDT=0000 00000000 0000ffff 00008200 DPL=0 LDT
TR =0000 00000000 0000ffff 00008b00 DPL=0 TSS32-busy
GDT=     000010b0 00000020
IDT=     001295e0 000007ff
CR0=00000011 CR2=00000000 CR3=00000000 CR4=00000000
DR0=00000000 DR1=00000000 DR2=00000000 DR3=00000000 
DR6=ffff0ff0 DR7=00000400
CCS=00000014 CCD=00000059 CCO=EFLAGS
EFER=0000000000000000
Servicing hardware INT=0x20
   371: v=20 e=0000 i=0 cpl=0 IP=0010:00100994 pc=00100994 SP=0018:001048d4 env->regs[R_EAX]=0000001c
EAX=0000001c EBX=0012dd00 ECX=00001900 EDX=00102844
ESI=001027c0 EDI=0012dd00 EBP=001048e4 ESP=001048d4
EIP=00100994 EFL=00000296 [--S-AP-] CPL=0 II=0 A20=1 SMM=0 HLT=0
ES =0018 00000000 ffffffff 00cf9300 DPL=0 DS   [-WA]
CS =0010 00000000 ffffffff 00cf9a00 DPL=0 CS32 [-R-]
SS =0018 00000000 ffffffff 00cf9300 DPL=0 DS   [-WA]
DS =0018 00000000 ffffffff 00cf9300 DPL=0 DS   [-WA]
FS =0018 00000000 ffffffff 00cf9300 DPL=0 DS   [-WA]
GS =0018 00000000 ffffffff 00cf9300 DPL=0 DS   [-WA]
LDT=0000 00000000 0000ffff 00008200 DPL=0 LDT
TR =0000 00000000 0000ffff 00008b00 DPL=0 TSS32-busy
GDT=     000010b0 00000020
IDT=     001295e0 000007ff
CR0=00000011 CR2=00000000 CR3=00000000 CR4=00000000
DR0=00000000 DR1=00000000 DR2=00000000 DR3=00000000 
DR6=ffff0ff0 DR7=00000400
CCS=00000094 CCD=ffffffff CCO=EFLAGS
EFER=0000000000000000
Servicing hardware INT=0x20
   372: v=20 e=0000 i=0 cpl=0 IP=0010:00101146 pc=00101146 SP=0018:0012dcec env->regs[R_EAX]=00194394
EAX=00194394 EBX=00000037 ECX=0074b2ed EDX=000000e0
ESI=0000007b EDI=000000b0 EBP=0012dd04 ESP=0012dcec
EIP=00101146 EFL=00200216 [----AP-] CPL=0 II=0 A20=1 SMM=0 HLT=0
ES =0018 00000000 ffffffff 00cf9300 DPL=0 DS   [-WA]
CS =0010 00000000 ffffffff 00cf9a00 DPL=0 CS32 [-R-]
SS =0018 00000000 ffffffff 00cf9300 DPL=0 DS   [-WA]
DS =0018 00000000 ffffffff 00cf9300 DPL=0 DS   [-WA]
FS =0018 00000000 ffffffff 00cf9300 DPL=0 DS   [-WA]
GS =0018 00000000 ffffffff 00cf9300 DPL=0 DS   [-WA]
LDT=0000 00000000 0000ffff 00008200 DPL=0 LDT
TR =0000 00000000 0000ffff 00008b00 DPL=0 TSS32-busy
GDT=     000010b0 00000020
IDT=     001295e0 000007ff
CR0=00000011 CR2=00000000 CR3=00000000 CR4=00000000
DR0=00000000 DR1=00000000 DR2=00000000 DR3=00000000 
DR6=ffff0ff0 DR7=00000400
CCS=00000014 CCD=000000a9 CCO=EFLAGS
EFER=0000000000000000
Servicing hardware INT=0x20
   373: v=20 e=0000 i=0 cpl=0 IP=0010:00101196 pc=00101196 SP=0018:00103c44 env->regs[R_EAX]=00000104
EAX=00000104 EBX=00103d28 ECX=00000214 EDX=00004362
ESI=00102844 EDI=00000006 EBP=00103c54 ESP=00103c44
EIP=00101196 EFL=00000293 [--S-A-C] CPL=0 II=0 A20=1 SMM=0 HLT=0
ES =0018 00000000 ffffffff 00cf9300 DPL=0 DS   [-WA]
CS =0010 00000000 ffffffff 00cf9a00 DPL=0 CS32 [-R-]
SS =0018 00000000 ffffffff 00cf9300 DPL=0 DS   [-WA]
DS =0018 00000000 ffffffff 00cf9300 DPL=0 DS   [-WA]
FS =0018 00000000 ffffffff 00cf9300 DPL=0 DS   [-WA]
GS =0018 00000000 ffffffff 00cf9300 DPL=0 DS   [-WA]
LDT=0000 00000000 0000ffff 00008200 DPL=0 LDT
TR =0000 00000000 0000ffff 00008b00 DPL=0 TSS32-busy
GDT=     000010b0 00000020
IDT=     001295e0 000007ff
CR0=00000011 CR2=00000000 CR3=00000000 CR4=00000000
DR0=00000000 DR1=00000000 DR2=00000000 DR3=00000000 
DR6=ffff0ff0 DR7=00000400
CCS=00000091 CCD=ffffffec CCO=EFLAGS
EFER=0000000000000000
Servicing hardware INT=0x20
   374: v=20 e=0000 i=0 cpl=0 IP=0010:00100994 pc=00100994 SP=0018:001048d4 env->regs[R_EAX]=0000001c
EAX=0000001c EBX=0012dd00 ECX=00001900 EDX=00102844
ESI=001027c0 EDI=0012dd00 EBP=001048e4 ESP=001048d4
EIP=00100994 EFL=00000296 [--S-AP-] CPL=0 II=0 A20=1 SMM=0 HLT=0
ES =0018 00000000 ffffffff 00cf9300 DPL=0 DS   [-WA]
CS =0010 00000000 ffffffff 00cf9a00 DPL=0 CS32 [-R-]
SS =0018 00000000 ffffffff 00cf9300 DPL=0 DS   [-WA]
DS =0018 00000000 ffffffff 00cf9300 DPL=0 DS   [-WA]
FS =0018 00000000 ffffffff 00cf9300 DPL=0 DS   [-WA]
GS =0018 00000000 ffffffff 00cf9300 DPL=0 DS   [-WA]
LDT=0000 00000000 0000ffff 00008200 DPL=0 LDT
TR =0000 00000000 0000ffff 00008b00 DPL=0 TSS32-busy
GDT=     000010b0 00000020
IDT=     001295e0 000007ff
CR0=00000011 CR2=00000000 CR3=00000000 CR4=00000000
DR0=00000000 DR1=00000000 DR2=00000000 DR3=00000000 
DR6=ffff0ff0 DR7=00000400
CCS=00000094 CCD=ffffffff CCO=EFLAGS
EFER=0000000000000000
Servicing hardware INT=0x20
   375: v=20 e=0000 i=0 cpl=0 IP=0010:00101c7d pc=00101c7d SP=0018:0012dd20 env->regs[R_EAX]=00102844
EAX=00102844 EBX=00010000 ECX=000b8000 EDX=00000001
ESI=00000000 EDI=00000000 EBP=0012dd68 ESP=0012dd20
EIP=00101c7d EFL=00200246 [---Z-P-] CPL=0 II=0 A20=1 SMM=0 HLT=0
ES =0018 00000000 ffffffff 00cf9300 DPL=0 DS   [-WA]
CS =0010 00000000 ffffffff 00cf9a00 DPL=0 CS32 [-R-]
SS =0018 00000000 ffffffff 00cf9300 DPL=0 DS   [-WA]
DS =0018 00000000 ffffffff 00cf9300 DPL=0 DS   [-WA]
FS =0018 00000000 ffffffff 00cf9300 DPL=0 DS   [-WA]
GS =0018 00000000 ffffffff 00cf9300 DPL=0 DS   [-WA]
LDT=0000 00000000 0000ffff 00008200 DPL=0 LDT
TR =0000 00000000 0000ffff 00008b00 DPL=0 TSS32-busy
GDT=     000010b0 00000020
IDT=     001295e0 000007ff
CR0=00000011 CR2=00000000 CR3=00000000 CR4=00000000
DR0=00000000 DR1=00000000 DR2=00000000 DR3=00000000 
DR6=ffff0ff0 DR7=00000400
CCS=00000044 CCD=00000000 CCO=EFLAGS
EFER=0000000000000000
Servicing hardware INT=0x20
   376: v=20 e=0000 i=0 cpl=0 IP=0010:001011e2 pc=001011e2 SP=0018:00103c98 env->regs[R_EAX]=001011e2
EAX=001011e2 EBX=00100071 ECX=00001056 EDX=00007b66
ESI=0010006f EDI=00000000 EBP=00103cb4 ESP=00103c98
EIP=001011e2 EFL=00000206 [-----P-] CPL=0 II=0 A20=1 SMM=0 HLT=0
ES =0018 00000000 ffffffff 00cf9300 DPL=0 DS   [-WA]
CS =0010 00000000 ffffffff 00cf9a00 DPL=0 CS32 [-R-]
SS =0018 00000000 ffffffff 00cf9300 DPL=0 DS   [-WA]
DS =0018 00000000 ffffffff 00cf9300 DPL=0 DS   [-WA]
FS =0018 00000000 ffffffff 00cf9300 DPL=0 DS   [-WA]
GS =0018 00000000 ffffffff 00cf9300 DPL=0 DS   [-WA]
LDT=0000 00000000 0000ffff 00008200 DPL=0 LDT
TR =0000 00000000 0000ffff 00008b00 DPL=0 TSS32-busy
GDT=     000010b0 00000020
IDT=     001295e0 000007ff
CR0=00000011 CR2=00000000 CR3=00000000 CR4=00000000
DR0=00000000 DR1=00000000 DR2=00000000 DR3=00000000 
DR6=ffff0ff0 DR7=00000400
CCS=00000004 CCD=00103ca0 CCO=EFLAGS
EFER=0000000000000000
Servicing hardware INT=0x20
   377: v=20 e=0000 i=0 cpl=0 IP=0010:00100994 pc=00100994 SP=0018:001048d4 env->regs[R_EAX]=0000001c
EAX=0000001c EBX=0012dd00 ECX=00001900 EDX=00102844
ESI=001027c0 EDI=0012dd00 EBP=001048e4 ESP=001048d4
EIP=00100994 EFL=00000296 [--S-AP-] CPL=0 II=0 A20=1 SMM=0 HLT=0
ES =0018 00000000 ffffffff 00cf9300 DPL=0 DS   [-WA]
CS =0010 00000000 ffffffff 00cf9a00 DPL=0 CS32 [-R-]
SS =0018 00000000 ffffffff 00cf9300 DPL=0 DS   [-WA]
DS =0018 00000000 ffffffff 00cf9300 DPL=0 DS   [-WA]
FS =0018 00000000 ffffffff 00cf9300 DPL=0 DS   [-WA]
GS =0018 00000000 ffffffff 00cf9300 DPL=0 DS   [-WA]
LDT=0000 00000000 0000ffff 00008200 DPL=0 LDT
TR =0000 00000000 0000ffff 00008b00 DPL=0 TSS32-busy
GDT=     000010b0 00000020
IDT=     001295e0 000007ff
CR0=00000011 CR2=00000000 CR3=00000000 CR4=00000000
DR0=00000000 DR1=00000000 DR2=00000000 DR3=00000000 
DR6=ffff0ff0 DR7=00000400
CCS=00000094 CCD=ffffffff CCO=EFLAGS
EFER=0000000000000000
Servicing hardware INT=0x20
   378: v=20 e=0000 i=0 cpl=0 IP=0010:00101c44 pc=00101c44 SP=0018:0012dd20 env->regs[R_EAX]=00102844
EAX=00102844 EBX=00010000 ECX=00075300 EDX=000013f6
ESI=0012ddf4 EDI=00000000 EBP=0012dd68 ESP=0012dd20
EIP=00101c44 EFL=00200207 [-----PC] CPL=0 II=0 A20=1 SMM=0 HLT=0
ES =0018 00000000 ffffffff 00cf9300 DPL=0 DS   [-WA]
CS =0010 00000000 ffffffff 00cf9a00 DPL=0 CS32 [-R-]
SS =0018 00000000 ffffffff 00cf9300 DPL=0 DS   [-WA]
DS =0018 00000000 ffffffff 00cf9300 DPL=0 DS   [-WA]
FS =0018 00000000 ffffffff 00cf9300 DPL=0 DS   [-WA]
GS =0018 00000000 ffffffff 00cf9300 DPL=0 DS   [-WA]
LDT=0000 00000000 0000ffff 00008200 DPL=0 LDT
TR =0000 00000000 0000ffff 00008b00 DPL=0 TSS32-busy
GDT=     000010b0 00000020
IDT=     001295e0 000007ff
CR0=00000011 CR2=00000000 CR3=00000000 CR4=00000000
DR0=00000000 DR1=00000000 DR2=00000000 DR3=00000000 
DR6=ffff0ff0 DR7=00000400
CCS=00000005 CCD=000013f6 CCO=EFLAGS
EFER=0000000000000000
Servicing hardware INT=0x20
   379: v=20 e=0000 i=0 cpl=0 IP=0010:00101196 pc=00101196 SP=0018:00103c44 env->regs[R_EAX]=00000082
EAX=00000082 EBX=00103d28 ECX=0000010a EDX=00003b61
ESI=00102844 EDI=00000003 EBP=00103c54 ESP=00103c44
EIP=00101196 EFL=00000293 [--S-A-C] CPL=0 II=0 A20=1 SMM=0 HLT=0
ES =0018 00000000 ffffffff 00cf9300 DPL=0 DS   [-WA]
CS =0010 00000000 ffffffff 00cf9a00 DPL=0 CS32 [-R-]
SS =0018 00000000 ffffffff 00cf9300 DPL=0 DS   [-WA]
DS =0018 00000000 ffffffff 00cf9300 DPL=0 DS   [-WA]
FS =0018 00000000 ffffffff 00cf9300 DPL=0 DS   [-WA]
GS =0018 00000000 ffffffff 00cf9300 DPL=0 DS   [-WA]
LDT=0000 00000000 0000ffff 00008200 DPL=0 LDT
TR =0000 00000000 0000ffff 00008b00 DPL=0 TSS32-busy
GDT=     000010b0 00000020
IDT=     001295e0 000007ff
CR0=00000011 CR2=00000000 CR3=00000000 CR4=00000000
DR0=00000000 DR1=00000000 DR2=00000000 DR3=00000000 
DR6=ffff0ff0 DR7=00000400
CCS=00000091 CCD=ffffffe9 CCO=EFLAGS
EFER=0000000000000000
Servicing hardware INT=0x20
   380: v=20 e=0000 i=0 cpl=0 IP=0010:00100994 pc=00100994 SP=0018:001048d4 env->regs[R_EAX]=0000001c
EAX=0000001c EBX=0012dd00 ECX=00001900 EDX=00102844
ESI=001027c0 EDI=0012dd00 EBP=001048e4 ESP=001048d4
EIP=00100994 EFL=00000296 [--S-AP-] CPL=0 II=0 A20=1 SMM=0 HLT=0
ES =0018 00000000 ffffffff 00cf9300 DPL=0 DS   [-WA]
CS =0010 00000000 ffffffff 00cf9a00 DPL=0 CS32 [-R-]
SS =0018 00000000 ffffffff 00cf9300 DPL=0 DS   [-WA]
DS =0018 00000000 ffffffff 00cf9300 DPL=0 DS   [-WA]
FS =0018 00000000 ffffffff 00cf9300 DPL=0 DS   [-WA]
GS =0018 00000000 ffffffff 00cf9300 DPL=0 DS   [-WA]
LDT=0000 00000000 0000ffff 00008200 DPL=0 LDT
TR =0000 00000000 0000ffff 00008b00 DPL=0 TSS32-busy
GDT=     000010b0 00000020
IDT=     001295e0 000007ff
CR0=00000011 CR2=00000000 CR3=00000000 CR4=00000000
DR0=00000000 DR1=00000000 DR2=00000000 DR3=00000000 
DR6=ffff0ff0 DR7=00000400
CCS=00000094 CCD=ffffffff CCO=EFLAGS
EFER=0000000000000000
Servicing hardware INT=0x20
   381: v=20 e=0000 i=0 cpl=0 IP=0010:00101c7d pc=00101c7d SP=0018:0012dd20 env->regs[R_EAX]=00102844
EAX=00102844 EBX=00010000 ECX=000b8000 EDX=00000001
ESI=00000000 EDI=00000000 EBP=0012dd68 ESP=0012dd20
EIP=00101c7d EFL=00200246 [---Z-P-] CPL=0 II=0 A20=1 SMM=0 HLT=0
ES =0018 00000000 ffffffff 00cf9300 DPL=0 DS   [-WA]
CS =0010 00000000 ffffffff 00cf9a00 DPL=0 CS32 [-R-]
SS =0018 00000000 ffffffff 00cf9300 DPL=0 DS   [-WA]
DS =0018 00000000 ffffffff 00cf9300 DPL=0 DS   [-WA]
FS =0018 00000000 ffffffff 00cf9300 DPL=0 DS   [-WA]
GS =0018 00000000 ffffffff 00cf9300 DPL=0 DS   [-WA]
LDT=0000 00000000 0000ffff 00008200 DPL=0 LDT
TR =0000 00000000 0000ffff 00008b00 DPL=0 TSS32-busy
GDT=     000010b0 00000020
IDT=     001295e0 000007ff
CR0=00000011 CR2=00000000 CR3=00000000 CR4=00000000
DR0=00000000 DR1=00000000 DR2=00000000 DR3=00000000 
DR6=ffff0ff0 DR7=00000400
CCS=00000044 CCD=00000000 CCO=EFLAGS
EFER=0000000000000000
Servicing hardware INT=0x20
   382: v=20 e=0000 i=0 cpl=0 IP=0010:00101196 pc=00101196 SP=0018:00103c44 env->regs[R_EAX]=000000b6
EAX=000000b6 EBX=00103d28 ECX=0000019c EDX=00009120
ESI=00102844 EDI=00000018 EBP=00103c54 ESP=00103c44
EIP=00101196 EFL=00000293 [--S-A-C] CPL=0 II=0 A20=1 SMM=0 HLT=0
ES =0018 00000000 ffffffff 00cf9300 DPL=0 DS   [-WA]
CS =0010 00000000 ffffffff 00cf9a00 DPL=0 CS32 [-R-]
SS =0018 00000000 ffffffff 00cf9300 DPL=0 DS   [-WA]
DS =0018 00000000 ffffffff 00cf9300 DPL=0 DS   [-WA]
FS =0018 00000000 ffffffff 00cf9300 DPL=0 DS   [-WA]
GS =0018 00000000 ffffffff 00cf9300 DPL=0 DS   [-WA]
LDT=0000 00000000 0000ffff 00008200 DPL=0 LDT
TR =0000 00000000 0000ffff 00008b00 DPL=0 TSS32-busy
GDT=     000010b0 00000020
IDT=     001295e0 000007ff
CR0=00000011 CR2=00000000 CR3=00000000 CR4=00000000
DR0=00000000 DR1=00000000 DR2=00000000 DR3=00000000 
DR6=ffff0ff0 DR7=00000400
CCS=00000091 CCD=fffffffe CCO=EFLAGS
EFER=0000000000000000
Servicing hardware INT=0x20
   383: v=20 e=0000 i=0 cpl=0 IP=0010:00100994 pc=00100994 SP=0018:001048d4 env->regs[R_EAX]=0000001c
EAX=0000001c EBX=0012dd00 ECX=00001900 EDX=00102844
ESI=001027c0 EDI=0012dd00 EBP=001048e4 ESP=001048d4
EIP=00100994 EFL=00000296 [--S-AP-] CPL=0 II=0 A20=1 SMM=0 HLT=0
ES =0018 00000000 ffffffff 00cf9300 DPL=0 DS   [-WA]
CS =0010 00000000 ffffffff 00cf9a00 DPL=0 CS32 [-R-]
SS =0018 00000000 ffffffff 00cf9300 DPL=0 DS   [-WA]
DS =0018 00000000 ffffffff 00cf9300 DPL=0 DS   [-WA]
FS =0018 00000000 ffffffff 00cf9300 DPL=0 DS   [-WA]
GS =0018 00000000 ffffffff 00cf9300 DPL=0 DS   [-WA]
LDT=0000 00000000 0000ffff 00008200 DPL=0 LDT
TR =0000 00000000 0000ffff 00008b00 DPL=0 TSS32-busy
GDT=     000010b0 00000020
IDT=     001295e0 000007ff
CR0=00000011 CR2=00000000 CR3=00000000 CR4=00000000
DR0=00000000 DR1=00000000 DR2=00000000 DR3=00000000 
DR6=ffff0ff0 DR7=00000400
CCS=00000094 CCD=ffffffff CCO=EFLAGS
EFER=0000000000000000
Servicing hardware INT=0x20
   384: v=20 e=0000 i=0 cpl=0 IP=0010:00101c7d pc=00101c7d SP=0018:0012dd20 env->regs[R_EAX]=00102844
EAX=00102844 EBX=00010000 ECX=000b8000 EDX=00000001
ESI=00000000 EDI=00000000 EBP=0012dd68 ESP=0012dd20
EIP=00101c7d EFL=00200246 [---Z-P-] CPL=0 II=0 A20=1 SMM=0 HLT=0
ES =0018 00000000 ffffffff 00cf9300 DPL=0 DS   [-WA]
CS =0010 00000000 ffffffff 00cf9a00 DPL=0 CS32 [-R-]
SS =0018 00000000 ffffffff 00cf9300 DPL=0 DS   [-WA]
DS =0018 00000000 ffffffff 00cf9300 DPL=0 DS   [-WA]
FS =0018 00000000 ffffffff 00cf9300 DPL=0 DS   [-WA]
GS =0018 00000000 ffffffff 00cf9300 DPL=0 DS   [-WA]
LDT=0000 00000000 0000ffff 00008200 DPL=0 LDT
TR =0000 00000000 0000ffff 00008b00 DPL=0 TSS32-busy
GDT=     000010b0 00000020
IDT=     001295e0 000007ff
CR0=00000011 CR2=00000000 CR3=00000000 CR4=00000000
DR0=00000000 DR1=00000000 DR2=00000000 DR3=00000000 
DR6=ffff0ff0 DR7=00000400
CCS=00000044 CCD=00000000 CCO=EFLAGS
EFER=0000000000000000
Servicing hardware INT=0x20
   385: v=20 e=0000 i=0 cpl=0 IP=0010:001011a8 pc=001011a8 SP=0018:00103c44 env->regs[R_EAX]=0000004e
EAX=0000004e EBX=00103d28 ECX=000000d0 EDX=00009372
ESI=00102844 EDI=0000001a EBP=00103c54 ESP=00103c44
EIP=001011a8 EFL=00000246 [---Z-P-] CPL=0 II=0 A20=1 SMM=0 HLT=0
ES =0018 00000000 ffffffff 00cf9300 DPL=0 DS   [-WA]
CS =0010 00000000 ffffffff 00cf9a00 DPL=0 CS32 [-R-]
SS =0018 00000000 ffffffff 00cf9300 DPL=0 DS   [-WA]
DS =0018 00000000 ffffffff 00cf9300 DPL=0 DS   [-WA]
FS =0018 00000000 ffffffff 00cf9300 DPL=0 DS   [-WA]
GS =0018 00000000 ffffffff 00cf9300 DPL=0 DS   [-WA]
LDT=0000 00000000 0000ffff 00008200 DPL=0 LDT
TR =0000 00000000 0000ffff 00008b00 DPL=0 TSS32-busy
GDT=     000010b0 00000020
IDT=     001295e0 000007ff
CR0=00000011 CR2=00000000 CR3=00000000 CR4=00000000
DR0=00000000 DR1=00000000 DR2=00000000 DR3=00000000 
DR6=ffff0ff0 DR7=00000400
CCS=00000044 CCD=00000000 CCO=EFLAGS
EFER=0000000000000000
Servicing hardware INT=0x20
   386: v=20 e=0000 i=0 cpl=0 IP=0010:00100994 pc=00100994 SP=0018:001048d4 env->regs[R_EAX]=0000001c
EAX=0000001c EBX=0012dd00 ECX=00001900 EDX=00102844
ESI=001027c0 EDI=0012dd00 EBP=001048e4 ESP=001048d4
EIP=00100994 EFL=00000296 [--S-AP-] CPL=0 II=0 A20=1 SMM=0 HLT=0
ES =0018 00000000 ffffffff 00cf9300 DPL=0 DS   [-WA]
CS =0010 00000000 ffffffff 00cf9a00 DPL=0 CS32 [-R-]
SS =0018 00000000 ffffffff 00cf9300 DPL=0 DS   [-WA]
DS =0018 00000000 ffffffff 00cf9300 DPL=0 DS   [-WA]
FS =0018 00000000 ffffffff 00cf9300 DPL=0 DS   [-WA]
GS =0018 00000000 ffffffff 00cf9300 DPL=0 DS   [-WA]
LDT=0000 00000000 0000ffff 00008200 DPL=0 LDT
TR =0000 00000000 0000ffff 00008b00 DPL=0 TSS32-busy
GDT=     000010b0 00000020
IDT=     001295e0 000007ff
CR0=00000011 CR2=00000000 CR3=00000000 CR4=00000000
DR0=00000000 DR1=00000000 DR2=00000000 DR3=00000000 
DR6=ffff0ff0 DR7=00000400
CCS=00000094 CCD=ffffffff CCO=EFLAGS
EFER=0000000000000000
Servicing hardware INT=0x20
   387: v=20 e=0000 i=0 cpl=0 IP=0010:00101c44 pc=00101c44 SP=0018:0012dd20 env->regs[R_EAX]=00102844
EAX=00102844 EBX=00010000 ECX=00075300 EDX=00006d78
ESI=0012ddf4 EDI=00000000 EBP=0012dd68 ESP=0012dd20
EIP=00101c44 EFL=00200207 [-----PC] CPL=0 II=0 A20=1 SMM=0 HLT=0
ES =0018 00000000 ffffffff 00cf9300 DPL=0 DS   [-WA]
CS =0010 00000000 ffffffff 00cf9a00 DPL=0 CS32 [-R-]
SS =0018 00000000 ffffffff 00cf9300 DPL=0 DS   [-WA]
DS =0018 00000000 ffffffff 00cf9300 DPL=0 DS   [-WA]
FS =0018 00000000 ffffffff 00cf9300 DPL=0 DS   [-WA]
GS =0018 00000000 ffffffff 00cf9300 DPL=0 DS   [-WA]
LDT=0000 00000000 0000ffff 00008200 DPL=0 LDT
TR =0000 00000000 0000ffff 00008b00 DPL=0 TSS32-busy
GDT=     000010b0 00000020
IDT=     001295e0 000007ff
CR0=00000011 CR2=00000000 CR3=00000000 CR4=00000000
DR0=00000000 DR1=00000000 DR2=00000000 DR3=00000000 
DR6=ffff0ff0 DR7=00000400
CCS=00000005 CCD=00006d78 CCO=EFLAGS
EFER=0000000000000000
Servicing hardware INT=0x20
   388: v=20 e=0000 i=0 cpl=0 IP=0010:00101268 pc=00101268 SP=0018:00103c5c env->regs[R_EAX]=00102844
EAX=00102844 EBX=001034e8 ECX=00000c68 EDX=001034ac
ESI=00102880 EDI=00000019 EBP=00103c94 ESP=00103c5c
EIP=00101268 EFL=00000202 [-------] CPL=0 II=0 A20=1 SMM=0 HLT=0
ES =0018 00000000 ffffffff 00cf9300 DPL=0 DS   [-WA]
CS =0010 00000000 ffffffff 00cf9a00 DPL=0 CS32 [-R-]
SS =0018 00000000 ffffffff 00cf9300 DPL=0 DS   [-WA]
DS =0018 00000000 ffffffff 00cf9300 DPL=0 DS   [-WA]
FS =0018 00000000 ffffffff 00cf9300 DPL=0 DS   [-WA]
GS =0018 00000000 ffffffff 00cf9300 DPL=0 DS   [-WA]
LDT=0000 00000000 0000ffff 00008200 DPL=0 LDT
TR =0000 00000000 0000ffff 00008b00 DPL=0 TSS32-busy
GDT=     000010b0 00000020
IDT=     001295e0 000007ff
CR0=00000011 CR2=00000000 CR3=00000000 CR4=00000000
DR0=00000000 DR1=00000000 DR2=00000000 DR3=00000000 
DR6=ffff0ff0 DR7=00000400
CCS=00000000 CCD=00000067 CCO=EFLAGS
EFER=0000000000000000
Servicing hardware INT=0x20
   389: v=20 e=0000 i=0 cpl=0 IP=0010:00100994 pc=00100994 SP=0018:001048d4 env->regs[R_EAX]=0000001c
EAX=0000001c EBX=0012dd00 ECX=00001900 EDX=00102844
ESI=001027c0 EDI=0012dd00 EBP=001048e4 ESP=001048d4
EIP=00100994 EFL=00000296 [--S-AP-] CPL=0 II=0 A20=1 SMM=0 HLT=0
ES =0018 00000000 ffffffff 00cf9300 DPL=0 DS   [-WA]
CS =0010 00000000 ffffffff 00cf9a00 DPL=0 CS32 [-R-]
SS =0018 00000000 ffffffff 00cf9300 DPL=0 DS   [-WA]
DS =0018 00000000 ffffffff 00cf9300 DPL=0 DS   [-WA]
FS =0018 00000000 ffffffff 00cf9300 DPL=0 DS   [-WA]
GS =0018 00000000 ffffffff 00cf9300 DPL=0 DS   [-WA]
LDT=0000 00000000 0000ffff 00008200 DPL=0 LDT
TR =0000 00000000 0000ffff 00008b00 DPL=0 TSS32-busy
GDT=     000010b0 00000020
IDT=     001295e0 000007ff
CR0=00000011 CR2=00000000 CR3=00000000 CR4=00000000
DR0=00000000 DR1=00000000 DR2=00000000 DR3=00000000 
DR6=ffff0ff0 DR7=00000400
CCS=00000094 CCD=ffffffff CCO=EFLAGS
EFER=0000000000000000
Servicing hardware INT=0x20
   390: v=20 e=0000 i=0 cpl=0 IP=0010:00101c7d pc=00101c7d SP=0018:0012dd20 env->regs[R_EAX]=00102844
EAX=00102844 EBX=00010000 ECX=000b8000 EDX=00000001
ESI=00000000 EDI=00000000 EBP=0012dd68 ESP=0012dd20
EIP=00101c7d EFL=00200246 [---Z-P-] CPL=0 II=0 A20=1 SMM=0 HLT=0
ES =0018 00000000 ffffffff 00cf9300 DPL=0 DS   [-WA]
CS =0010 00000000 ffffffff 00cf9a00 DPL=0 CS32 [-R-]
SS =0018 00000000 ffffffff 00cf9300 DPL=0 DS   [-WA]
DS =0018 00000000 ffffffff 00cf9300 DPL=0 DS   [-WA]
FS =0018 00000000 ffffffff 00cf9300 DPL=0 DS   [-WA]
GS =0018 00000000 ffffffff 00cf9300 DPL=0 DS   [-WA]
LDT=0000 00000000 0000ffff 00008200 DPL=0 LDT
TR =0000 00000000 0000ffff 00008b00 DPL=0 TSS32-busy
GDT=     000010b0 00000020
IDT=     001295e0 000007ff
CR0=00000011 CR2=00000000 CR3=00000000 CR4=00000000
DR0=00000000 DR1=00000000 DR2=00000000 DR3=00000000 
DR6=ffff0ff0 DR7=00000400
CCS=00000044 CCD=00000000 CCO=EFLAGS
EFER=0000000000000000
Servicing hardware INT=0x20
   391: v=20 e=0000 i=0 cpl=0 IP=0010:00101196 pc=00101196 SP=0018:00103c44 env->regs[R_EAX]=0000004e
EAX=0000004e EBX=00103d28 ECX=000000a2 EDX=0000b972
ESI=00102844 EDI=00000003 EBP=00103c54 ESP=00103c44
EIP=00101196 EFL=00000293 [--S-A-C] CPL=0 II=0 A20=1 SMM=0 HLT=0
ES =0018 00000000 ffffffff 00cf9300 DPL=0 DS   [-WA]
CS =0010 00000000 ffffffff 00cf9a00 DPL=0 CS32 [-R-]
SS =0018 00000000 ffffffff 00cf9300 DPL=0 DS   [-WA]
DS =0018 00000000 ffffffff 00cf9300 DPL=0 DS   [-WA]
FS =0018 00000000 ffffffff 00cf9300 DPL=0 DS   [-WA]
GS =0018 00000000 ffffffff 00cf9300 DPL=0 DS   [-WA]
LDT=0000 00000000 0000ffff 00008200 DPL=0 LDT
TR =0000 00000000 0000ffff 00008b00 DPL=0 TSS32-busy
GDT=     000010b0 00000020
IDT=     001295e0 000007ff
CR0=00000011 CR2=00000000 CR3=00000000 CR4=00000000
DR0=00000000 DR1=00000000 DR2=00000000 DR3=00000000 
DR6=ffff0ff0 DR7=00000400
CCS=00000091 CCD=ffffffe9 CCO=EFLAGS
EFER=0000000000000000
Servicing hardware INT=0x20
   392: v=20 e=0000 i=0 cpl=0 IP=0010:00100994 pc=00100994 SP=0018:001048d4 env->regs[R_EAX]=0000001c
EAX=0000001c EBX=0012dd00 ECX=00001900 EDX=00102844
ESI=001027c0 EDI=0012dd00 EBP=001048e4 ESP=001048d4
EIP=00100994 EFL=00000296 [--S-AP-] CPL=0 II=0 A20=1 SMM=0 HLT=0
ES =0018 00000000 ffffffff 00cf9300 DPL=0 DS   [-WA]
CS =0010 00000000 ffffffff 00cf9a00 DPL=0 CS32 [-R-]
SS =0018 00000000 ffffffff 00cf9300 DPL=0 DS   [-WA]
DS =0018 00000000 ffffffff 00cf9300 DPL=0 DS   [-WA]
FS =0018 00000000 ffffffff 00cf9300 DPL=0 DS   [-WA]
GS =0018 00000000 ffffffff 00cf9300 DPL=0 DS   [-WA]
LDT=0000 00000000 0000ffff 00008200 DPL=0 LDT
TR =0000 00000000 0000ffff 00008b00 DPL=0 TSS32-busy
GDT=     000010b0 00000020
IDT=     001295e0 000007ff
CR0=00000011 CR2=00000000 CR3=00000000 CR4=00000000
DR0=00000000 DR1=00000000 DR2=00000000 DR3=00000000 
DR6=ffff0ff0 DR7=00000400
CCS=00000094 CCD=ffffffff CCO=EFLAGS
EFER=0000000000000000
Servicing hardware INT=0x20
   393: v=20 e=0000 i=0 cpl=0 IP=0010:00101c7d pc=00101c7d SP=0018:0012dd20 env->regs[R_EAX]=00102844
EAX=00102844 EBX=00010000 ECX=000b8000 EDX=00000001
ESI=00000000 EDI=00000000 EBP=0012dd68 ESP=0012dd20
EIP=00101c7d EFL=00200246 [---Z-P-] CPL=0 II=0 A20=1 SMM=0 HLT=0
ES =0018 00000000 ffffffff 00cf9300 DPL=0 DS   [-WA]
CS =0010 00000000 ffffffff 00cf9a00 DPL=0 CS32 [-R-]
SS =0018 00000000 ffffffff 00cf9300 DPL=0 DS   [-WA]
DS =0018 00000000 ffffffff 00cf9300 DPL=0 DS   [-WA]
FS =0018 00000000 ffffffff 00cf9300 DPL=0 DS   [-WA]
GS =0018 00000000 ffffffff 00cf9300 DPL=0 DS   [-WA]
LDT=0000 00000000 0000ffff 00008200 DPL=0 LDT
TR =0000 00000000 0000ffff 00008b00 DPL=0 TSS32-busy
GDT=     000010b0 00000020
IDT=     001295e0 000007ff
CR0=00000011 CR2=00000000 CR3=00000000 CR4=00000000
DR0=00000000 DR1=00000000 DR2=00000000 DR3=00000000 
DR6=ffff0ff0 DR7=00000400
CCS=00000044 CCD=00000000 CCO=EFLAGS
EFER=0000000000000000
Servicing hardware INT=0x20
   394: v=20 e=0000 i=0 cpl=0 IP=0010:00101196 pc=00101196 SP=0018:00103c44 env->regs[R_EAX]=00000068
EAX=00000068 EBX=00103d28 ECX=000000f4 EDX=00006766
ESI=00102844 EDI=00000012 EBP=00103c54 ESP=00103c44
EIP=00101196 EFL=00000293 [--S-A-C] CPL=0 II=0 A20=1 SMM=0 HLT=0
ES =0018 00000000 ffffffff 00cf9300 DPL=0 DS   [-WA]
CS =0010 00000000 ffffffff 00cf9a00 DPL=0 CS32 [-R-]
SS =0018 00000000 ffffffff 00cf9300 DPL=0 DS   [-WA]
DS =0018 00000000 ffffffff 00cf9300 DPL=0 DS   [-WA]
FS =0018 00000000 ffffffff 00cf9300 DPL=0 DS   [-WA]
GS =0018 00000000 ffffffff 00cf9300 DPL=0 DS   [-WA]
LDT=0000 00000000 0000ffff 00008200 DPL=0 LDT
TR =0000 00000000 0000ffff 00008b00 DPL=0 TSS32-busy
GDT=     000010b0 00000020
IDT=     001295e0 000007ff
CR0=00000011 CR2=00000000 CR3=00000000 CR4=00000000
DR0=00000000 DR1=00000000 DR2=00000000 DR3=00000000 
DR6=ffff0ff0 DR7=00000400
CCS=00000091 CCD=fffffff8 CCO=EFLAGS
EFER=0000000000000000
Servicing hardware INT=0x20
   395: v=20 e=0000 i=0 cpl=0 IP=0010:00100994 pc=00100994 SP=0018:001048d4 env->regs[R_EAX]=0000001c
EAX=0000001c EBX=0012dd00 ECX=00001900 EDX=00102844
ESI=001027c0 EDI=0012dd00 EBP=001048e4 ESP=001048d4
EIP=00100994 EFL=00000296 [--S-AP-] CPL=0 II=0 A20=1 SMM=0 HLT=0
ES =0018 00000000 ffffffff 00cf9300 DPL=0 DS   [-WA]
CS =0010 00000000 ffffffff 00cf9a00 DPL=0 CS32 [-R-]
SS =0018 00000000 ffffffff 00cf9300 DPL=0 DS   [-WA]
DS =0018 00000000 ffffffff 00cf9300 DPL=0 DS   [-WA]
FS =0018 00000000 ffffffff 00cf9300 DPL=0 DS   [-WA]
GS =0018 00000000 ffffffff 00cf9300 DPL=0 DS   [-WA]
LDT=0000 00000000 0000ffff 00008200 DPL=0 LDT
TR =0000 00000000 0000ffff 00008b00 DPL=0 TSS32-busy
GDT=     000010b0 00000020
IDT=     001295e0 000007ff
CR0=00000011 CR2=00000000 CR3=00000000 CR4=00000000
DR0=00000000 DR1=00000000 DR2=00000000 DR3=00000000 
DR6=ffff0ff0 DR7=00000400
CCS=00000094 CCD=ffffffff CCO=EFLAGS
EFER=0000000000000000
Servicing hardware INT=0x20
   396: v=20 e=0000 i=0 cpl=0 IP=0010:00101c4f pc=00101c4f SP=0018:0012dd20 env->regs[R_EAX]=00102844
EAX=00102844 EBX=00010000 ECX=00075300 EDX=00001187
ESI=0012ddf4 EDI=00000000 EBP=0012dd68 ESP=0012dd20
EIP=00101c4f EFL=00200287 [--S--PC] CPL=0 II=0 A20=1 SMM=0 HLT=0
ES =0018 00000000 ffffffff 00cf9300 DPL=0 DS   [-WA]
CS =0010 00000000 ffffffff 00cf9a00 DPL=0 CS32 [-R-]
SS =0018 00000000 ffffffff 00cf9300 DPL=0 DS   [-WA]
DS =0018 00000000 ffffffff 00cf9300 DPL=0 DS   [-WA]
FS =0018 00000000 ffffffff 00cf9300 DPL=0 DS   [-WA]
GS =0018 00000000 ffffffff 00cf9300 DPL=0 DS   [-WA]
LDT=0000 00000000 0000ffff 00008200 DPL=0 LDT
TR =0000 00000000 0000ffff 00008b00 DPL=0 TSS32-busy
GDT=     000010b0 00000020
IDT=     001295e0 000007ff
CR0=00000011 CR2=00000000 CR3=00000000 CR4=00000000
DR0=00000000 DR1=00000000 DR2=00000000 DR3=00000000 
DR6=ffff0ff0 DR7=00000400
CCS=00000085 CCD=fff8be87 CCO=EFLAGS
EFER=0000000000000000
Servicing hardware INT=0x20
   397: v=20 e=0000 i=0 cpl=0 IP=0010:001011dd pc=001011dd SP=0018:00103c98 env->regs[R_EAX]=00000066
EAX=00000066 EBX=00100070 ECX=00001054 EDX=00001972
ESI=0010006f EDI=00000000 EBP=00103cb4 ESP=00103c98
EIP=001011dd EFL=00000206 [-----P-] CPL=0 II=0 A20=1 SMM=0 HLT=0
ES =0018 00000000 ffffffff 00cf9300 DPL=0 DS   [-WA]
CS =0010 00000000 ffffffff 00cf9a00 DPL=0 CS32 [-R-]
SS =0018 00000000 ffffffff 00cf9300 DPL=0 DS   [-WA]
DS =0018 00000000 ffffffff 00cf9300 DPL=0 DS   [-WA]
FS =0018 00000000 ffffffff 00cf9300 DPL=0 DS   [-WA]
GS =0018 00000000 ffffffff 00cf9300 DPL=0 DS   [-WA]
LDT=0000 00000000 0000ffff 00008200 DPL=0 LDT
TR =0000 00000000 0000ffff 00008b00 DPL=0 TSS32-busy
GDT=     000010b0 00000020
IDT=     001295e0 000007ff
CR0=00000011 CR2=00000000 CR3=00000000 CR4=00000000
DR0=00000000 DR1=00000000 DR2=00000000 DR3=00000000 
DR6=ffff0ff0 DR7=00000400
CCS=00000004 CCD=00103ca0 CCO=EFLAGS
EFER=0000000000000000
Servicing hardware INT=0x20
   398: v=20 e=0000 i=0 cpl=0 IP=0010:00100994 pc=00100994 SP=0018:001048d4 env->regs[R_EAX]=0000001c
EAX=0000001c EBX=0012dd00 ECX=00001900 EDX=00102844
ESI=001027c0 EDI=0012dd00 EBP=001048e4 ESP=001048d4
EIP=00100994 EFL=00000296 [--S-AP-] CPL=0 II=0 A20=1 SMM=0 HLT=0
ES =0018 00000000 ffffffff 00cf9300 DPL=0 DS   [-WA]
CS =0010 00000000 ffffffff 00cf9a00 DPL=0 CS32 [-R-]
SS =0018 00000000 ffffffff 00cf9300 DPL=0 DS   [-WA]
DS =0018 00000000 ffffffff 00cf9300 DPL=0 DS   [-WA]
FS =0018 00000000 ffffffff 00cf9300 DPL=0 DS   [-WA]
GS =0018 00000000 ffffffff 00cf9300 DPL=0 DS   [-WA]
LDT=0000 00000000 0000ffff 00008200 DPL=0 LDT
TR =0000 00000000 0000ffff 00008b00 DPL=0 TSS32-busy
GDT=     000010b0 00000020
IDT=     001295e0 000007ff
CR0=00000011 CR2=00000000 CR3=00000000 CR4=00000000
DR0=00000000 DR1=00000000 DR2=00000000 DR3=00000000 
DR6=ffff0ff0 DR7=00000400
CCS=00000094 CCD=ffffffff CCO=EFLAGS
EFER=0000000000000000
Servicing hardware INT=0x20
   399: v=20 e=0000 i=0 cpl=0 IP=0010:00101c7d pc=00101c7d SP=0018:0012dd20 env->regs[R_EAX]=00102844
EAX=00102844 EBX=00010000 ECX=000b8000 EDX=00000001
ESI=00000000 EDI=00000000 EBP=0012dd68 ESP=0012dd20
EIP=00101c7d EFL=00200246 [---Z-P-] CPL=0 II=0 A20=1 SMM=0 HLT=0
ES =0018 00000000 ffffffff 00cf9300 DPL=0 DS   [-WA]
CS =0010 00000000 ffffffff 00cf9a00 DPL=0 CS32 [-R-]
SS =0018 00000000 ffffffff 00cf9300 DPL=0 DS   [-WA]
DS =0018 00000000 ffffffff 00cf9300 DPL=0 DS   [-WA]
FS =0018 00000000 ffffffff 00cf9300 DPL=0 DS   [-WA]
GS =0018 00000000 ffffffff 00cf9300 DPL=0 DS   [-WA]
LDT=0000 00000000 0000ffff 00008200 DPL=0 LDT
TR =0000 00000000 0000ffff 00008b00 DPL=0 TSS32-busy
GDT=     000010b0 00000020
IDT=     001295e0 000007ff
CR0=00000011 CR2=00000000 CR3=00000000 CR4=00000000
DR0=00000000 DR1=00000000 DR2=00000000 DR3=00000000 
DR6=ffff0ff0 DR7=00000400
CCS=00000044 CCD=00000000 CCO=EFLAGS
EFER=0000000000000000
Servicing hardware INT=0x20
   400: v=20 e=0000 i=0 cpl=0 IP=0010:00101196 pc=00101196 SP=0018:00103c44 env->regs[R_EAX]=000000d0
EAX=000000d0 EBX=00103d28 ECX=000001be EDX=0000936f
ESI=00102844 EDI=0000000f EBP=00103c54 ESP=00103c44
EIP=00101196 EFL=00000287 [--S--PC] CPL=0 II=0 A20=1 SMM=0 HLT=0
ES =0018 00000000 ffffffff 00cf9300 DPL=0 DS   [-WA]
CS =0010 00000000 ffffffff 00cf9a00 DPL=0 CS32 [-R-]
SS =0018 00000000 ffffffff 00cf9300 DPL=0 DS   [-WA]
DS =0018 00000000 ffffffff 00cf9300 DPL=0 DS   [-WA]
FS =0018 00000000 ffffffff 00cf9300 DPL=0 DS   [-WA]
GS =0018 00000000 ffffffff 00cf9300 DPL=0 DS   [-WA]
LDT=0000 00000000 0000ffff 00008200 DPL=0 LDT
TR =0000 00000000 0000ffff 00008b00 DPL=0 TSS32-busy
GDT=     000010b0 00000020
IDT=     001295e0 000007ff
CR0=00000011 CR2=00000000 CR3=00000000 CR4=00000000
DR0=00000000 DR1=00000000 DR2=00000000 DR3=00000000 
DR6=ffff0ff0 DR7=00000400
CCS=00000085 CCD=fffffff5 CCO=EFLAGS
EFER=0000000000000000
Servicing hardware INT=0x20
   401: v=20 e=0000 i=0 cpl=0 IP=0010:00100994 pc=00100994 SP=0018:001048d4 env->regs[R_EAX]=0000001c
EAX=0000001c EBX=0012dd00 ECX=00001900 EDX=00102844
ESI=001027c0 EDI=0012dd00 EBP=001048e4 ESP=001048d4
EIP=00100994 EFL=00000296 [--S-AP-] CPL=0 II=0 A20=1 SMM=0 HLT=0
ES =0018 00000000 ffffffff 00cf9300 DPL=0 DS   [-WA]
CS =0010 00000000 ffffffff 00cf9a00 DPL=0 CS32 [-R-]
SS =0018 00000000 ffffffff 00cf9300 DPL=0 DS   [-WA]
DS =0018 00000000 ffffffff 00cf9300 DPL=0 DS   [-WA]
FS =0018 00000000 ffffffff 00cf9300 DPL=0 DS   [-WA]
GS =0018 00000000 ffffffff 00cf9300 DPL=0 DS   [-WA]
LDT=0000 00000000 0000ffff 00008200 DPL=0 LDT
TR =0000 00000000 0000ffff 00008b00 DPL=0 TSS32-busy
GDT=     000010b0 00000020
IDT=     001295e0 000007ff
CR0=00000011 CR2=00000000 CR3=00000000 CR4=00000000
DR0=00000000 DR1=00000000 DR2=00000000 DR3=00000000 
DR6=ffff0ff0 DR7=00000400
CCS=00000094 CCD=ffffffff CCO=EFLAGS
EFER=0000000000000000
Servicing hardware INT=0x20
   402: v=20 e=0000 i=0 cpl=0 IP=0010:00101c7d pc=00101c7d SP=0018:0012dd20 env->regs[R_EAX]=00102844
EAX=00102844 EBX=00010000 ECX=000b8000 EDX=00000001
ESI=00000000 EDI=00000000 EBP=0012dd68 ESP=0012dd20
EIP=00101c7d EFL=00200246 [---Z-P-] CPL=0 II=0 A20=1 SMM=0 HLT=0
ES =0018 00000000 ffffffff 00cf9300 DPL=0 DS   [-WA]
CS =0010 00000000 ffffffff 00cf9a00 DPL=0 CS32 [-R-]
SS =0018 00000000 ffffffff 00cf9300 DPL=0 DS   [-WA]
DS =0018 00000000 ffffffff 00cf9300 DPL=0 DS   [-WA]
FS =0018 00000000 ffffffff 00cf9300 DPL=0 DS   [-WA]
GS =0018 00000000 ffffffff 00cf9300 DPL=0 DS   [-WA]
LDT=0000 00000000 0000ffff 00008200 DPL=0 LDT
TR =0000 00000000 0000ffff 00008b00 DPL=0 TSS32-busy
GDT=     000010b0 00000020
IDT=     001295e0 000007ff
CR0=00000011 CR2=00000000 CR3=00000000 CR4=00000000
DR0=00000000 DR1=00000000 DR2=00000000 DR3=00000000 
DR6=ffff0ff0 DR7=00000400
CCS=00000044 CCD=00000000 CCO=EFLAGS
EFER=0000000000000000
Servicing hardware INT=0x20
   403: v=20 e=0000 i=0 cpl=0 IP=0010:00101304 pc=00101304 SP=0018:00103c9c env->regs[R_EAX]=00000001
EAX=00000001 EBX=00100071 ECX=00001044 EDX=0000736f
ESI=0010006f EDI=00000000 EBP=00103cb4 ESP=00103c9c
EIP=00101304 EFL=00000246 [---Z-P-] CPL=0 II=0 A20=1 SMM=0 HLT=0
ES =0018 00000000 ffffffff 00cf9300 DPL=0 DS   [-WA]
CS =0010 00000000 ffffffff 00cf9a00 DPL=0 CS32 [-R-]
SS =0018 00000000 ffffffff 00cf9300 DPL=0 DS   [-WA]
DS =0018 00000000 ffffffff 00cf9300 DPL=0 DS   [-WA]
FS =0018 00000000 ffffffff 00cf9300 DPL=0 DS   [-WA]
GS =0018 00000000 ffffffff 00cf9300 DPL=0 DS   [-WA]
LDT=0000 00000000 0000ffff 00008200 DPL=0 LDT
TR =0000 00000000 0000ffff 00008b00 DPL=0 TSS32-busy
GDT=     000010b0 00000020
IDT=     001295e0 000007ff
CR0=00000011 CR2=00000000 CR3=00000000 CR4=00000000
DR0=00000000 DR1=00000000 DR2=00000000 DR3=00000000 
DR6=ffff0ff0 DR7=00000400
CCS=00000044 CCD=00000000 CCO=EFLAGS
EFER=0000000000000000
Servicing hardware INT=0x20
   404: v=20 e=0000 i=0 cpl=0 IP=0010:00100994 pc=00100994 SP=0018:001048d4 env->regs[R_EAX]=0000001c
EAX=0000001c EBX=0012dd00 ECX=00001900 EDX=00102844
ESI=001027c0 EDI=0012dd00 EBP=001048e4 ESP=001048d4
EIP=00100994 EFL=00000296 [--S-AP-] CPL=0 II=0 A20=1 SMM=0 HLT=0
ES =0018 00000000 ffffffff 00cf9300 DPL=0 DS   [-WA]
CS =0010 00000000 ffffffff 00cf9a00 DPL=0 CS32 [-R-]
SS =0018 00000000 ffffffff 00cf9300 DPL=0 DS   [-WA]
DS =0018 00000000 ffffffff 00cf9300 DPL=0 DS   [-WA]
FS =0018 00000000 ffffffff 00cf9300 DPL=0 DS   [-WA]
GS =0018 00000000 ffffffff 00cf9300 DPL=0 DS   [-WA]
LDT=0000 00000000 0000ffff 00008200 DPL=0 LDT
TR =0000 00000000 0000ffff 00008b00 DPL=0 TSS32-busy
GDT=     000010b0 00000020
IDT=     001295e0 000007ff
CR0=00000011 CR2=00000000 CR3=00000000 CR4=00000000
DR0=00000000 DR1=00000000 DR2=00000000 DR3=00000000 
DR6=ffff0ff0 DR7=00000400
CCS=00000094 CCD=ffffffff CCO=EFLAGS
EFER=0000000000000000
Servicing hardware INT=0x20
   405: v=20 e=0000 i=0 cpl=0 IP=0010:00101c7d pc=00101c7d SP=0018:0012dd20 env->regs[R_EAX]=00102844
EAX=00102844 EBX=00010000 ECX=000b8000 EDX=00000001
ESI=00000000 EDI=00000000 EBP=0012dd68 ESP=0012dd20
EIP=00101c7d EFL=00200246 [---Z-P-] CPL=0 II=0 A20=1 SMM=0 HLT=0
ES =0018 00000000 ffffffff 00cf9300 DPL=0 DS   [-WA]
CS =0010 00000000 ffffffff 00cf9a00 DPL=0 CS32 [-R-]
SS =0018 00000000 ffffffff 00cf9300 DPL=0 DS   [-WA]
DS =0018 00000000 ffffffff 00cf9300 DPL=0 DS   [-WA]
FS =0018 00000000 ffffffff 00cf9300 DPL=0 DS   [-WA]
GS =0018 00000000 ffffffff 00cf9300 DPL=0 DS   [-WA]
LDT=0000 00000000 0000ffff 00008200 DPL=0 LDT
TR =0000 00000000 0000ffff 00008b00 DPL=0 TSS32-busy
GDT=     000010b0 00000020
IDT=     001295e0 000007ff
CR0=00000011 CR2=00000000 CR3=00000000 CR4=00000000
DR0=00000000 DR1=00000000 DR2=00000000 DR3=00000000 
DR6=ffff0ff0 DR7=00000400
CCS=00000044 CCD=00000000 CCO=EFLAGS
EFER=0000000000000000
Servicing hardware INT=0x20
   406: v=20 e=0000 i=0 cpl=0 IP=0010:0010122f pc=0010122f SP=0018:00103c5c env->regs[R_EAX]=00102844
EAX=00102844 EBX=0000003c ECX=00001048 EDX=0000bf61
ESI=00102880 EDI=00000072 EBP=00103c94 ESP=00103c5c
EIP=0010122f EFL=00000212 [----A--] CPL=0 II=0 A20=1 SMM=0 HLT=0
ES =0018 00000000 ffffffff 00cf9300 DPL=0 DS   [-WA]
CS =0010 00000000 ffffffff 00cf9a00 DPL=0 CS32 [-R-]
SS =0018 00000000 ffffffff 00cf9300 DPL=0 DS   [-WA]
DS =0018 00000000 ffffffff 00cf9300 DPL=0 DS   [-WA]
FS =0018 00000000 ffffffff 00cf9300 DPL=0 DS   [-WA]
GS =0018 00000000 ffffffff 00cf9300 DPL=0 DS   [-WA]
LDT=0000 00000000 0000ffff 00008200 DPL=0 LDT
TR =0000 00000000 0000ffff 00008b00 DPL=0 TSS32-busy
GDT=     000010b0 00000020
IDT=     001295e0 000007ff
CR0=00000011 CR2=00000000 CR3=00000000 CR4=00000000
DR0=00000000 DR1=00000000 DR2=00000000 DR3=00000000 
DR6=ffff0ff0 DR7=00000400
CCS=00000010 CCD=00000068 CCO=EFLAGS
EFER=0000000000000000
Servicing hardware INT=0x20
   407: v=20 e=0000 i=0 cpl=0 IP=0010:00100994 pc=00100994 SP=0018:001048d4 env->regs[R_EAX]=0000001c
EAX=0000001c EBX=0012dd00 ECX=00001900 EDX=00102844
ESI=001027c0 EDI=0012dd00 EBP=001048e4 ESP=001048d4
EIP=00100994 EFL=00000296 [--S-AP-] CPL=0 II=0 A20=1 SMM=0 HLT=0
ES =0018 00000000 ffffffff 00cf9300 DPL=0 DS   [-WA]
CS =0010 00000000 ffffffff 00cf9a00 DPL=0 CS32 [-R-]
SS =0018 00000000 ffffffff 00cf9300 DPL=0 DS   [-WA]
DS =0018 00000000 ffffffff 00cf9300 DPL=0 DS   [-WA]
FS =0018 00000000 ffffffff 00cf9300 DPL=0 DS   [-WA]
GS =0018 00000000 ffffffff 00cf9300 DPL=0 DS   [-WA]
LDT=0000 00000000 0000ffff 00008200 DPL=0 LDT
TR =0000 00000000 0000ffff 00008b00 DPL=0 TSS32-busy
GDT=     000010b0 00000020
IDT=     001295e0 000007ff
CR0=00000011 CR2=00000000 CR3=00000000 CR4=00000000
DR0=00000000 DR1=00000000 DR2=00000000 DR3=00000000 
DR6=ffff0ff0 DR7=00000400
CCS=00000094 CCD=ffffffff CCO=EFLAGS
EFER=0000000000000000
Servicing hardware INT=0x20
   408: v=20 e=0000 i=0 cpl=0 IP=0010:00101c7d pc=00101c7d SP=0018:0012dd20 env->regs[R_EAX]=00102844
EAX=00102844 EBX=00010000 ECX=000b8000 EDX=00000001
ESI=00000000 EDI=00000000 EBP=0012dd68 ESP=0012dd20
EIP=00101c7d EFL=00200246 [---Z-P-] CPL=0 II=0 A20=1 SMM=0 HLT=0
ES =0018 00000000 ffffffff 00cf9300 DPL=0 DS   [-WA]
CS =0010 00000000 ffffffff 00cf9a00 DPL=0 CS32 [-R-]
SS =0018 00000000 ffffffff 00cf9300 DPL=0 DS   [-WA]
DS =0018 00000000 ffffffff 00cf9300 DPL=0 DS   [-WA]
FS =0018 00000000 ffffffff 00cf9300 DPL=0 DS   [-WA]
GS =0018 00000000 ffffffff 00cf9300 DPL=0 DS   [-WA]
LDT=0000 00000000 0000ffff 00008200 DPL=0 LDT
TR =0000 00000000 0000ffff 00008b00 DPL=0 TSS32-busy
GDT=     000010b0 00000020
IDT=     001295e0 000007ff
CR0=00000011 CR2=00000000 CR3=00000000 CR4=00000000
DR0=00000000 DR1=00000000 DR2=00000000 DR3=00000000 
DR6=ffff0ff0 DR7=00000400
CCS=00000044 CCD=00000000 CCO=EFLAGS
EFER=0000000000000000
Servicing hardware INT=0x20
   409: v=20 e=0000 i=0 cpl=0 IP=0010:00101196 pc=00101196 SP=0018:00103c44 env->regs[R_EAX]=0000011e
EAX=0000011e EBX=00103d28 ECX=0000026c EDX=00004d6f
ESI=00102844 EDI=00000018 EBP=00103c54 ESP=00103c44
EIP=00101196 EFL=00000293 [--S-A-C] CPL=0 II=0 A20=1 SMM=0 HLT=0
ES =0018 00000000 ffffffff 00cf9300 DPL=0 DS   [-WA]
CS =0010 00000000 ffffffff 00cf9a00 DPL=0 CS32 [-R-]
SS =0018 00000000 ffffffff 00cf9300 DPL=0 DS   [-WA]
DS =0018 00000000 ffffffff 00cf9300 DPL=0 DS   [-WA]
FS =0018 00000000 ffffffff 00cf9300 DPL=0 DS   [-WA]
GS =0018 00000000 ffffffff 00cf9300 DPL=0 DS   [-WA]
LDT=0000 00000000 0000ffff 00008200 DPL=0 LDT
TR =0000 00000000 0000ffff 00008b00 DPL=0 TSS32-busy
GDT=     000010b0 00000020
IDT=     001295e0 000007ff
CR0=00000011 CR2=00000000 CR3=00000000 CR4=00000000
DR0=00000000 DR1=00000000 DR2=00000000 DR3=00000000 
DR6=ffff0ff0 DR7=00000400
CCS=00000091 CCD=fffffffe CCO=EFLAGS
EFER=0000000000000000
Servicing hardware INT=0x20
   410: v=20 e=0000 i=0 cpl=0 IP=0010:00100994 pc=00100994 SP=0018:001048d4 env->regs[R_EAX]=0000001c
EAX=0000001c EBX=0012dd00 ECX=00001900 EDX=00102844
ESI=001027c0 EDI=0012dd00 EBP=001048e4 ESP=001048d4
EIP=00100994 EFL=00000296 [--S-AP-] CPL=0 II=0 A20=1 SMM=0 HLT=0
ES =0018 00000000 ffffffff 00cf9300 DPL=0 DS   [-WA]
CS =0010 00000000 ffffffff 00cf9a00 DPL=0 CS32 [-R-]
SS =0018 00000000 ffffffff 00cf9300 DPL=0 DS   [-WA]
DS =0018 00000000 ffffffff 00cf9300 DPL=0 DS   [-WA]
FS =0018 00000000 ffffffff 00cf9300 DPL=0 DS   [-WA]
GS =0018 00000000 ffffffff 00cf9300 DPL=0 DS   [-WA]
LDT=0000 00000000 0000ffff 00008200 DPL=0 LDT
TR =0000 00000000 0000ffff 00008b00 DPL=0 TSS32-busy
GDT=     000010b0 00000020
IDT=     001295e0 000007ff
CR0=00000011 CR2=00000000 CR3=00000000 CR4=00000000
DR0=00000000 DR1=00000000 DR2=00000000 DR3=00000000 
DR6=ffff0ff0 DR7=00000400
CCS=00000094 CCD=ffffffff CCO=EFLAGS
EFER=0000000000000000
Servicing hardware INT=0x20
   411: v=20 e=0000 i=0 cpl=0 IP=0010:00101c7d pc=00101c7d SP=0018:0012dd20 env->regs[R_EAX]=00102844
EAX=00102844 EBX=00010000 ECX=000b8000 EDX=00000001
ESI=00000000 EDI=00000000 EBP=0012dd68 ESP=0012dd20
EIP=00101c7d EFL=00200246 [---Z-P-] CPL=0 II=0 A20=1 SMM=0 HLT=0
ES =0018 00000000 ffffffff 00cf9300 DPL=0 DS   [-WA]
CS =0010 00000000 ffffffff 00cf9a00 DPL=0 CS32 [-R-]
SS =0018 00000000 ffffffff 00cf9300 DPL=0 DS   [-WA]
DS =0018 00000000 ffffffff 00cf9300 DPL=0 DS   [-WA]
FS =0018 00000000 ffffffff 00cf9300 DPL=0 DS   [-WA]
GS =0018 00000000 ffffffff 00cf9300 DPL=0 DS   [-WA]
LDT=0000 00000000 0000ffff 00008200 DPL=0 LDT
TR =0000 00000000 0000ffff 00008b00 DPL=0 TSS32-busy
GDT=     000010b0 00000020
IDT=     001295e0 000007ff
CR0=00000011 CR2=00000000 CR3=00000000 CR4=00000000
DR0=00000000 DR1=00000000 DR2=00000000 DR3=00000000 
DR6=ffff0ff0 DR7=00000400
CCS=00000044 CCD=00000000 CCO=EFLAGS
EFER=0000000000000000
Servicing hardware INT=0x20
   412: v=20 e=0000 i=0 cpl=0 IP=0010:00101196 pc=00101196 SP=0018:00103c44 env->regs[R_EAX]=0000009c
EAX=0000009c EBX=00103d28 ECX=00000148 EDX=00002161
ESI=00102844 EDI=00000008 EBP=00103c54 ESP=00103c44
EIP=00101196 EFL=00000297 [--S-APC] CPL=0 II=0 A20=1 SMM=0 HLT=0
ES =0018 00000000 ffffffff 00cf9300 DPL=0 DS   [-WA]
CS =0010 00000000 ffffffff 00cf9a00 DPL=0 CS32 [-R-]
SS =0018 00000000 ffffffff 00cf9300 DPL=0 DS   [-WA]
DS =0018 00000000 ffffffff 00cf9300 DPL=0 DS   [-WA]
FS =0018 00000000 ffffffff 00cf9300 DPL=0 DS   [-WA]
GS =0018 00000000 ffffffff 00cf9300 DPL=0 DS   [-WA]
LDT=0000 00000000 0000ffff 00008200 DPL=0 LDT
TR =0000 00000000 0000ffff 00008b00 DPL=0 TSS32-busy
GDT=     000010b0 00000020
IDT=     001295e0 000007ff
CR0=00000011 CR2=00000000 CR3=00000000 CR4=00000000
DR0=00000000 DR1=00000000 DR2=00000000 DR3=00000000 
DR6=ffff0ff0 DR7=00000400
CCS=00000095 CCD=ffffffee CCO=EFLAGS
EFER=0000000000000000
Servicing hardware INT=0x20
   413: v=20 e=0000 i=0 cpl=0 IP=0010:00100994 pc=00100994 SP=0018:001048d4 env->regs[R_EAX]=0000001c
EAX=0000001c EBX=0012dd00 ECX=00001900 EDX=00102844
ESI=001027c0 EDI=0012dd00 EBP=001048e4 ESP=001048d4
EIP=00100994 EFL=00000296 [--S-AP-] CPL=0 II=0 A20=1 SMM=0 HLT=0
ES =0018 00000000 ffffffff 00cf9300 DPL=0 DS   [-WA]
CS =0010 00000000 ffffffff 00cf9a00 DPL=0 CS32 [-R-]
SS =0018 00000000 ffffffff 00cf9300 DPL=0 DS   [-WA]
DS =0018 00000000 ffffffff 00cf9300 DPL=0 DS   [-WA]
FS =0018 00000000 ffffffff 00cf9300 DPL=0 DS   [-WA]
GS =0018 00000000 ffffffff 00cf9300 DPL=0 DS   [-WA]
LDT=0000 00000000 0000ffff 00008200 DPL=0 LDT
TR =0000 00000000 0000ffff 00008b00 DPL=0 TSS32-busy
GDT=     000010b0 00000020
IDT=     001295e0 000007ff
CR0=00000011 CR2=00000000 CR3=00000000 CR4=00000000
DR0=00000000 DR1=00000000 DR2=00000000 DR3=00000000 
DR6=ffff0ff0 DR7=00000400
CCS=00000094 CCD=ffffffff CCO=EFLAGS
EFER=0000000000000000
Servicing hardware INT=0x20
   414: v=20 e=0000 i=0 cpl=0 IP=0010:00101c7d pc=00101c7d SP=0018:0012dd20 env->regs[R_EAX]=00102844
EAX=00102844 EBX=00010000 ECX=000b8000 EDX=000007c5
ESI=00000000 EDI=00000000 EBP=0012dd68 ESP=0012dd20
EIP=00101c7d EFL=00200287 [--S--PC] CPL=0 II=0 A20=1 SMM=0 HLT=0
ES =0018 00000000 ffffffff 00cf9300 DPL=0 DS   [-WA]
CS =0010 00000000 ffffffff 00cf9a00 DPL=0 CS32 [-R-]
SS =0018 00000000 ffffffff 00cf9300 DPL=0 DS   [-WA]
DS =0018 00000000 ffffffff 00cf9300 DPL=0 DS   [-WA]
FS =0018 00000000 ffffffff 00cf9300 DPL=0 DS   [-WA]
GS =0018 00000000 ffffffff 00cf9300 DPL=0 DS   [-WA]
LDT=0000 00000000 0000ffff 00008200 DPL=0 LDT
TR =0000 00000000 0000ffff 00008b00 DPL=0 TSS32-busy
GDT=     000010b0 00000020
IDT=     001295e0 000007ff
CR0=00000011 CR2=00000000 CR3=00000000 CR4=00000000
DR0=00000000 DR1=00000000 DR2=00000000 DR3=00000000 
DR6=ffff0ff0 DR7=00000400
CCS=00000085 CCD=fffff824 CCO=EFLAGS
EFER=0000000000000000
Servicing hardware INT=0x20
   415: v=20 e=0000 i=0 cpl=0 IP=0010:00101196 pc=00101196 SP=0018:00103c44 env->regs[R_EAX]=000001d4
EAX=000001d4 EBX=00103d28 ECX=000003da EDX=0000ed66
ESI=00102844 EDI=00000019 EBP=00103c54 ESP=00103c44
EIP=00101196 EFL=00000297 [--S-APC] CPL=0 II=0 A20=1 SMM=0 HLT=0
ES =0018 00000000 ffffffff 00cf9300 DPL=0 DS   [-WA]
CS =0010 00000000 ffffffff 00cf9a00 DPL=0 CS32 [-R-]
SS =0018 00000000 ffffffff 00cf9300 DPL=0 DS   [-WA]
DS =0018 00000000 ffffffff 00cf9300 DPL=0 DS   [-WA]
FS =0018 00000000 ffffffff 00cf9300 DPL=0 DS   [-WA]
GS =0018 00000000 ffffffff 00cf9300 DPL=0 DS   [-WA]
LDT=0000 00000000 0000ffff 00008200 DPL=0 LDT
TR =0000 00000000 0000ffff 00008b00 DPL=0 TSS32-busy
GDT=     000010b0 00000020
IDT=     001295e0 000007ff
CR0=00000011 CR2=00000000 CR3=00000000 CR4=00000000
DR0=00000000 DR1=00000000 DR2=00000000 DR3=00000000 
DR6=ffff0ff0 DR7=00000400
CCS=00000095 CCD=ffffffff CCO=EFLAGS
EFER=0000000000000000
Servicing hardware INT=0x20
   416: v=20 e=0000 i=0 cpl=0 IP=0010:00100994 pc=00100994 SP=0018:001048d4 env->regs[R_EAX]=0000001c
EAX=0000001c EBX=0012dd00 ECX=00001900 EDX=00102844
ESI=001027c0 EDI=0012dd00 EBP=001048e4 ESP=001048d4
EIP=00100994 EFL=00000296 [--S-AP-] CPL=0 II=0 A20=1 SMM=0 HLT=0
ES =0018 00000000 ffffffff 00cf9300 DPL=0 DS   [-WA]
CS =0010 00000000 ffffffff 00cf9a00 DPL=0 CS32 [-R-]
SS =0018 00000000 ffffffff 00cf9300 DPL=0 DS   [-WA]
DS =0018 00000000 ffffffff 00cf9300 DPL=0 DS   [-WA]
FS =0018 00000000 ffffffff 00cf9300 DPL=0 DS   [-WA]
GS =0018 00000000 ffffffff 00cf9300 DPL=0 DS   [-WA]
LDT=0000 00000000 0000ffff 00008200 DPL=0 LDT
TR =0000 00000000 0000ffff 00008b00 DPL=0 TSS32-busy
GDT=     000010b0 00000020
IDT=     001295e0 000007ff
CR0=00000011 CR2=00000000 CR3=00000000 CR4=00000000
DR0=00000000 DR1=00000000 DR2=00000000 DR3=00000000 
DR6=ffff0ff0 DR7=00000400
CCS=00000094 CCD=ffffffff CCO=EFLAGS
EFER=0000000000000000
Servicing hardware INT=0x20
   417: v=20 e=0000 i=0 cpl=0 IP=0010:00101c7d pc=00101c7d SP=0018:0012dd20 env->regs[R_EAX]=00102844
EAX=00102844 EBX=00010000 ECX=000b8000 EDX=00000001
ESI=00000000 EDI=00000000 EBP=0012dd68 ESP=0012dd20
EIP=00101c7d EFL=00200246 [---Z-P-] CPL=0 II=0 A20=1 SMM=0 HLT=0
ES =0018 00000000 ffffffff 00cf9300 DPL=0 DS   [-WA]
CS =0010 00000000 ffffffff 00cf9a00 DPL=0 CS32 [-R-]
SS =0018 00000000 ffffffff 00cf9300 DPL=0 DS   [-WA]
DS =0018 00000000 ffffffff 00cf9300 DPL=0 DS   [-WA]
FS =0018 00000000 ffffffff 00cf9300 DPL=0 DS   [-WA]
GS =0018 00000000 ffffffff 00cf9300 DPL=0 DS   [-WA]
LDT=0000 00000000 0000ffff 00008200 DPL=0 LDT
TR =0000 00000000 0000ffff 00008b00 DPL=0 TSS32-busy
GDT=     000010b0 00000020
IDT=     001295e0 000007ff
CR0=00000011 CR2=00000000 CR3=00000000 CR4=00000000
DR0=00000000 DR1=00000000 DR2=00000000 DR3=00000000 
DR6=ffff0ff0 DR7=00000400
CCS=00000044 CCD=00000000 CCO=EFLAGS
EFER=0000000000000000
Servicing hardware INT=0x20
   418: v=20 e=0000 i=0 cpl=0 IP=0010:00101196 pc=00101196 SP=0018:00103c44 env->regs[R_EAX]=0000004e
EAX=0000004e EBX=00103d28 ECX=000000cc EDX=00009120
ESI=00102844 EDI=00000018 EBP=00103c54 ESP=00103c44
EIP=00101196 EFL=00000293 [--S-A-C] CPL=0 II=0 A20=1 SMM=0 HLT=0
ES =0018 00000000 ffffffff 00cf9300 DPL=0 DS   [-WA]
CS =0010 00000000 ffffffff 00cf9a00 DPL=0 CS32 [-R-]
SS =0018 00000000 ffffffff 00cf9300 DPL=0 DS   [-WA]
DS =0018 00000000 ffffffff 00cf9300 DPL=0 DS   [-WA]
FS =0018 00000000 ffffffff 00cf9300 DPL=0 DS   [-WA]
GS =0018 00000000 ffffffff 00cf9300 DPL=0 DS   [-WA]
LDT=0000 00000000 0000ffff 00008200 DPL=0 LDT
TR =0000 00000000 0000ffff 00008b00 DPL=0 TSS32-busy
GDT=     000010b0 00000020
IDT=     001295e0 000007ff
CR0=00000011 CR2=00000000 CR3=00000000 CR4=00000000
DR0=00000000 DR1=00000000 DR2=00000000 DR3=00000000 
DR6=ffff0ff0 DR7=00000400
CCS=00000091 CCD=fffffffe CCO=EFLAGS
EFER=0000000000000000
Servicing hardware INT=0x20
   419: v=20 e=0000 i=0 cpl=0 IP=0010:00100994 pc=00100994 SP=0018:001048d4 env->regs[R_EAX]=0000001c
EAX=0000001c EBX=0012dd00 ECX=00001900 EDX=00102844
ESI=001027c0 EDI=0012dd00 EBP=001048e4 ESP=001048d4
EIP=00100994 EFL=00000296 [--S-AP-] CPL=0 II=0 A20=1 SMM=0 HLT=0
ES =0018 00000000 ffffffff 00cf9300 DPL=0 DS   [-WA]
CS =0010 00000000 ffffffff 00cf9a00 DPL=0 CS32 [-R-]
SS =0018 00000000 ffffffff 00cf9300 DPL=0 DS   [-WA]
DS =0018 00000000 ffffffff 00cf9300 DPL=0 DS   [-WA]
FS =0018 00000000 ffffffff 00cf9300 DPL=0 DS   [-WA]
GS =0018 00000000 ffffffff 00cf9300 DPL=0 DS   [-WA]
LDT=0000 00000000 0000ffff 00008200 DPL=0 LDT
TR =0000 00000000 0000ffff 00008b00 DPL=0 TSS32-busy
GDT=     000010b0 00000020
IDT=     001295e0 000007ff
CR0=00000011 CR2=00000000 CR3=00000000 CR4=00000000
DR0=00000000 DR1=00000000 DR2=00000000 DR3=00000000 
DR6=ffff0ff0 DR7=00000400
CCS=00000094 CCD=ffffffff CCO=EFLAGS
EFER=0000000000000000
Servicing hardware INT=0x20
   420: v=20 e=0000 i=0 cpl=0 IP=0010:00101c7d pc=00101c7d SP=0018:0012dd20 env->regs[R_EAX]=00102844
EAX=00102844 EBX=00010000 ECX=000b8000 EDX=00000001
ESI=00000000 EDI=00000000 EBP=0012dd68 ESP=0012dd20
EIP=00101c7d EFL=00200246 [---Z-P-] CPL=0 II=0 A20=1 SMM=0 HLT=0
ES =0018 00000000 ffffffff 00cf9300 DPL=0 DS   [-WA]
CS =0010 00000000 ffffffff 00cf9a00 DPL=0 CS32 [-R-]
SS =0018 00000000 ffffffff 00cf9300 DPL=0 DS   [-WA]
DS =0018 00000000 ffffffff 00cf9300 DPL=0 DS   [-WA]
FS =0018 00000000 ffffffff 00cf9300 DPL=0 DS   [-WA]
GS =0018 00000000 ffffffff 00cf9300 DPL=0 DS   [-WA]
LDT=0000 00000000 0000ffff 00008200 DPL=0 LDT
TR =0000 00000000 0000ffff 00008b00 DPL=0 TSS32-busy
GDT=     000010b0 00000020
IDT=     001295e0 000007ff
CR0=00000011 CR2=00000000 CR3=00000000 CR4=00000000
DR0=00000000 DR1=00000000 DR2=00000000 DR3=00000000 
DR6=ffff0ff0 DR7=00000400
CCS=00000044 CCD=00000000 CCO=EFLAGS
EFER=0000000000000000
Servicing hardware INT=0x20
   421: v=20 e=0000 i=0 cpl=0 IP=0010:00101196 pc=00101196 SP=0018:00103c44 env->regs[R_EAX]=00000186
EAX=00000186 EBX=00103d28 ECX=0000031c EDX=0000b56f
ESI=00102844 EDI=00000008 EBP=00103c54 ESP=00103c44
EIP=00101196 EFL=00000297 [--S-APC] CPL=0 II=0 A20=1 SMM=0 HLT=0
ES =0018 00000000 ffffffff 00cf9300 DPL=0 DS   [-WA]
CS =0010 00000000 ffffffff 00cf9a00 DPL=0 CS32 [-R-]
SS =0018 00000000 ffffffff 00cf9300 DPL=0 DS   [-WA]
DS =0018 00000000 ffffffff 00cf9300 DPL=0 DS   [-WA]
FS =0018 00000000 ffffffff 00cf9300 DPL=0 DS   [-WA]
GS =0018 00000000 ffffffff 00cf9300 DPL=0 DS   [-WA]
LDT=0000 00000000 0000ffff 00008200 DPL=0 LDT
TR =0000 00000000 0000ffff 00008b00 DPL=0 TSS32-busy
GDT=     000010b0 00000020
IDT=     001295e0 000007ff
CR0=00000011 CR2=00000000 CR3=00000000 CR4=00000000
DR0=00000000 DR1=00000000 DR2=00000000 DR3=00000000 
DR6=ffff0ff0 DR7=00000400
CCS=00000095 CCD=ffffffee CCO=EFLAGS
EFER=0000000000000000
Servicing hardware INT=0x20
   422: v=20 e=0000 i=0 cpl=0 IP=0010:00100994 pc=00100994 SP=0018:001048d4 env->regs[R_EAX]=0000001c
EAX=0000001c EBX=0012dd00 ECX=00001900 EDX=00102844
ESI=001027c0 EDI=0012dd00 EBP=001048e4 ESP=001048d4
EIP=00100994 EFL=00000296 [--S-AP-] CPL=0 II=0 A20=1 SMM=0 HLT=0
ES =0018 00000000 ffffffff 00cf9300 DPL=0 DS   [-WA]
CS =0010 00000000 ffffffff 00cf9a00 DPL=0 CS32 [-R-]
SS =0018 00000000 ffffffff 00cf9300 DPL=0 DS   [-WA]
DS =0018 00000000 ffffffff 00cf9300 DPL=0 DS   [-WA]
FS =0018 00000000 ffffffff 00cf9300 DPL=0 DS   [-WA]
GS =0018 00000000 ffffffff 00cf9300 DPL=0 DS   [-WA]
LDT=0000 00000000 0000ffff 00008200 DPL=0 LDT
TR =0000 00000000 0000ffff 00008b00 DPL=0 TSS32-busy
GDT=     000010b0 00000020
IDT=     001295e0 000007ff
CR0=00000011 CR2=00000000 CR3=00000000 CR4=00000000
DR0=00000000 DR1=00000000 DR2=00000000 DR3=00000000 
DR6=ffff0ff0 DR7=00000400
CCS=00000094 CCD=ffffffff CCO=EFLAGS
EFER=0000000000000000
Servicing hardware INT=0x20
   423: v=20 e=0000 i=0 cpl=0 IP=0010:00101c7d pc=00101c7d SP=0018:0012dd20 env->regs[R_EAX]=00102844
EAX=00102844 EBX=00010000 ECX=000b8000 EDX=00000001
ESI=00000000 EDI=00000000 EBP=0012dd68 ESP=0012dd20
EIP=00101c7d EFL=00200246 [---Z-P-] CPL=0 II=0 A20=1 SMM=0 HLT=0
ES =0018 00000000 ffffffff 00cf9300 DPL=0 DS   [-WA]
CS =0010 00000000 ffffffff 00cf9a00 DPL=0 CS32 [-R-]
SS =0018 00000000 ffffffff 00cf9300 DPL=0 DS   [-WA]
DS =0018 00000000 ffffffff 00cf9300 DPL=0 DS   [-WA]
FS =0018 00000000 ffffffff 00cf9300 DPL=0 DS   [-WA]
GS =0018 00000000 ffffffff 00cf9300 DPL=0 DS   [-WA]
LDT=0000 00000000 0000ffff 00008200 DPL=0 LDT
TR =0000 00000000 0000ffff 00008b00 DPL=0 TSS32-busy
GDT=     000010b0 00000020
IDT=     001295e0 000007ff
CR0=00000011 CR2=00000000 CR3=00000000 CR4=00000000
DR0=00000000 DR1=00000000 DR2=00000000 DR3=00000000 
DR6=ffff0ff0 DR7=00000400
CCS=00000044 CCD=00000000 CCO=EFLAGS
EFER=0000000000000000
Servicing hardware INT=0x20
   424: v=20 e=0000 i=0 cpl=0 IP=0010:00101196 pc=00101196 SP=0018:00103c44 env->regs[R_EAX]=000001d4
EAX=000001d4 EBX=00103d28 ECX=000003ba EDX=0000b36f
ESI=00102844 EDI=00000009 EBP=00103c54 ESP=00103c44
EIP=00101196 EFL=00000293 [--S-A-C] CPL=0 II=0 A20=1 SMM=0 HLT=0
ES =0018 00000000 ffffffff 00cf9300 DPL=0 DS   [-WA]
CS =0010 00000000 ffffffff 00cf9a00 DPL=0 CS32 [-R-]
SS =0018 00000000 ffffffff 00cf9300 DPL=0 DS   [-WA]
DS =0018 00000000 ffffffff 00cf9300 DPL=0 DS   [-WA]
FS =0018 00000000 ffffffff 00cf9300 DPL=0 DS   [-WA]
GS =0018 00000000 ffffffff 00cf9300 DPL=0 DS   [-WA]
LDT=0000 00000000 0000ffff 00008200 DPL=0 LDT
TR =0000 00000000 0000ffff 00008b00 DPL=0 TSS32-busy
GDT=     000010b0 00000020
IDT=     001295e0 000007ff
CR0=00000011 CR2=00000000 CR3=00000000 CR4=00000000
DR0=00000000 DR1=00000000 DR2=00000000 DR3=00000000 
DR6=ffff0ff0 DR7=00000400
CCS=00000091 CCD=ffffffef CCO=EFLAGS
EFER=0000000000000000
Servicing hardware INT=0x20
   425: v=20 e=0000 i=0 cpl=0 IP=0010:00100994 pc=00100994 SP=0018:001048d4 env->regs[R_EAX]=0000001c
EAX=0000001c EBX=0012dd00 ECX=00001900 EDX=00102844
ESI=001027c0 EDI=0012dd00 EBP=001048e4 ESP=001048d4
EIP=00100994 EFL=00000296 [--S-AP-] CPL=0 II=0 A20=1 SMM=0 HLT=0
ES =0018 00000000 ffffffff 00cf9300 DPL=0 DS   [-WA]
CS =0010 00000000 ffffffff 00cf9a00 DPL=0 CS32 [-R-]
SS =0018 00000000 ffffffff 00cf9300 DPL=0 DS   [-WA]
DS =0018 00000000 ffffffff 00cf9300 DPL=0 DS   [-WA]
FS =0018 00000000 ffffffff 00cf9300 DPL=0 DS   [-WA]
GS =0018 00000000 ffffffff 00cf9300 DPL=0 DS   [-WA]
LDT=0000 00000000 0000ffff 00008200 DPL=0 LDT
TR =0000 00000000 0000ffff 00008b00 DPL=0 TSS32-busy
GDT=     000010b0 00000020
IDT=     001295e0 000007ff
CR0=00000011 CR2=00000000 CR3=00000000 CR4=00000000
DR0=00000000 DR1=00000000 DR2=00000000 DR3=00000000 
DR6=ffff0ff0 DR7=00000400
CCS=00000094 CCD=ffffffff CCO=EFLAGS
EFER=0000000000000000
Servicing hardware INT=0x20
   426: v=20 e=0000 i=0 cpl=0 IP=0010:001019b8 pc=001019b8 SP=0018:0012dd64 env->regs[R_EAX]=002c244c
EAX=002c244c EBX=006e96c2 ECX=003029f4 EDX=fd194658
ESI=0012dd78 EDI=00000000 EBP=0012dd68 ESP=0012dd64
EIP=001019b8 EFL=00200202 [-------] CPL=0 II=0 A20=1 SMM=0 HLT=0
ES =0018 00000000 ffffffff 00cf9300 DPL=0 DS   [-WA]
CS =0010 00000000 ffffffff 00cf9a00 DPL=0 CS32 [-R-]
SS =0018 00000000 ffffffff 00cf9300 DPL=0 DS   [-WA]
DS =0018 00000000 ffffffff 00cf9300 DPL=0 DS   [-WA]
FS =0018 00000000 ffffffff 00cf9300 DPL=0 DS   [-WA]
GS =0018 00000000 ffffffff 00cf9300 DPL=0 DS   [-WA]
LDT=0000 00000000 0000ffff 00008200 DPL=0 LDT
TR =0000 00000000 0000ffff 00008b00 DPL=0 TSS32-busy
GDT=     000010b0 00000020
IDT=     001295e0 000007ff
CR0=00000011 CR2=00000000 CR3=00000000 CR4=00000000
DR0=00000000 DR1=00000000 DR2=00000000 DR3=00000000 
DR6=ffff0ff0 DR7=00000400
CCS=00000000 CCD=002c244c CCO=EFLAGS
EFER=0000000000000000
Servicing hardware INT=0x20
   427: v=20 e=0000 i=0 cpl=0 IP=0010:001011b2 pc=001011b2 SP=0018:00103c44 env->regs[R_EAX]=00000208
EAX=00000208 EBX=00103d28 ECX=00000410 EDX=00005d20
ESI=00102844 EDI=0000001a EBP=00103c54 ESP=00103c44
EIP=001011b2 EFL=00000246 [---Z-P-] CPL=0 II=0 A20=1 SMM=0 HLT=0
ES =0018 00000000 ffffffff 00cf9300 DPL=0 DS   [-WA]
CS =0010 00000000 ffffffff 00cf9a00 DPL=0 CS32 [-R-]
SS =0018 00000000 ffffffff 00cf9300 DPL=0 DS   [-WA]
DS =0018 00000000 ffffffff 00cf9300 DPL=0 DS   [-WA]
FS =0018 00000000 ffffffff 00cf9300 DPL=0 DS   [-WA]
GS =0018 00000000 ffffffff 00cf9300 DPL=0 DS   [-WA]
LDT=0000 00000000 0000ffff 00008200 DPL=0 LDT
TR =0000 00000000 0000ffff 00008b00 DPL=0 TSS32-busy
GDT=     000010b0 00000020
IDT=     001295e0 000007ff
CR0=00000011 CR2=00000000 CR3=00000000 CR4=00000000
DR0=00000000 DR1=00000000 DR2=00000000 DR3=00000000 
DR6=ffff0ff0 DR7=00000400
CCS=00000044 CCD=00000000 CCO=EFLAGS
EFER=0000000000000000
Servicing hardware INT=0x20
   428: v=20 e=0000 i=0 cpl=0 IP=0010:00100994 pc=00100994 SP=0018:001048d4 env->regs[R_EAX]=0000001c
EAX=0000001c EBX=0012dd00 ECX=00001900 EDX=00102844
ESI=001027c0 EDI=0012dd00 EBP=001048e4 ESP=001048d4
EIP=00100994 EFL=00000296 [--S-AP-] CPL=0 II=0 A20=1 SMM=0 HLT=0
ES =0018 00000000 ffffffff 00cf9300 DPL=0 DS   [-WA]
CS =0010 00000000 ffffffff 00cf9a00 DPL=0 CS32 [-R-]
SS =0018 00000000 ffffffff 00cf9300 DPL=0 DS   [-WA]
DS =0018 00000000 ffffffff 00cf9300 DPL=0 DS   [-WA]
FS =0018 00000000 ffffffff 00cf9300 DPL=0 DS   [-WA]
GS =0018 00000000 ffffffff 00cf9300 DPL=0 DS   [-WA]
LDT=0000 00000000 0000ffff 00008200 DPL=0 LDT
TR =0000 00000000 0000ffff 00008b00 DPL=0 TSS32-busy
GDT=     000010b0 00000020
IDT=     001295e0 000007ff
CR0=00000011 CR2=00000000 CR3=00000000 CR4=00000000
DR0=00000000 DR1=00000000 DR2=00000000 DR3=00000000 
DR6=ffff0ff0 DR7=00000400
CCS=00000094 CCD=ffffffff CCO=EFLAGS
EFER=0000000000000000
Servicing hardware INT=0x20
   429: v=20 e=0000 i=0 cpl=0 IP=0010:00101c7d pc=00101c7d SP=0018:0012dd20 env->regs[R_EAX]=00102844
EAX=00102844 EBX=00010000 ECX=000b8000 EDX=00000001
ESI=00000000 EDI=00000000 EBP=0012dd68 ESP=0012dd20
EIP=00101c7d EFL=00200246 [---Z-P-] CPL=0 II=0 A20=1 SMM=0 HLT=0
ES =0018 00000000 ffffffff 00cf9300 DPL=0 DS   [-WA]
CS =0010 00000000 ffffffff 00cf9a00 DPL=0 CS32 [-R-]
SS =0018 00000000 ffffffff 00cf9300 DPL=0 DS   [-WA]
DS =0018 00000000 ffffffff 00cf9300 DPL=0 DS   [-WA]
FS =0018 00000000 ffffffff 00cf9300 DPL=0 DS   [-WA]
GS =0018 00000000 ffffffff 00cf9300 DPL=0 DS   [-WA]
LDT=0000 00000000 0000ffff 00008200 DPL=0 LDT
TR =0000 00000000 0000ffff 00008b00 DPL=0 TSS32-busy
GDT=     000010b0 00000020
IDT=     001295e0 000007ff
CR0=00000011 CR2=00000000 CR3=00000000 CR4=00000000
DR0=00000000 DR1=00000000 DR2=00000000 DR3=00000000 
DR6=ffff0ff0 DR7=00000400
CCS=00000044 CCD=00000000 CCO=EFLAGS
EFER=0000000000000000
Servicing hardware INT=0x20
   430: v=20 e=0000 i=0 cpl=0 IP=0010:001011e2 pc=001011e2 SP=0018:00103c98 env->regs[R_EAX]=001011e2
EAX=001011e2 EBX=00100070 ECX=00000410 EDX=0000001a
ESI=0010006f EDI=00000000 EBP=00103cb4 ESP=00103c98
EIP=001011e2 EFL=00000206 [-----P-] CPL=0 II=0 A20=1 SMM=0 HLT=0
ES =0018 00000000 ffffffff 00cf9300 DPL=0 DS   [-WA]
CS =0010 00000000 ffffffff 00cf9a00 DPL=0 CS32 [-R-]
SS =0018 00000000 ffffffff 00cf9300 DPL=0 DS   [-WA]
DS =0018 00000000 ffffffff 00cf9300 DPL=0 DS   [-WA]
FS =0018 00000000 ffffffff 00cf9300 DPL=0 DS   [-WA]
GS =0018 00000000 ffffffff 00cf9300 DPL=0 DS   [-WA]
LDT=0000 00000000 0000ffff 00008200 DPL=0 LDT
TR =0000 00000000 0000ffff 00008b00 DPL=0 TSS32-busy
GDT=     000010b0 00000020
IDT=     001295e0 000007ff
CR0=00000011 CR2=00000000 CR3=00000000 CR4=00000000
DR0=00000000 DR1=00000000 DR2=00000000 DR3=00000000 
DR6=ffff0ff0 DR7=00000400
CCS=00000004 CCD=00103ca0 CCO=EFLAGS
EFER=0000000000000000
Servicing hardware INT=0x20
   431: v=20 e=0000 i=0 cpl=0 IP=0010:00100994 pc=00100994 SP=0018:001048d4 env->regs[R_EAX]=0000001c
EAX=0000001c EBX=0012dd00 ECX=00001900 EDX=00102844
ESI=001027c0 EDI=0012dd00 EBP=001048e4 ESP=001048d4
EIP=00100994 EFL=00000296 [--S-AP-] CPL=0 II=0 A20=1 SMM=0 HLT=0
ES =0018 00000000 ffffffff 00cf9300 DPL=0 DS   [-WA]
CS =0010 00000000 ffffffff 00cf9a00 DPL=0 CS32 [-R-]
SS =0018 00000000 ffffffff 00cf9300 DPL=0 DS   [-WA]
DS =0018 00000000 ffffffff 00cf9300 DPL=0 DS   [-WA]
FS =0018 00000000 ffffffff 00cf9300 DPL=0 DS   [-WA]
GS =0018 00000000 ffffffff 00cf9300 DPL=0 DS   [-WA]
LDT=0000 00000000 0000ffff 00008200 DPL=0 LDT
TR =0000 00000000 0000ffff 00008b00 DPL=0 TSS32-busy
GDT=     000010b0 00000020
IDT=     001295e0 000007ff
CR0=00000011 CR2=00000000 CR3=00000000 CR4=00000000
DR0=00000000 DR1=00000000 DR2=00000000 DR3=00000000 
DR6=ffff0ff0 DR7=00000400
CCS=00000094 CCD=ffffffff CCO=EFLAGS
EFER=0000000000000000
Servicing hardware INT=0x20
   432: v=20 e=0000 i=0 cpl=0 IP=0010:00101c7d pc=00101c7d SP=0018:0012dd20 env->regs[R_EAX]=00102844
EAX=00102844 EBX=00010000 ECX=000b8000 EDX=00000001
ESI=00000000 EDI=00000000 EBP=0012dd68 ESP=0012dd20
EIP=00101c7d EFL=00200246 [---Z-P-] CPL=0 II=0 A20=1 SMM=0 HLT=0
ES =0018 00000000 ffffffff 00cf9300 DPL=0 DS   [-WA]
CS =0010 00000000 ffffffff 00cf9a00 DPL=0 CS32 [-R-]
SS =0018 00000000 ffffffff 00cf9300 DPL=0 DS   [-WA]
DS =0018 00000000 ffffffff 00cf9300 DPL=0 DS   [-WA]
FS =0018 00000000 ffffffff 00cf9300 DPL=0 DS   [-WA]
GS =0018 00000000 ffffffff 00cf9300 DPL=0 DS   [-WA]
LDT=0000 00000000 0000ffff 00008200 DPL=0 LDT
TR =0000 00000000 0000ffff 00008b00 DPL=0 TSS32-busy
GDT=     000010b0 00000020
IDT=     001295e0 000007ff
CR0=00000011 CR2=00000000 CR3=00000000 CR4=00000000
DR0=00000000 DR1=00000000 DR2=00000000 DR3=00000000 
DR6=ffff0ff0 DR7=00000400
CCS=00000044 CCD=00000000 CCO=EFLAGS
EFER=0000000000000000
Servicing hardware INT=0x20
   433: v=20 e=0000 i=0 cpl=0 IP=0010:00101309 pc=00101309 SP=0018:00103cac env->regs[R_EAX]=00000000
EAX=00000000 EBX=00100077 ECX=0000105a EDX=00006772
ESI=0010006f EDI=00000000 EBP=00103cb4 ESP=00103cac
EIP=00101309 EFL=00000246 [---Z-P-] CPL=0 II=0 A20=1 SMM=0 HLT=0
ES =0018 00000000 ffffffff 00cf9300 DPL=0 DS   [-WA]
CS =0010 00000000 ffffffff 00cf9a00 DPL=0 CS32 [-R-]
SS =0018 00000000 ffffffff 00cf9300 DPL=0 DS   [-WA]
DS =0018 00000000 ffffffff 00cf9300 DPL=0 DS   [-WA]
FS =0018 00000000 ffffffff 00cf9300 DPL=0 DS   [-WA]
GS =0018 00000000 ffffffff 00cf9300 DPL=0 DS   [-WA]
LDT=0000 00000000 0000ffff 00008200 DPL=0 LDT
TR =0000 00000000 0000ffff 00008b00 DPL=0 TSS32-busy
GDT=     000010b0 00000020
IDT=     001295e0 000007ff
CR0=00000011 CR2=00000000 CR3=00000000 CR4=00000000
DR0=00000000 DR1=00000000 DR2=00000000 DR3=00000000 
DR6=ffff0ff0 DR7=00000400
CCS=00000044 CCD=00000000 CCO=EFLAGS
EFER=0000000000000000
Servicing hardware INT=0x20
   434: v=20 e=0000 i=0 cpl=0 IP=0010:00100994 pc=00100994 SP=0018:001048d4 env->regs[R_EAX]=0000001c
EAX=0000001c EBX=0012dd00 ECX=00001900 EDX=00102844
ESI=001027c0 EDI=0012dd00 EBP=001048e4 ESP=001048d4
EIP=00100994 EFL=00000296 [--S-AP-] CPL=0 II=0 A20=1 SMM=0 HLT=0
ES =0018 00000000 ffffffff 00cf9300 DPL=0 DS   [-WA]
CS =0010 00000000 ffffffff 00cf9a00 DPL=0 CS32 [-R-]
SS =0018 00000000 ffffffff 00cf9300 DPL=0 DS   [-WA]
DS =0018 00000000 ffffffff 00cf9300 DPL=0 DS   [-WA]
FS =0018 00000000 ffffffff 00cf9300 DPL=0 DS   [-WA]
GS =0018 00000000 ffffffff 00cf9300 DPL=0 DS   [-WA]
LDT=0000 00000000 0000ffff 00008200 DPL=0 LDT
TR =0000 00000000 0000ffff 00008b00 DPL=0 TSS32-busy
GDT=     000010b0 00000020
IDT=     001295e0 000007ff
CR0=00000011 CR2=00000000 CR3=00000000 CR4=00000000
DR0=00000000 DR1=00000000 DR2=00000000 DR3=00000000 
DR6=ffff0ff0 DR7=00000400
CCS=00000094 CCD=ffffffff CCO=EFLAGS
EFER=0000000000000000
Servicing hardware INT=0x20
   435: v=20 e=0000 i=0 cpl=0 IP=0010:00101c7d pc=00101c7d SP=0018:0012dd20 env->regs[R_EAX]=00102844
EAX=00102844 EBX=00010000 ECX=000b8000 EDX=00000001
ESI=00000000 EDI=00000000 EBP=0012dd68 ESP=0012dd20
EIP=00101c7d EFL=00200246 [---Z-P-] CPL=0 II=0 A20=1 SMM=0 HLT=0
ES =0018 00000000 ffffffff 00cf9300 DPL=0 DS   [-WA]
CS =0010 00000000 ffffffff 00cf9a00 DPL=0 CS32 [-R-]
SS =0018 00000000 ffffffff 00cf9300 DPL=0 DS   [-WA]
DS =0018 00000000 ffffffff 00cf9300 DPL=0 DS   [-WA]
FS =0018 00000000 ffffffff 00cf9300 DPL=0 DS   [-WA]
GS =0018 00000000 ffffffff 00cf9300 DPL=0 DS   [-WA]
LDT=0000 00000000 0000ffff 00008200 DPL=0 LDT
TR =0000 00000000 0000ffff 00008b00 DPL=0 TSS32-busy
GDT=     000010b0 00000020
IDT=     001295e0 000007ff
CR0=00000011 CR2=00000000 CR3=00000000 CR4=00000000
DR0=00000000 DR1=00000000 DR2=00000000 DR3=00000000 
DR6=ffff0ff0 DR7=00000400
CCS=00000044 CCD=00000000 CCO=EFLAGS
EFER=0000000000000000
Servicing hardware INT=0x20
   436: v=20 e=0000 i=0 cpl=0 IP=0010:00101196 pc=00101196 SP=0018:00103c44 env->regs[R_EAX]=000001ee
EAX=000001ee EBX=00103d28 ECX=00000406 EDX=00005d72
ESI=00102844 EDI=00000015 EBP=00103c54 ESP=00103c44
EIP=00101196 EFL=00000293 [--S-A-C] CPL=0 II=0 A20=1 SMM=0 HLT=0
ES =0018 00000000 ffffffff 00cf9300 DPL=0 DS   [-WA]
CS =0010 00000000 ffffffff 00cf9a00 DPL=0 CS32 [-R-]
SS =0018 00000000 ffffffff 00cf9300 DPL=0 DS   [-WA]
DS =0018 00000000 ffffffff 00cf9300 DPL=0 DS   [-WA]
FS =0018 00000000 ffffffff 00cf9300 DPL=0 DS   [-WA]
GS =0018 00000000 ffffffff 00cf9300 DPL=0 DS   [-WA]
LDT=0000 00000000 0000ffff 00008200 DPL=0 LDT
TR =0000 00000000 0000ffff 00008b00 DPL=0 TSS32-busy
GDT=     000010b0 00000020
IDT=     001295e0 000007ff
CR0=00000011 CR2=00000000 CR3=00000000 CR4=00000000
DR0=00000000 DR1=00000000 DR2=00000000 DR3=00000000 
DR6=ffff0ff0 DR7=00000400
CCS=00000091 CCD=fffffffb CCO=EFLAGS
EFER=0000000000000000
Servicing hardware INT=0x20
   437: v=20 e=0000 i=0 cpl=0 IP=0010:00100994 pc=00100994 SP=0018:001048d4 env->regs[R_EAX]=0000001c
EAX=0000001c EBX=0012dd00 ECX=00001900 EDX=00102844
ESI=001027c0 EDI=0012dd00 EBP=001048e4 ESP=001048d4
EIP=00100994 EFL=00000296 [--S-AP-] CPL=0 II=0 A20=1 SMM=0 HLT=0
ES =0018 00000000 ffffffff 00cf9300 DPL=0 DS   [-WA]
CS =0010 00000000 ffffffff 00cf9a00 DPL=0 CS32 [-R-]
SS =0018 00000000 ffffffff 00cf9300 DPL=0 DS   [-WA]
DS =0018 00000000 ffffffff 00cf9300 DPL=0 DS   [-WA]
FS =0018 00000000 ffffffff 00cf9300 DPL=0 DS   [-WA]
GS =0018 00000000 ffffffff 00cf9300 DPL=0 DS   [-WA]
LDT=0000 00000000 0000ffff 00008200 DPL=0 LDT
TR =0000 00000000 0000ffff 00008b00 DPL=0 TSS32-busy
GDT=     000010b0 00000020
IDT=     001295e0 000007ff
CR0=00000011 CR2=00000000 CR3=00000000 CR4=00000000
DR0=00000000 DR1=00000000 DR2=00000000 DR3=00000000 
DR6=ffff0ff0 DR7=00000400
CCS=00000094 CCD=ffffffff CCO=EFLAGS
EFER=0000000000000000
Servicing hardware INT=0x20
   438: v=20 e=0000 i=0 cpl=0 IP=0010:00101c7d pc=00101c7d SP=0018:0012dd20 env->regs[R_EAX]=00102844
EAX=00102844 EBX=00010000 ECX=000b8000 EDX=000002e3
ESI=00000000 EDI=00000000 EBP=0012dd68 ESP=0012dd20
EIP=00101c7d EFL=00200287 [--S--PC] CPL=0 II=0 A20=1 SMM=0 HLT=0
ES =0018 00000000 ffffffff 00cf9300 DPL=0 DS   [-WA]
CS =0010 00000000 ffffffff 00cf9a00 DPL=0 CS32 [-R-]
SS =0018 00000000 ffffffff 00cf9300 DPL=0 DS   [-WA]
DS =0018 00000000 ffffffff 00cf9300 DPL=0 DS   [-WA]
FS =0018 00000000 ffffffff 00cf9300 DPL=0 DS   [-WA]
GS =0018 00000000 ffffffff 00cf9300 DPL=0 DS   [-WA]
LDT=0000 00000000 0000ffff 00008200 DPL=0 LDT
TR =0000 00000000 0000ffff 00008b00 DPL=0 TSS32-busy
GDT=     000010b0 00000020
IDT=     001295e0 000007ff
CR0=00000011 CR2=00000000 CR3=00000000 CR4=00000000
DR0=00000000 DR1=00000000 DR2=00000000 DR3=00000000 
DR6=ffff0ff0 DR7=00000400
CCS=00000085 CCD=fffff342 CCO=EFLAGS
EFER=0000000000000000
Servicing hardware INT=0x20
   439: v=20 e=0000 i=0 cpl=0 IP=0010:00101196 pc=00101196 SP=0018:00103c44 env->regs[R_EAX]=0000011e
EAX=0000011e EBX=00103d28 ECX=00000248 EDX=00000520
ESI=00102844 EDI=00000006 EBP=00103c54 ESP=00103c44
EIP=00101196 EFL=00000293 [--S-A-C] CPL=0 II=0 A20=1 SMM=0 HLT=0
ES =0018 00000000 ffffffff 00cf9300 DPL=0 DS   [-WA]
CS =0010 00000000 ffffffff 00cf9a00 DPL=0 CS32 [-R-]
SS =0018 00000000 ffffffff 00cf9300 DPL=0 DS   [-WA]
DS =0018 00000000 ffffffff 00cf9300 DPL=0 DS   [-WA]
FS =0018 00000000 ffffffff 00cf9300 DPL=0 DS   [-WA]
GS =0018 00000000 ffffffff 00cf9300 DPL=0 DS   [-WA]
LDT=0000 00000000 0000ffff 00008200 DPL=0 LDT
TR =0000 00000000 0000ffff 00008b00 DPL=0 TSS32-busy
GDT=     000010b0 00000020
IDT=     001295e0 000007ff
CR0=00000011 CR2=00000000 CR3=00000000 CR4=00000000
DR0=00000000 DR1=00000000 DR2=00000000 DR3=00000000 
DR6=ffff0ff0 DR7=00000400
CCS=00000091 CCD=ffffffec CCO=EFLAGS
EFER=0000000000000000
Servicing hardware INT=0x20
   440: v=20 e=0000 i=0 cpl=0 IP=0010:00100994 pc=00100994 SP=0018:001048d4 env->regs[R_EAX]=0000001c
EAX=0000001c EBX=0012dd00 ECX=00001900 EDX=00102844
ESI=001027c0 EDI=0012dd00 EBP=001048e4 ESP=001048d4
EIP=00100994 EFL=00000296 [--S-AP-] CPL=0 II=0 A20=1 SMM=0 HLT=0
ES =0018 00000000 ffffffff 00cf9300 DPL=0 DS   [-WA]
CS =0010 00000000 ffffffff 00cf9a00 DPL=0 CS32 [-R-]
SS =0018 00000000 ffffffff 00cf9300 DPL=0 DS   [-WA]
DS =0018 00000000 ffffffff 00cf9300 DPL=0 DS   [-WA]
FS =0018 00000000 ffffffff 00cf9300 DPL=0 DS   [-WA]
GS =0018 00000000 ffffffff 00cf9300 DPL=0 DS   [-WA]
LDT=0000 00000000 0000ffff 00008200 DPL=0 LDT
TR =0000 00000000 0000ffff 00008b00 DPL=0 TSS32-busy
GDT=     000010b0 00000020
IDT=     001295e0 000007ff
CR0=00000011 CR2=00000000 CR3=00000000 CR4=00000000
DR0=00000000 DR1=00000000 DR2=00000000 DR3=00000000 
DR6=ffff0ff0 DR7=00000400
CCS=00000094 CCD=ffffffff CCO=EFLAGS
EFER=0000000000000000
Servicing hardware INT=0x20
   441: v=20 e=0000 i=0 cpl=0 IP=0010:00101c7d pc=00101c7d SP=0018:0012dd20 env->regs[R_EAX]=00102844
EAX=00102844 EBX=00010000 ECX=000b8000 EDX=00000077
ESI=00000000 EDI=00000000 EBP=0012dd68 ESP=0012dd20
EIP=00101c7d EFL=00200283 [--S---C] CPL=0 II=0 A20=1 SMM=0 HLT=0
ES =0018 00000000 ffffffff 00cf9300 DPL=0 DS   [-WA]
CS =0010 00000000 ffffffff 00cf9a00 DPL=0 CS32 [-R-]
SS =0018 00000000 ffffffff 00cf9300 DPL=0 DS   [-WA]
DS =0018 00000000 ffffffff 00cf9300 DPL=0 DS   [-WA]
FS =0018 00000000 ffffffff 00cf9300 DPL=0 DS   [-WA]
GS =0018 00000000 ffffffff 00cf9300 DPL=0 DS   [-WA]
LDT=0000 00000000 0000ffff 00008200 DPL=0 LDT
TR =0000 00000000 0000ffff 00008b00 DPL=0 TSS32-busy
GDT=     000010b0 00000020
IDT=     001295e0 000007ff
CR0=00000011 CR2=00000000 CR3=00000000 CR4=00000000
DR0=00000000 DR1=00000000 DR2=00000000 DR3=00000000 
DR6=ffff0ff0 DR7=00000400
CCS=00000081 CCD=fffff0d6 CCO=EFLAGS
EFER=0000000000000000
Servicing hardware INT=0x20
   442: v=20 e=0000 i=0 cpl=0 IP=0010:00101196 pc=00101196 SP=0018:00103c44 env->regs[R_EAX]=00000152
EAX=00000152 EBX=00103d28 ECX=000002b2 EDX=00009f20
ESI=00102844 EDI=00000007 EBP=00103c54 ESP=00103c44
EIP=00101196 EFL=00000297 [--S-APC] CPL=0 II=0 A20=1 SMM=0 HLT=0
ES =0018 00000000 ffffffff 00cf9300 DPL=0 DS   [-WA]
CS =0010 00000000 ffffffff 00cf9a00 DPL=0 CS32 [-R-]
SS =0018 00000000 ffffffff 00cf9300 DPL=0 DS   [-WA]
DS =0018 00000000 ffffffff 00cf9300 DPL=0 DS   [-WA]
FS =0018 00000000 ffffffff 00cf9300 DPL=0 DS   [-WA]
GS =0018 00000000 ffffffff 00cf9300 DPL=0 DS   [-WA]
LDT=0000 00000000 0000ffff 00008200 DPL=0 LDT
TR =0000 00000000 0000ffff 00008b00 DPL=0 TSS32-busy
GDT=     000010b0 00000020
IDT=     001295e0 000007ff
CR0=00000011 CR2=00000000 CR3=00000000 CR4=00000000
DR0=00000000 DR1=00000000 DR2=00000000 DR3=00000000 
DR6=ffff0ff0 DR7=00000400
CCS=00000095 CCD=ffffffed CCO=EFLAGS
EFER=0000000000000000
Servicing hardware INT=0x20
   443: v=20 e=0000 i=0 cpl=0 IP=0010:00100994 pc=00100994 SP=0018:001048d4 env->regs[R_EAX]=0000001c
EAX=0000001c EBX=0012dd00 ECX=00001900 EDX=00102844
ESI=001027c0 EDI=0012dd00 EBP=001048e4 ESP=001048d4
EIP=00100994 EFL=00000296 [--S-AP-] CPL=0 II=0 A20=1 SMM=0 HLT=0
ES =0018 00000000 ffffffff 00cf9300 DPL=0 DS   [-WA]
CS =0010 00000000 ffffffff 00cf9a00 DPL=0 CS32 [-R-]
SS =0018 00000000 ffffffff 00cf9300 DPL=0 DS   [-WA]
DS =0018 00000000 ffffffff 00cf9300 DPL=0 DS   [-WA]
FS =0018 00000000 ffffffff 00cf9300 DPL=0 DS   [-WA]
GS =0018 00000000 ffffffff 00cf9300 DPL=0 DS   [-WA]
LDT=0000 00000000 0000ffff 00008200 DPL=0 LDT
TR =0000 00000000 0000ffff 00008b00 DPL=0 TSS32-busy
GDT=     000010b0 00000020
IDT=     001295e0 000007ff
CR0=00000011 CR2=00000000 CR3=00000000 CR4=00000000
DR0=00000000 DR1=00000000 DR2=00000000 DR3=00000000 
DR6=ffff0ff0 DR7=00000400
CCS=00000094 CCD=ffffffff CCO=EFLAGS
EFER=0000000000000000
Servicing hardware INT=0x20
   444: v=20 e=0000 i=0 cpl=0 IP=0010:00101c7d pc=00101c7d SP=0018:0012dd20 env->regs[R_EAX]=00102844
EAX=00102844 EBX=00010000 ECX=000b8000 EDX=00000013
ESI=00000000 EDI=00000000 EBP=0012dd68 ESP=0012dd20
EIP=00101c7d EFL=00200287 [--S--PC] CPL=0 II=0 A20=1 SMM=0 HLT=0
ES =0018 00000000 ffffffff 00cf9300 DPL=0 DS   [-WA]
CS =0010 00000000 ffffffff 00cf9a00 DPL=0 CS32 [-R-]
SS =0018 00000000 ffffffff 00cf9300 DPL=0 DS   [-WA]
DS =0018 00000000 ffffffff 00cf9300 DPL=0 DS   [-WA]
FS =0018 00000000 ffffffff 00cf9300 DPL=0 DS   [-WA]
GS =0018 00000000 ffffffff 00cf9300 DPL=0 DS   [-WA]
LDT=0000 00000000 0000ffff 00008200 DPL=0 LDT
TR =0000 00000000 0000ffff 00008b00 DPL=0 TSS32-busy
GDT=     000010b0 00000020
IDT=     001295e0 000007ff
CR0=00000011 CR2=00000000 CR3=00000000 CR4=00000000
DR0=00000000 DR1=00000000 DR2=00000000 DR3=00000000 
DR6=ffff0ff0 DR7=00000400
CCS=00000085 CCD=fffff072 CCO=EFLAGS
EFER=0000000000000000
Servicing hardware INT=0x20
   445: v=20 e=0000 i=0 cpl=0 IP=0010:001012e3 pc=001012e3 SP=0018:00103c5c env->regs[R_EAX]=00000018
EAX=00000018 EBX=001034e8 ECX=00001072 EDX=00004772
ESI=00102880 EDI=00000072 EBP=00103c94 ESP=00103c5c
EIP=001012e3 EFL=00000246 [---Z-P-] CPL=0 II=0 A20=1 SMM=0 HLT=0
ES =0018 00000000 ffffffff 00cf9300 DPL=0 DS   [-WA]
CS =0010 00000000 ffffffff 00cf9a00 DPL=0 CS32 [-R-]
SS =0018 00000000 ffffffff 00cf9300 DPL=0 DS   [-WA]
DS =0018 00000000 ffffffff 00cf9300 DPL=0 DS   [-WA]
FS =0018 00000000 ffffffff 00cf9300 DPL=0 DS   [-WA]
GS =0018 00000000 ffffffff 00cf9300 DPL=0 DS   [-WA]
LDT=0000 00000000 0000ffff 00008200 DPL=0 LDT
TR =0000 00000000 0000ffff 00008b00 DPL=0 TSS32-busy
GDT=     000010b0 00000020
IDT=     001295e0 000007ff
CR0=00000011 CR2=00000000 CR3=00000000 CR4=00000000
DR0=00000000 DR1=00000000 DR2=00000000 DR3=00000000 
DR6=ffff0ff0 DR7=00000400
CCS=00000044 CCD=00000000 CCO=EFLAGS
EFER=0000000000000000
Servicing hardware INT=0x20
   446: v=20 e=0000 i=0 cpl=0 IP=0010:00100994 pc=00100994 SP=0018:001048d4 env->regs[R_EAX]=0000001c
EAX=0000001c EBX=0012dd00 ECX=00001900 EDX=00102844
ESI=001027c0 EDI=0012dd00 EBP=001048e4 ESP=001048d4
EIP=00100994 EFL=00000296 [--S-AP-] CPL=0 II=0 A20=1 SMM=0 HLT=0
ES =0018 00000000 ffffffff 00cf9300 DPL=0 DS   [-WA]
CS =0010 00000000 ffffffff 00cf9a00 DPL=0 CS32 [-R-]
SS =0018 00000000 ffffffff 00cf9300 DPL=0 DS   [-WA]
DS =0018 00000000 ffffffff 00cf9300 DPL=0 DS   [-WA]
FS =0018 00000000 ffffffff 00cf9300 DPL=0 DS   [-WA]
GS =0018 00000000 ffffffff 00cf9300 DPL=0 DS   [-WA]
LDT=0000 00000000 0000ffff 00008200 DPL=0 LDT
TR =0000 00000000 0000ffff 00008b00 DPL=0 TSS32-busy
GDT=     000010b0 00000020
IDT=     001295e0 000007ff
CR0=00000011 CR2=00000000 CR3=00000000 CR4=00000000
DR0=00000000 DR1=00000000 DR2=00000000 DR3=00000000 
DR6=ffff0ff0 DR7=00000400
CCS=00000094 CCD=ffffffff CCO=EFLAGS
EFER=0000000000000000
Servicing hardware INT=0x20
   447: v=20 e=0000 i=0 cpl=0 IP=0010:00101c4f pc=00101c4f SP=0018:0012dd20 env->regs[R_EAX]=00102844
EAX=00102844 EBX=00010000 ECX=00075300 EDX=00026c9c
ESI=0012ddf4 EDI=00000000 EBP=0012dd68 ESP=0012dd20
EIP=00101c4f EFL=00200287 [--S--PC] CPL=0 II=0 A20=1 SMM=0 HLT=0
ES =0018 00000000 ffffffff 00cf9300 DPL=0 DS   [-WA]
CS =0010 00000000 ffffffff 00cf9a00 DPL=0 CS32 [-R-]
SS =0018 00000000 ffffffff 00cf9300 DPL=0 DS   [-WA]
DS =0018 00000000 ffffffff 00cf9300 DPL=0 DS   [-WA]
FS =0018 00000000 ffffffff 00cf9300 DPL=0 DS   [-WA]
GS =0018 00000000 ffffffff 00cf9300 DPL=0 DS   [-WA]
LDT=0000 00000000 0000ffff 00008200 DPL=0 LDT
TR =0000 00000000 0000ffff 00008b00 DPL=0 TSS32-busy
GDT=     000010b0 00000020
IDT=     001295e0 000007ff
CR0=00000011 CR2=00000000 CR3=00000000 CR4=00000000
DR0=00000000 DR1=00000000 DR2=00000000 DR3=00000000 
DR6=ffff0ff0 DR7=00000400
CCS=00000085 CCD=fffb199c CCO=EFLAGS
EFER=0000000000000000
Servicing hardware INT=0x20
   448: v=20 e=0000 i=0 cpl=0 IP=0010:00101304 pc=00101304 SP=0018:00103c9c env->regs[R_EAX]=0000000a
EAX=0000000a EBX=00100071 ECX=00001056 EDX=0000256f
ESI=0010006f EDI=00000000 EBP=00103cb4 ESP=00103c9c
EIP=00101304 EFL=00000246 [---Z-P-] CPL=0 II=0 A20=1 SMM=0 HLT=0
ES =0018 00000000 ffffffff 00cf9300 DPL=0 DS   [-WA]
CS =0010 00000000 ffffffff 00cf9a00 DPL=0 CS32 [-R-]
SS =0018 00000000 ffffffff 00cf9300 DPL=0 DS   [-WA]
DS =0018 00000000 ffffffff 00cf9300 DPL=0 DS   [-WA]
FS =0018 00000000 ffffffff 00cf9300 DPL=0 DS   [-WA]
GS =0018 00000000 ffffffff 00cf9300 DPL=0 DS   [-WA]
LDT=0000 00000000 0000ffff 00008200 DPL=0 LDT
TR =0000 00000000 0000ffff 00008b00 DPL=0 TSS32-busy
GDT=     000010b0 00000020
IDT=     001295e0 000007ff
CR0=00000011 CR2=00000000 CR3=00000000 CR4=00000000
DR0=00000000 DR1=00000000 DR2=00000000 DR3=00000000 
DR6=ffff0ff0 DR7=00000400
CCS=00000044 CCD=00000000 CCO=EFLAGS
EFER=0000000000000000
Servicing hardware INT=0x20
   449: v=20 e=0000 i=0 cpl=0 IP=0010:00100994 pc=00100994 SP=0018:001048d4 env->regs[R_EAX]=0000001c
EAX=0000001c EBX=0012dd00 ECX=00001900 EDX=00102844
ESI=001027c0 EDI=0012dd00 EBP=001048e4 ESP=001048d4
EIP=00100994 EFL=00000296 [--S-AP-] CPL=0 II=0 A20=1 SMM=0 HLT=0
ES =0018 00000000 ffffffff 00cf9300 DPL=0 DS   [-WA]
CS =0010 00000000 ffffffff 00cf9a00 DPL=0 CS32 [-R-]
SS =0018 00000000 ffffffff 00cf9300 DPL=0 DS   [-WA]
DS =0018 00000000 ffffffff 00cf9300 DPL=0 DS   [-WA]
FS =0018 00000000 ffffffff 00cf9300 DPL=0 DS   [-WA]
GS =0018 00000000 ffffffff 00cf9300 DPL=0 DS   [-WA]
LDT=0000 00000000 0000ffff 00008200 DPL=0 LDT
TR =0000 00000000 0000ffff 00008b00 DPL=0 TSS32-busy
GDT=     000010b0 00000020
IDT=     001295e0 000007ff
CR0=00000011 CR2=00000000 CR3=00000000 CR4=00000000
DR0=00000000 DR1=00000000 DR2=00000000 DR3=00000000 
DR6=ffff0ff0 DR7=00000400
CCS=00000094 CCD=ffffffff CCO=EFLAGS
EFER=0000000000000000
Servicing hardware INT=0x20
   450: v=20 e=0000 i=0 cpl=0 IP=0010:00101146 pc=00101146 SP=0018:0012dcec env->regs[R_EAX]=00165054
EAX=00165054 EBX=0000009b ECX=0074b2ed EDX=000000e0
ESI=0000003e EDI=000000b0 EBP=0012dd04 ESP=0012dcec
EIP=00101146 EFL=00200212 [----A--] CPL=0 II=0 A20=1 SMM=0 HLT=0
ES =0018 00000000 ffffffff 00cf9300 DPL=0 DS   [-WA]
CS =0010 00000000 ffffffff 00cf9a00 DPL=0 CS32 [-R-]
SS =0018 00000000 ffffffff 00cf9300 DPL=0 DS   [-WA]
DS =0018 00000000 ffffffff 00cf9300 DPL=0 DS   [-WA]
FS =0018 00000000 ffffffff 00cf9300 DPL=0 DS   [-WA]
GS =0018 00000000 ffffffff 00cf9300 DPL=0 DS   [-WA]
LDT=0000 00000000 0000ffff 00008200 DPL=0 LDT
TR =0000 00000000 0000ffff 00008b00 DPL=0 TSS32-busy
GDT=     000010b0 00000020
IDT=     001295e0 000007ff
CR0=00000011 CR2=00000000 CR3=00000000 CR4=00000000
DR0=00000000 DR1=00000000 DR2=00000000 DR3=00000000 
DR6=ffff0ff0 DR7=00000400
CCS=00000010 CCD=00000045 CCO=EFLAGS
EFER=0000000000000000
Servicing hardware INT=0x20
   451: v=20 e=0000 i=0 cpl=0 IP=0010:00101196 pc=00101196 SP=0018:00103c44 env->regs[R_EAX]=0000004e
EAX=0000004e EBX=00103d28 ECX=000000ce EDX=0000f761
ESI=00102844 EDI=00000019 EBP=00103c54 ESP=00103c44
EIP=00101196 EFL=00000297 [--S-APC] CPL=0 II=0 A20=1 SMM=0 HLT=0
ES =0018 00000000 ffffffff 00cf9300 DPL=0 DS   [-WA]
CS =0010 00000000 ffffffff 00cf9a00 DPL=0 CS32 [-R-]
SS =0018 00000000 ffffffff 00cf9300 DPL=0 DS   [-WA]
DS =0018 00000000 ffffffff 00cf9300 DPL=0 DS   [-WA]
FS =0018 00000000 ffffffff 00cf9300 DPL=0 DS   [-WA]
GS =0018 00000000 ffffffff 00cf9300 DPL=0 DS   [-WA]
LDT=0000 00000000 0000ffff 00008200 DPL=0 LDT
TR =0000 00000000 0000ffff 00008b00 DPL=0 TSS32-busy
GDT=     000010b0 00000020
IDT=     001295e0 000007ff
CR0=00000011 CR2=00000000 CR3=00000000 CR4=00000000
DR0=00000000 DR1=00000000 DR2=00000000 DR3=00000000 
DR6=ffff0ff0 DR7=00000400
CCS=00000095 CCD=ffffffff CCO=EFLAGS
EFER=0000000000000000
Servicing hardware INT=0x20
   452: v=20 e=0000 i=0 cpl=0 IP=0010:00100994 pc=00100994 SP=0018:001048d4 env->regs[R_EAX]=0000001c
EAX=0000001c EBX=00000066 ECX=00001900 EDX=00102844
ESI=001027c0 EDI=00104928 EBP=001048e4 ESP=001048d4
EIP=00100994 EFL=00000296 [--S-AP-] CPL=0 II=0 A20=1 SMM=0 HLT=0
ES =0018 00000000 ffffffff 00cf9300 DPL=0 DS   [-WA]
CS =0010 00000000 ffffffff 00cf9a00 DPL=0 CS32 [-R-]
SS =0018 00000000 ffffffff 00cf9300 DPL=0 DS   [-WA]
DS =0018 00000000 ffffffff 00cf9300 DPL=0 DS   [-WA]
FS =0018 00000000 ffffffff 00cf9300 DPL=0 DS   [-WA]
GS =0018 00000000 ffffffff 00cf9300 DPL=0 DS   [-WA]
LDT=0000 00000000 0000ffff 00008200 DPL=0 LDT
TR =0000 00000000 0000ffff 00008b00 DPL=0 TSS32-busy
GDT=     000010b0 00000020
IDT=     001295e0 000007ff
CR0=00000011 CR2=00000000 CR3=00000000 CR4=00000000
DR0=00000000 DR1=00000000 DR2=00000000 DR3=00000000 
DR6=ffff0ff0 DR7=00000400
CCS=00000094 CCD=ffffffff CCO=EFLAGS
EFER=0000000000000000
Servicing hardware INT=0x20
   453: v=20 e=0000 i=0 cpl=0 IP=0010:001019bc pc=001019bc SP=0018:0012dd64 env->regs[R_EAX]=001d7a48
EAX=001d7a48 EBX=006e96c2 ECX=003029f4 EDX=fd0a9c54
ESI=0012dd78 EDI=00000000 EBP=0012dd68 ESP=0012dd64
EIP=001019bc EFL=00200283 [--S---C] CPL=0 II=0 A20=1 SMM=0 HLT=0
ES =0018 00000000 ffffffff 00cf9300 DPL=0 DS   [-WA]
CS =0010 00000000 ffffffff 00cf9a00 DPL=0 CS32 [-R-]
SS =0018 00000000 ffffffff 00cf9300 DPL=0 DS   [-WA]
DS =0018 00000000 ffffffff 00cf9300 DPL=0 DS   [-WA]
FS =0018 00000000 ffffffff 00cf9300 DPL=0 DS   [-WA]
GS =0018 00000000 ffffffff 00cf9300 DPL=0 DS   [-WA]
LDT=0000 00000000 0000ffff 00008200 DPL=0 LDT
TR =0000 00000000 0000ffff 00008b00 DPL=0 TSS32-busy
GDT=     000010b0 00000020
IDT=     001295e0 000007ff
CR0=00000011 CR2=00000000 CR3=00000000 CR4=00000000
DR0=00000000 DR1=00000000 DR2=00000000 DR3=00000000 
DR6=ffff0ff0 DR7=00000400
CCS=00000081 CCD=ffed5054 CCO=EFLAGS
EFER=0000000000000000
Servicing hardware INT=0x20
   454: v=20 e=0000 i=0 cpl=0 IP=0010:00101196 pc=00101196 SP=0018:00103c44 env->regs[R_EAX]=000001d4
EAX=000001d4 EBX=00103d28 ECX=000003b0 EDX=00001f66
ESI=00102844 EDI=00000004 EBP=00103c54 ESP=00103c44
EIP=00101196 EFL=00000293 [--S-A-C] CPL=0 II=0 A20=1 SMM=0 HLT=0
ES =0018 00000000 ffffffff 00cf9300 DPL=0 DS   [-WA]
CS =0010 00000000 ffffffff 00cf9a00 DPL=0 CS32 [-R-]
SS =0018 00000000 ffffffff 00cf9300 DPL=0 DS   [-WA]
DS =0018 00000000 ffffffff 00cf9300 DPL=0 DS   [-WA]
FS =0018 00000000 ffffffff 00cf9300 DPL=0 DS   [-WA]
GS =0018 00000000 ffffffff 00cf9300 DPL=0 DS   [-WA]
LDT=0000 00000000 0000ffff 00008200 DPL=0 LDT
TR =0000 00000000 0000ffff 00008b00 DPL=0 TSS32-busy
GDT=     000010b0 00000020
IDT=     001295e0 000007ff
CR0=00000011 CR2=00000000 CR3=00000000 CR4=00000000
DR0=00000000 DR1=00000000 DR2=00000000 DR3=00000000 
DR6=ffff0ff0 DR7=00000400
CCS=00000091 CCD=ffffffea CCO=EFLAGS
EFER=0000000000000000
Servicing hardware INT=0x20
   455: v=20 e=0000 i=0 cpl=0 IP=0010:00100994 pc=00100994 SP=0018:001048d4 env->regs[R_EAX]=0000001c
EAX=0000001c EBX=00000066 ECX=00001900 EDX=00102844
ESI=001027c0 EDI=00104928 EBP=001048e4 ESP=001048d4
EIP=00100994 EFL=00000296 [--S-AP-] CPL=0 II=0 A20=1 SMM=0 HLT=0
ES =0018 00000000 ffffffff 00cf9300 DPL=0 DS   [-WA]
CS =0010 00000000 ffffffff 00cf9a00 DPL=0 CS32 [-R-]
SS =0018 00000000 ffffffff 00cf9300 DPL=0 DS   [-WA]
DS =0018 00000000 ffffffff 00cf9300 DPL=0 DS   [-WA]
FS =0018 00000000 ffffffff 00cf9300 DPL=0 DS   [-WA]
GS =0018 00000000 ffffffff 00cf9300 DPL=0 DS   [-WA]
LDT=0000 00000000 0000ffff 00008200 DPL=0 LDT
TR =0000 00000000 0000ffff 00008b00 DPL=0 TSS32-busy
GDT=     000010b0 00000020
IDT=     001295e0 000007ff
CR0=00000011 CR2=00000000 CR3=00000000 CR4=00000000
DR0=00000000 DR1=00000000 DR2=00000000 DR3=00000000 
DR6=ffff0ff0 DR7=00000400
CCS=00000094 CCD=ffffffff CCO=EFLAGS
EFER=0000000000000000
Servicing hardware INT=0x20
   456: v=20 e=0000 i=0 cpl=0 IP=0010:001019b8 pc=001019b8 SP=0018:0012dd64 env->regs[R_EAX]=001fb510
EAX=001fb510 EBX=006e96c2 ECX=003029f4 EDX=fd0cd71c
ESI=0012dd78 EDI=00000000 EBP=0012dd68 ESP=0012dd64
EIP=001019b8 EFL=00200212 [----A--] CPL=0 II=0 A20=1 SMM=0 HLT=0
ES =0018 00000000 ffffffff 00cf9300 DPL=0 DS   [-WA]
CS =0010 00000000 ffffffff 00cf9a00 DPL=0 CS32 [-R-]
SS =0018 00000000 ffffffff 00cf9300 DPL=0 DS   [-WA]
DS =0018 00000000 ffffffff 00cf9300 DPL=0 DS   [-WA]
FS =0018 00000000 ffffffff 00cf9300 DPL=0 DS   [-WA]
GS =0018 00000000 ffffffff 00cf9300 DPL=0 DS   [-WA]
LDT=0000 00000000 0000ffff 00008200 DPL=0 LDT
TR =0000 00000000 0000ffff 00008b00 DPL=0 TSS32-busy
GDT=     000010b0 00000020
IDT=     001295e0 000007ff
CR0=00000011 CR2=00000000 CR3=00000000 CR4=00000000
DR0=00000000 DR1=00000000 DR2=00000000 DR3=00000000 
DR6=ffff0ff0 DR7=00000400
CCS=00000010 CCD=001fb510 CCO=EFLAGS
EFER=0000000000000000
Servicing hardware INT=0x20
   457: v=20 e=0000 i=0 cpl=0 IP=0010:00101268 pc=00101268 SP=0018:00103c5c env->regs[R_EAX]=00102844
EAX=00102844 EBX=001034e8 ECX=00000c68 EDX=001034ac
ESI=00102880 EDI=0000000b EBP=00103c94 ESP=00103c5c
EIP=00101268 EFL=00000212 [----A--] CPL=0 II=0 A20=1 SMM=0 HLT=0
ES =0018 00000000 ffffffff 00cf9300 DPL=0 DS   [-WA]
CS =0010 00000000 ffffffff 00cf9a00 DPL=0 CS32 [-R-]
SS =0018 00000000 ffffffff 00cf9300 DPL=0 DS   [-WA]
DS =0018 00000000 ffffffff 00cf9300 DPL=0 DS   [-WA]
FS =0018 00000000 ffffffff 00cf9300 DPL=0 DS   [-WA]
GS =0018 00000000 ffffffff 00cf9300 DPL=0 DS   [-WA]
LDT=0000 00000000 0000ffff 00008200 DPL=0 LDT
TR =0000 00000000 0000ffff 00008b00 DPL=0 TSS32-busy
GDT=     000010b0 00000020
IDT=     001295e0 000007ff
CR0=00000011 CR2=00000000 CR3=00000000 CR4=00000000
DR0=00000000 DR1=00000000 DR2=00000000 DR3=00000000 
DR6=ffff0ff0 DR7=00000400
CCS=00000010 CCD=0000005e CCO=EFLAGS
EFER=0000000000000000
Servicing hardware INT=0x20
   458: v=20 e=0000 i=0 cpl=0 IP=0010:00100994 pc=00100994 SP=0018:001048d4 env->regs[R_EAX]=0000001c
EAX=0000001c EBX=00000066 ECX=00001900 EDX=00102844
ESI=001027c0 EDI=00104928 EBP=001048e4 ESP=001048d4
EIP=00100994 EFL=00000296 [--S-AP-] CPL=0 II=0 A20=1 SMM=0 HLT=0
ES =0018 00000000 ffffffff 00cf9300 DPL=0 DS   [-WA]
CS =0010 00000000 ffffffff 00cf9a00 DPL=0 CS32 [-R-]
SS =0018 00000000 ffffffff 00cf9300 DPL=0 DS   [-WA]
DS =0018 00000000 ffffffff 00cf9300 DPL=0 DS   [-WA]
FS =0018 00000000 ffffffff 00cf9300 DPL=0 DS   [-WA]
GS =0018 00000000 ffffffff 00cf9300 DPL=0 DS   [-WA]
LDT=0000 00000000 0000ffff 00008200 DPL=0 LDT
TR =0000 00000000 0000ffff 00008b00 DPL=0 TSS32-busy
GDT=     000010b0 00000020
IDT=     001295e0 000007ff
CR0=00000011 CR2=00000000 CR3=00000000 CR4=00000000
DR0=00000000 DR1=00000000 DR2=00000000 DR3=00000000 
DR6=ffff0ff0 DR7=00000400
CCS=00000094 CCD=ffffffff CCO=EFLAGS
EFER=0000000000000000
Servicing hardware INT=0x20
   459: v=20 e=0000 i=0 cpl=0 IP=0010:00101146 pc=00101146 SP=0018:0012dcec env->regs[R_EAX]=0019aed4
EAX=0019aed4 EBX=000000dd ECX=0074b2ed EDX=000000e0
ESI=00000083 EDI=000000b0 EBP=0012dd04 ESP=0012dcec
EIP=00101146 EFL=00200216 [----AP-] CPL=0 II=0 A20=1 SMM=0 HLT=0
ES =0018 00000000 ffffffff 00cf9300 DPL=0 DS   [-WA]
CS =0010 00000000 ffffffff 00cf9a00 DPL=0 CS32 [-R-]
SS =0018 00000000 ffffffff 00cf9300 DPL=0 DS   [-WA]
DS =0018 00000000 ffffffff 00cf9300 DPL=0 DS   [-WA]
FS =0018 00000000 ffffffff 00cf9300 DPL=0 DS   [-WA]
GS =0018 00000000 ffffffff 00cf9300 DPL=0 DS   [-WA]
LDT=0000 00000000 0000ffff 00008200 DPL=0 LDT
TR =0000 00000000 0000ffff 00008b00 DPL=0 TSS32-busy
GDT=     000010b0 00000020
IDT=     001295e0 000007ff
CR0=00000011 CR2=00000000 CR3=00000000 CR4=00000000
DR0=00000000 DR1=00000000 DR2=00000000 DR3=00000000 
DR6=ffff0ff0 DR7=00000400
CCS=00000014 CCD=00000003 CCO=EFLAGS
EFER=0000000000000000
Servicing hardware INT=0x20
   460: v=20 e=0000 i=0 cpl=0 IP=0010:001012a5 pc=001012a5 SP=0018:00103c5c env->regs[R_EAX]=00000019
EAX=00000019 EBX=001034e8 ECX=00001074 EDX=0000dd66
ESI=00102880 EDI=00000066 EBP=00103c94 ESP=00103c5c
EIP=001012a5 EFL=00000246 [---Z-P-] CPL=0 II=0 A20=1 SMM=0 HLT=0
ES =0018 00000000 ffffffff 00cf9300 DPL=0 DS   [-WA]
CS =0010 00000000 ffffffff 00cf9a00 DPL=0 CS32 [-R-]
SS =0018 00000000 ffffffff 00cf9300 DPL=0 DS   [-WA]
DS =0018 00000000 ffffffff 00cf9300 DPL=0 DS   [-WA]
FS =0018 00000000 ffffffff 00cf9300 DPL=0 DS   [-WA]
GS =0018 00000000 ffffffff 00cf9300 DPL=0 DS   [-WA]
LDT=0000 00000000 0000ffff 00008200 DPL=0 LDT
TR =0000 00000000 0000ffff 00008b00 DPL=0 TSS32-busy
GDT=     000010b0 00000020
IDT=     001295e0 000007ff
CR0=00000011 CR2=00000000 CR3=00000000 CR4=00000000
DR0=00000000 DR1=00000000 DR2=00000000 DR3=00000000 
DR6=ffff0ff0 DR7=00000400
CCS=00000044 CCD=00000000 CCO=EFLAGS
EFER=0000000000000000
Servicing hardware INT=0x20
   461: v=20 e=0000 i=0 cpl=0 IP=0010:00100994 pc=00100994 SP=0018:001048d4 env->regs[R_EAX]=0000001c
EAX=0000001c EBX=00000000 ECX=00001900 EDX=00102844
ESI=001027c0 EDI=00000000 EBP=001048e4 ESP=001048d4
EIP=00100994 EFL=00000296 [--S-AP-] CPL=0 II=0 A20=1 SMM=0 HLT=0
ES =0018 00000000 ffffffff 00cf9300 DPL=0 DS   [-WA]
CS =0010 00000000 ffffffff 00cf9a00 DPL=0 CS32 [-R-]
SS =0018 00000000 ffffffff 00cf9300 DPL=0 DS   [-WA]
DS =0018 00000000 ffffffff 00cf9300 DPL=0 DS   [-WA]
FS =0018 00000000 ffffffff 00cf9300 DPL=0 DS   [-WA]
GS =0018 00000000 ffffffff 00cf9300 DPL=0 DS   [-WA]
LDT=0000 00000000 0000ffff 00008200 DPL=0 LDT
TR =0000 00000000 0000ffff 00008b00 DPL=0 TSS32-busy
GDT=     000010b0 00000020
IDT=     001295e0 000007ff
CR0=00000011 CR2=00000000 CR3=00000000 CR4=00000000
DR0=00000000 DR1=00000000 DR2=00000000 DR3=00000000 
DR6=ffff0ff0 DR7=00000400
CCS=00000094 CCD=ffffffff CCO=EFLAGS
EFER=0000000000000000
Servicing hardware INT=0x20
   462: v=20 e=0000 i=0 cpl=0 IP=0010:00101c4f pc=00101c4f SP=0018:0012dd20 env->regs[R_EAX]=00102844
EAX=00102844 EBX=00010000 ECX=00075300 EDX=00074876
ESI=0012ddf4 EDI=00000000 EBP=0012dd68 ESP=0012dd20
EIP=00101c4f EFL=00200283 [--S---C] CPL=0 II=0 A20=1 SMM=0 HLT=0
ES =0018 00000000 ffffffff 00cf9300 DPL=0 DS   [-WA]
CS =0010 00000000 ffffffff 00cf9a00 DPL=0 CS32 [-R-]
SS =0018 00000000 ffffffff 00cf9300 DPL=0 DS   [-WA]
DS =0018 00000000 ffffffff 00cf9300 DPL=0 DS   [-WA]
FS =0018 00000000 ffffffff 00cf9300 DPL=0 DS   [-WA]
GS =0018 00000000 ffffffff 00cf9300 DPL=0 DS   [-WA]
LDT=0000 00000000 0000ffff 00008200 DPL=0 LDT
TR =0000 00000000 0000ffff 00008b00 DPL=0 TSS32-busy
GDT=     000010b0 00000020
IDT=     001295e0 000007ff
CR0=00000011 CR2=00000000 CR3=00000000 CR4=00000000
DR0=00000000 DR1=00000000 DR2=00000000 DR3=00000000 
DR6=ffff0ff0 DR7=00000400
CCS=00000081 CCD=fffff576 CCO=EFLAGS
EFER=0000000000000000
Servicing hardware INT=0x20
   463: v=20 e=0000 i=0 cpl=0 IP=0010:0010122f pc=0010122f SP=0018:00103c5c env->regs[R_EAX]=00102844
EAX=00102844 EBX=0000003c ECX=00001062 EDX=0000b96f
ESI=00102880 EDI=0000006f EBP=00103c94 ESP=00103c5c
EIP=0010122f EFL=00000206 [-----P-] CPL=0 II=0 A20=1 SMM=0 HLT=0
ES =0018 00000000 ffffffff 00cf9300 DPL=0 DS   [-WA]
CS =0010 00000000 ffffffff 00cf9a00 DPL=0 CS32 [-R-]
SS =0018 00000000 ffffffff 00cf9300 DPL=0 DS   [-WA]
DS =0018 00000000 ffffffff 00cf9300 DPL=0 DS   [-WA]
FS =0018 00000000 ffffffff 00cf9300 DPL=0 DS   [-WA]
GS =0018 00000000 ffffffff 00cf9300 DPL=0 DS   [-WA]
LDT=0000 00000000 0000ffff 00008200 DPL=0 LDT
TR =0000 00000000 0000ffff 00008b00 DPL=0 TSS32-busy
GDT=     000010b0 00000020
IDT=     001295e0 000007ff
CR0=00000011 CR2=00000000 CR3=00000000 CR4=00000000
DR0=00000000 DR1=00000000 DR2=00000000 DR3=00000000 
DR6=ffff0ff0 DR7=00000400
CCS=00000004 CCD=00000065 CCO=EFLAGS
EFER=0000000000000000
Servicing hardware INT=0x20
   464: v=20 e=0000 i=0 cpl=0 IP=0010:00100994 pc=00100994 SP=0018:001048d4 env->regs[R_EAX]=0000001c
EAX=0000001c EBX=00000000 ECX=00001900 EDX=00102844
ESI=001027c0 EDI=00000000 EBP=001048e4 ESP=001048d4
EIP=00100994 EFL=00000296 [--S-AP-] CPL=0 II=0 A20=1 SMM=0 HLT=0
ES =0018 00000000 ffffffff 00cf9300 DPL=0 DS   [-WA]
CS =0010 00000000 ffffffff 00cf9a00 DPL=0 CS32 [-R-]
SS =0018 00000000 ffffffff 00cf9300 DPL=0 DS   [-WA]
DS =0018 00000000 ffffffff 00cf9300 DPL=0 DS   [-WA]
FS =0018 00000000 ffffffff 00cf9300 DPL=0 DS   [-WA]
GS =0018 00000000 ffffffff 00cf9300 DPL=0 DS   [-WA]
LDT=0000 00000000 0000ffff 00008200 DPL=0 LDT
TR =0000 00000000 0000ffff 00008b00 DPL=0 TSS32-busy
GDT=     000010b0 00000020
IDT=     001295e0 000007ff
CR0=00000011 CR2=00000000 CR3=00000000 CR4=00000000
DR0=00000000 DR1=00000000 DR2=00000000 DR3=00000000 
DR6=ffff0ff0 DR7=00000400
CCS=00000094 CCD=ffffffff CCO=EFLAGS
EFER=0000000000000000
Servicing hardware INT=0x20
   465: v=20 e=0000 i=0 cpl=0 IP=0010:001019b8 pc=001019b8 SP=0018:0012dd64 env->regs[R_EAX]=00265dc8
EAX=00265dc8 EBX=006e96c2 ECX=003029f4 EDX=fd137fd4
ESI=0012dd78 EDI=00000000 EBP=0012dd68 ESP=0012dd64
EIP=001019b8 EFL=00200202 [-------] CPL=0 II=0 A20=1 SMM=0 HLT=0
ES =0018 00000000 ffffffff 00cf9300 DPL=0 DS   [-WA]
CS =0010 00000000 ffffffff 00cf9a00 DPL=0 CS32 [-R-]
SS =0018 00000000 ffffffff 00cf9300 DPL=0 DS   [-WA]
DS =0018 00000000 ffffffff 00cf9300 DPL=0 DS   [-WA]
FS =0018 00000000 ffffffff 00cf9300 DPL=0 DS   [-WA]
GS =0018 00000000 ffffffff 00cf9300 DPL=0 DS   [-WA]
LDT=0000 00000000 0000ffff 00008200 DPL=0 LDT
TR =0000 00000000 0000ffff 00008b00 DPL=0 TSS32-busy
GDT=     000010b0 00000020
IDT=     001295e0 000007ff
CR0=00000011 CR2=00000000 CR3=00000000 CR4=00000000
DR0=00000000 DR1=00000000 DR2=00000000 DR3=00000000 
DR6=ffff0ff0 DR7=00000400
CCS=00000000 CCD=00265dc8 CCO=EFLAGS
EFER=0000000000000000
Servicing hardware INT=0x20
   466: v=20 e=0000 i=0 cpl=0 IP=0010:00101196 pc=00101196 SP=0018:00103c44 env->regs[R_EAX]=000000d0
EAX=000000d0 EBX=00103d28 ECX=000001a6 EDX=00002166
ESI=00102844 EDI=00000003 EBP=00103c54 ESP=00103c44
EIP=00101196 EFL=00000293 [--S-A-C] CPL=0 II=0 A20=1 SMM=0 HLT=0
ES =0018 00000000 ffffffff 00cf9300 DPL=0 DS   [-WA]
CS =0010 00000000 ffffffff 00cf9a00 DPL=0 CS32 [-R-]
SS =0018 00000000 ffffffff 00cf9300 DPL=0 DS   [-WA]
DS =0018 00000000 ffffffff 00cf9300 DPL=0 DS   [-WA]
FS =0018 00000000 ffffffff 00cf9300 DPL=0 DS   [-WA]
GS =0018 00000000 ffffffff 00cf9300 DPL=0 DS   [-WA]
LDT=0000 00000000 0000ffff 00008200 DPL=0 LDT
TR =0000 00000000 0000ffff 00008b00 DPL=0 TSS32-busy
GDT=     000010b0 00000020
IDT=     001295e0 000007ff
CR0=00000011 CR2=00000000 CR3=00000000 CR4=00000000
DR0=00000000 DR1=00000000 DR2=00000000 DR3=00000000 
DR6=ffff0ff0 DR7=00000400
CCS=00000091 CCD=ffffffe9 CCO=EFLAGS
EFER=0000000000000000
Servicing hardware INT=0x20
   467: v=20 e=0000 i=0 cpl=0 IP=0010:00100994 pc=00100994 SP=0018:001048d4 env->regs[R_EAX]=0000001c
EAX=0000001c EBX=00000000 ECX=00001900 EDX=00102844
ESI=001027c0 EDI=00000000 EBP=001048e4 ESP=001048d4
EIP=00100994 EFL=00000296 [--S-AP-] CPL=0 II=0 A20=1 SMM=0 HLT=0
ES =0018 00000000 ffffffff 00cf9300 DPL=0 DS   [-WA]
CS =0010 00000000 ffffffff 00cf9a00 DPL=0 CS32 [-R-]
SS =0018 00000000 ffffffff 00cf9300 DPL=0 DS   [-WA]
DS =0018 00000000 ffffffff 00cf9300 DPL=0 DS   [-WA]
FS =0018 00000000 ffffffff 00cf9300 DPL=0 DS   [-WA]
GS =0018 00000000 ffffffff 00cf9300 DPL=0 DS   [-WA]
LDT=0000 00000000 0000ffff 00008200 DPL=0 LDT
TR =0000 00000000 0000ffff 00008b00 DPL=0 TSS32-busy
GDT=     000010b0 00000020
IDT=     001295e0 000007ff
CR0=00000011 CR2=00000000 CR3=00000000 CR4=00000000
DR0=00000000 DR1=00000000 DR2=00000000 DR3=00000000 
DR6=ffff0ff0 DR7=00000400
CCS=00000094 CCD=ffffffff CCO=EFLAGS
EFER=0000000000000000
Servicing hardware INT=0x20
   468: v=20 e=0000 i=0 cpl=0 IP=0010:001019b8 pc=001019b8 SP=0018:0012dd64 env->regs[R_EAX]=002d7a00
EAX=002d7a00 EBX=006e96c2 ECX=003029f4 EDX=fd1a9c0c
ESI=0012dd78 EDI=00000000 EBP=0012dd68 ESP=0012dd64
EIP=001019b8 EFL=00200216 [----AP-] CPL=0 II=0 A20=1 SMM=0 HLT=0
ES =0018 00000000 ffffffff 00cf9300 DPL=0 DS   [-WA]
CS =0010 00000000 ffffffff 00cf9a00 DPL=0 CS32 [-R-]
SS =0018 00000000 ffffffff 00cf9300 DPL=0 DS   [-WA]
DS =0018 00000000 ffffffff 00cf9300 DPL=0 DS   [-WA]
FS =0018 00000000 ffffffff 00cf9300 DPL=0 DS   [-WA]
GS =0018 00000000 ffffffff 00cf9300 DPL=0 DS   [-WA]
LDT=0000 00000000 0000ffff 00008200 DPL=0 LDT
TR =0000 00000000 0000ffff 00008b00 DPL=0 TSS32-busy
GDT=     000010b0 00000020
IDT=     001295e0 000007ff
CR0=00000011 CR2=00000000 CR3=00000000 CR4=00000000
DR0=00000000 DR1=00000000 DR2=00000000 DR3=00000000 
DR6=ffff0ff0 DR7=00000400
CCS=00000014 CCD=002d7a00 CCO=EFLAGS
EFER=0000000000000000
Servicing hardware INT=0x20
   469: v=20 e=0000 i=0 cpl=0 IP=0010:001011c9 pc=001011c9 SP=0018:00103c44 env->regs[R_EAX]=0000fb20
EAX=0000fb20 EBX=00103d28 ECX=00000410 EDX=00000018
ESI=00102844 EDI=0000001a EBP=00103c54 ESP=00103c44
EIP=001011c9 EFL=00000293 [--S-A-C] CPL=0 II=0 A20=1 SMM=0 HLT=0
ES =0018 00000000 ffffffff 00cf9300 DPL=0 DS   [-WA]
CS =0010 00000000 ffffffff 00cf9a00 DPL=0 CS32 [-R-]
SS =0018 00000000 ffffffff 00cf9300 DPL=0 DS   [-WA]
DS =0018 00000000 ffffffff 00cf9300 DPL=0 DS   [-WA]
FS =0018 00000000 ffffffff 00cf9300 DPL=0 DS   [-WA]
GS =0018 00000000 ffffffff 00cf9300 DPL=0 DS   [-WA]
LDT=0000 00000000 0000ffff 00008200 DPL=0 LDT
TR =0000 00000000 0000ffff 00008b00 DPL=0 TSS32-busy
GDT=     000010b0 00000020
IDT=     001295e0 000007ff
CR0=00000011 CR2=00000000 CR3=00000000 CR4=00000000
DR0=00000000 DR1=00000000 DR2=00000000 DR3=00000000 
DR6=ffff0ff0 DR7=00000400
CCS=00000091 CCD=fffffffe CCO=EFLAGS
EFER=0000000000000000
Servicing hardware INT=0x20
   470: v=20 e=0000 i=0 cpl=0 IP=0010:00100994 pc=00100994 SP=0018:001048d4 env->regs[R_EAX]=0000001c
EAX=0000001c EBX=00000000 ECX=00001900 EDX=00102844
ESI=001027c0 EDI=00000000 EBP=001048e4 ESP=001048d4
EIP=00100994 EFL=00000296 [--S-AP-] CPL=0 II=0 A20=1 SMM=0 HLT=0
ES =0018 00000000 ffffffff 00cf9300 DPL=0 DS   [-WA]
CS =0010 00000000 ffffffff 00cf9a00 DPL=0 CS32 [-R-]
SS =0018 00000000 ffffffff 00cf9300 DPL=0 DS   [-WA]
DS =0018 00000000 ffffffff 00cf9300 DPL=0 DS   [-WA]
FS =0018 00000000 ffffffff 00cf9300 DPL=0 DS   [-WA]
GS =0018 00000000 ffffffff 00cf9300 DPL=0 DS   [-WA]
LDT=0000 00000000 0000ffff 00008200 DPL=0 LDT
TR =0000 00000000 0000ffff 00008b00 DPL=0 TSS32-busy
GDT=     000010b0 00000020
IDT=     001295e0 000007ff
CR0=00000011 CR2=00000000 CR3=00000000 CR4=00000000
DR0=00000000 DR1=00000000 DR2=00000000 DR3=00000000 
DR6=ffff0ff0 DR7=00000400
CCS=00000094 CCD=ffffffff CCO=EFLAGS
EFER=0000000000000000
Servicing hardware INT=0x20
   471: v=20 e=0000 i=0 cpl=0 IP=0010:001016d8 pc=001016d8 SP=0018:0012dc9c env->regs[R_EAX]=0001c6d0
EAX=0001c6d0 EBX=00000320 ECX=00000006 EDX=00000001
ESI=00000002 EDI=0019f934 EBP=0012dcc8 ESP=0012dc9c
EIP=001016d8 EFL=00200246 [---Z-P-] CPL=0 II=0 A20=1 SMM=0 HLT=0
ES =0018 00000000 ffffffff 00cf9300 DPL=0 DS   [-WA]
CS =0010 00000000 ffffffff 00cf9a00 DPL=0 CS32 [-R-]
SS =0018 00000000 ffffffff 00cf9300 DPL=0 DS   [-WA]
DS =0018 00000000 ffffffff 00cf9300 DPL=0 DS   [-WA]
FS =0018 00000000 ffffffff 00cf9300 DPL=0 DS   [-WA]
GS =0018 00000000 ffffffff 00cf9300 DPL=0 DS   [-WA]
LDT=0000 00000000 0000ffff 00008200 DPL=0 LDT
TR =0000 00000000 0000ffff 00008b00 DPL=0 TSS32-busy
GDT=     000010b0 00000020
IDT=     001295e0 000007ff
CR0=00000011 CR2=00000000 CR3=00000000 CR4=00000000
DR0=00000000 DR1=00000000 DR2=00000000 DR3=00000000 
DR6=ffff0ff0 DR7=00000400
CCS=00000044 CCD=00000000 CCO=EFLAGS
EFER=0000000000000000
Servicing hardware INT=0x20
   472: v=20 e=0000 i=0 cpl=0 IP=0010:001011a8 pc=001011a8 SP=0018:00103c44 env->regs[R_EAX]=00000152
EAX=00000152 EBX=00103d28 ECX=000002d8 EDX=00001f62
ESI=00102844 EDI=0000001a EBP=00103c54 ESP=00103c44
EIP=001011a8 EFL=00000246 [---Z-P-] CPL=0 II=0 A20=1 SMM=0 HLT=0
ES =0018 00000000 ffffffff 00cf9300 DPL=0 DS   [-WA]
CS =0010 00000000 ffffffff 00cf9a00 DPL=0 CS32 [-R-]
SS =0018 00000000 ffffffff 00cf9300 DPL=0 DS   [-WA]
DS =0018 00000000 ffffffff 00cf9300 DPL=0 DS   [-WA]
FS =0018 00000000 ffffffff 00cf9300 DPL=0 DS   [-WA]
GS =0018 00000000 ffffffff 00cf9300 DPL=0 DS   [-WA]
LDT=0000 00000000 0000ffff 00008200 DPL=0 LDT
TR =0000 00000000 0000ffff 00008b00 DPL=0 TSS32-busy
GDT=     000010b0 00000020
IDT=     001295e0 000007ff
CR0=00000011 CR2=00000000 CR3=00000000 CR4=00000000
DR0=00000000 DR1=00000000 DR2=00000000 DR3=00000000 
DR6=ffff0ff0 DR7=00000400
CCS=00000044 CCD=00000000 CCO=EFLAGS
EFER=0000000000000000
Servicing hardware INT=0x20
   473: v=20 e=0000 i=0 cpl=0 IP=0010:00100994 pc=00100994 SP=0018:001048d4 env->regs[R_EAX]=0000001c
EAX=0000001c EBX=00000000 ECX=00001900 EDX=00102844
ESI=001027c0 EDI=00000000 EBP=001048e4 ESP=001048d4
EIP=00100994 EFL=00000296 [--S-AP-] CPL=0 II=0 A20=1 SMM=0 HLT=0
ES =0018 00000000 ffffffff 00cf9300 DPL=0 DS   [-WA]
CS =0010 00000000 ffffffff 00cf9a00 DPL=0 CS32 [-R-]
SS =0018 00000000 ffffffff 00cf9300 DPL=0 DS   [-WA]
DS =0018 00000000 ffffffff 00cf9300 DPL=0 DS   [-WA]
FS =0018 00000000 ffffffff 00cf9300 DPL=0 DS   [-WA]
GS =0018 00000000 ffffffff 00cf9300 DPL=0 DS   [-WA]
LDT=0000 00000000 0000ffff 00008200 DPL=0 LDT
TR =0000 00000000 0000ffff 00008b00 DPL=0 TSS32-busy
GDT=     000010b0 00000020
IDT=     001295e0 000007ff
CR0=00000011 CR2=00000000 CR3=00000000 CR4=00000000
DR0=00000000 DR1=00000000 DR2=00000000 DR3=00000000 
DR6=ffff0ff0 DR7=00000400
CCS=00000094 CCD=ffffffff CCO=EFLAGS
EFER=0000000000000000
Servicing hardware INT=0x20
   474: v=20 e=0000 i=0 cpl=0 IP=0010:0010176a pc=0010176a SP=0018:0012dce0 env->regs[R_EAX]=0000d710
EAX=0000d710 EBX=00000320 ECX=00000000 EDX=00000008
ESI=00000004 EDI=00163a34 EBP=0012dd08 ESP=0012dce0
EIP=0010176a EFL=00200246 [---Z-P-] CPL=0 II=0 A20=1 SMM=0 HLT=0
ES =0018 00000000 ffffffff 00cf9300 DPL=0 DS   [-WA]
CS =0010 00000000 ffffffff 00cf9a00 DPL=0 CS32 [-R-]
SS =0018 00000000 ffffffff 00cf9300 DPL=0 DS   [-WA]
DS =0018 00000000 ffffffff 00cf9300 DPL=0 DS   [-WA]
FS =0018 00000000 ffffffff 00cf9300 DPL=0 DS   [-WA]
GS =0018 00000000 ffffffff 00cf9300 DPL=0 DS   [-WA]
LDT=0000 00000000 0000ffff 00008200 DPL=0 LDT
TR =0000 00000000 0000ffff 00008b00 DPL=0 TSS32-busy
GDT=     000010b0 00000020
IDT=     001295e0 000007ff
CR0=00000011 CR2=00000000 CR3=00000000 CR4=00000000
DR0=00000000 DR1=00000000 DR2=00000000 DR3=00000000 
DR6=ffff0ff0 DR7=00000400
CCS=00000044 CCD=00000000 CCO=EFLAGS
EFER=0000000000000000
Servicing hardware INT=0x20
   475: v=20 e=0000 i=0 cpl=0 IP=0010:00101196 pc=00101196 SP=0018:00103c44 env->regs[R_EAX]=00000034
EAX=00000034 EBX=00103d28 ECX=0000008e EDX=00001166
ESI=00102844 EDI=00000013 EBP=00103c54 ESP=00103c44
EIP=00101196 EFL=00000297 [--S-APC] CPL=0 II=0 A20=1 SMM=0 HLT=0
ES =0018 00000000 ffffffff 00cf9300 DPL=0 DS   [-WA]
CS =0010 00000000 ffffffff 00cf9a00 DPL=0 CS32 [-R-]
SS =0018 00000000 ffffffff 00cf9300 DPL=0 DS   [-WA]
DS =0018 00000000 ffffffff 00cf9300 DPL=0 DS   [-WA]
FS =0018 00000000 ffffffff 00cf9300 DPL=0 DS   [-WA]
GS =0018 00000000 ffffffff 00cf9300 DPL=0 DS   [-WA]
LDT=0000 00000000 0000ffff 00008200 DPL=0 LDT
TR =0000 00000000 0000ffff 00008b00 DPL=0 TSS32-busy
GDT=     000010b0 00000020
IDT=     001295e0 000007ff
CR0=00000011 CR2=00000000 CR3=00000000 CR4=00000000
DR0=00000000 DR1=00000000 DR2=00000000 DR3=00000000 
DR6=ffff0ff0 DR7=00000400
CCS=00000095 CCD=fffffff9 CCO=EFLAGS
EFER=0000000000000000
Servicing hardware INT=0x20
   476: v=20 e=0000 i=0 cpl=0 IP=0010:00100994 pc=00100994 SP=0018:001048d4 env->regs[R_EAX]=0000001c
EAX=0000001c EBX=00000000 ECX=00001900 EDX=00102844
ESI=001027c0 EDI=00000000 EBP=001048e4 ESP=001048d4
EIP=00100994 EFL=00000296 [--S-AP-] CPL=0 II=0 A20=1 SMM=0 HLT=0
ES =0018 00000000 ffffffff 00cf9300 DPL=0 DS   [-WA]
CS =0010 00000000 ffffffff 00cf9a00 DPL=0 CS32 [-R-]
SS =0018 00000000 ffffffff 00cf9300 DPL=0 DS   [-WA]
DS =0018 00000000 ffffffff 00cf9300 DPL=0 DS   [-WA]
FS =0018 00000000 ffffffff 00cf9300 DPL=0 DS   [-WA]
GS =0018 00000000 ffffffff 00cf9300 DPL=0 DS   [-WA]
LDT=0000 00000000 0000ffff 00008200 DPL=0 LDT
TR =0000 00000000 0000ffff 00008b00 DPL=0 TSS32-busy
GDT=     000010b0 00000020
IDT=     001295e0 000007ff
CR0=00000011 CR2=00000000 CR3=00000000 CR4=00000000
DR0=00000000 DR1=00000000 DR2=00000000 DR3=00000000 
DR6=ffff0ff0 DR7=00000400
CCS=00000094 CCD=ffffffff CCO=EFLAGS
EFER=0000000000000000
Servicing hardware INT=0x20
   477: v=20 e=0000 i=0 cpl=0 IP=0010:0010176a pc=0010176a SP=0018:0012dce0 env->regs[R_EAX]=0000d710
EAX=0000d710 EBX=00000320 ECX=00000000 EDX=00000008
ESI=00000004 EDI=00163a34 EBP=0012dd08 ESP=0012dce0
EIP=0010176a EFL=00200246 [---Z-P-] CPL=0 II=0 A20=1 SMM=0 HLT=0
ES =0018 00000000 ffffffff 00cf9300 DPL=0 DS   [-WA]
CS =0010 00000000 ffffffff 00cf9a00 DPL=0 CS32 [-R-]
SS =0018 00000000 ffffffff 00cf9300 DPL=0 DS   [-WA]
DS =0018 00000000 ffffffff 00cf9300 DPL=0 DS   [-WA]
FS =0018 00000000 ffffffff 00cf9300 DPL=0 DS   [-WA]
GS =0018 00000000 ffffffff 00cf9300 DPL=0 DS   [-WA]
LDT=0000 00000000 0000ffff 00008200 DPL=0 LDT
TR =0000 00000000 0000ffff 00008b00 DPL=0 TSS32-busy
GDT=     000010b0 00000020
IDT=     001295e0 000007ff
CR0=00000011 CR2=00000000 CR3=00000000 CR4=00000000
DR0=00000000 DR1=00000000 DR2=00000000 DR3=00000000 
DR6=ffff0ff0 DR7=00000400
CCS=00000044 CCD=00102844 CCO=EFLAGS
EFER=0000000000000000
Servicing hardware INT=0x20
   478: v=20 e=0000 i=0 cpl=0 IP=0010:00101196 pc=00101196 SP=0018:00103c44 env->regs[R_EAX]=000001ba
EAX=000001ba EBX=00103d28 ECX=00000392 EDX=0000e572
ESI=00102844 EDI=0000000f EBP=00103c54 ESP=00103c44
EIP=00101196 EFL=00000287 [--S--PC] CPL=0 II=0 A20=1 SMM=0 HLT=0
ES =0018 00000000 ffffffff 00cf9300 DPL=0 DS   [-WA]
CS =0010 00000000 ffffffff 00cf9a00 DPL=0 CS32 [-R-]
SS =0018 00000000 ffffffff 00cf9300 DPL=0 DS   [-WA]
DS =0018 00000000 ffffffff 00cf9300 DPL=0 DS   [-WA]
FS =0018 00000000 ffffffff 00cf9300 DPL=0 DS   [-WA]
GS =0018 00000000 ffffffff 00cf9300 DPL=0 DS   [-WA]
LDT=0000 00000000 0000ffff 00008200 DPL=0 LDT
TR =0000 00000000 0000ffff 00008b00 DPL=0 TSS32-busy
GDT=     000010b0 00000020
IDT=     001295e0 000007ff
CR0=00000011 CR2=00000000 CR3=00000000 CR4=00000000
DR0=00000000 DR1=00000000 DR2=00000000 DR3=00000000 
DR6=ffff0ff0 DR7=00000400
CCS=00000085 CCD=fffffff5 CCO=EFLAGS
EFER=0000000000000000
Servicing hardware INT=0x20
   479: v=20 e=0000 i=0 cpl=0 IP=0010:00100994 pc=00100994 SP=0018:001048d4 env->regs[R_EAX]=0000001c
EAX=0000001c EBX=00000000 ECX=00001900 EDX=00102844
ESI=001027c0 EDI=00000000 EBP=001048e4 ESP=001048d4
EIP=00100994 EFL=00000296 [--S-AP-] CPL=0 II=0 A20=1 SMM=0 HLT=0
ES =0018 00000000 ffffffff 00cf9300 DPL=0 DS   [-WA]
CS =0010 00000000 ffffffff 00cf9a00 DPL=0 CS32 [-R-]
SS =0018 00000000 ffffffff 00cf9300 DPL=0 DS   [-WA]
DS =0018 00000000 ffffffff 00cf9300 DPL=0 DS   [-WA]
FS =0018 00000000 ffffffff 00cf9300 DPL=0 DS   [-WA]
GS =0018 00000000 ffffffff 00cf9300 DPL=0 DS   [-WA]
LDT=0000 00000000 0000ffff 00008200 DPL=0 LDT
TR =0000 00000000 0000ffff 00008b00 DPL=0 TSS32-busy
GDT=     000010b0 00000020
IDT=     001295e0 000007ff
CR0=00000011 CR2=00000000 CR3=00000000 CR4=00000000
DR0=00000000 DR1=00000000 DR2=00000000 DR3=00000000 
DR6=ffff0ff0 DR7=00000400
CCS=00000094 CCD=ffffffff CCO=EFLAGS
EFER=0000000000000000
Servicing hardware INT=0x20
   480: v=20 e=0000 i=0 cpl=0 IP=0010:001019bc pc=001019bc SP=0018:0012dd64 env->regs[R_EAX]=002ae1e0
EAX=002ae1e0 EBX=006e96c2 ECX=003029f4 EDX=fd1803ec
ESI=0012dd78 EDI=00000000 EBP=0012dd68 ESP=0012dd64
EIP=001019bc EFL=00200293 [--S-A-C] CPL=0 II=0 A20=1 SMM=0 HLT=0
ES =0018 00000000 ffffffff 00cf9300 DPL=0 DS   [-WA]
CS =0010 00000000 ffffffff 00cf9a00 DPL=0 CS32 [-R-]
SS =0018 00000000 ffffffff 00cf9300 DPL=0 DS   [-WA]
DS =0018 00000000 ffffffff 00cf9300 DPL=0 DS   [-WA]
FS =0018 00000000 ffffffff 00cf9300 DPL=0 DS   [-WA]
GS =0018 00000000 ffffffff 00cf9300 DPL=0 DS   [-WA]
LDT=0000 00000000 0000ffff 00008200 DPL=0 LDT
TR =0000 00000000 0000ffff 00008b00 DPL=0 TSS32-busy
GDT=     000010b0 00000020
IDT=     001295e0 000007ff
CR0=00000011 CR2=00000000 CR3=00000000 CR4=00000000
DR0=00000000 DR1=00000000 DR2=00000000 DR3=00000000 
DR6=ffff0ff0 DR7=00000400
CCS=00000091 CCD=fffab7ec CCO=EFLAGS
EFER=0000000000000000
Servicing hardware INT=0x20
   481: v=20 e=0000 i=0 cpl=0 IP=0010:00101196 pc=00101196 SP=0018:00103c44 env->regs[R_EAX]=00000068
EAX=00000068 EBX=00103d28 ECX=000000e2 EDX=0000b566
ESI=00102844 EDI=00000009 EBP=00103c54 ESP=00103c44
EIP=00101196 EFL=00000293 [--S-A-C] CPL=0 II=0 A20=1 SMM=0 HLT=0
ES =0018 00000000 ffffffff 00cf9300 DPL=0 DS   [-WA]
CS =0010 00000000 ffffffff 00cf9a00 DPL=0 CS32 [-R-]
SS =0018 00000000 ffffffff 00cf9300 DPL=0 DS   [-WA]
DS =0018 00000000 ffffffff 00cf9300 DPL=0 DS   [-WA]
FS =0018 00000000 ffffffff 00cf9300 DPL=0 DS   [-WA]
GS =0018 00000000 ffffffff 00cf9300 DPL=0 DS   [-WA]
LDT=0000 00000000 0000ffff 00008200 DPL=0 LDT
TR =0000 00000000 0000ffff 00008b00 DPL=0 TSS32-busy
GDT=     000010b0 00000020
IDT=     001295e0 000007ff
CR0=00000011 CR2=00000000 CR3=00000000 CR4=00000000
DR0=00000000 DR1=00000000 DR2=00000000 DR3=00000000 
DR6=ffff0ff0 DR7=00000400
CCS=00000091 CCD=ffffffef CCO=EFLAGS
EFER=0000000000000000
Servicing hardware INT=0x20
   482: v=20 e=0000 i=0 cpl=0 IP=0010:00100994 pc=00100994 SP=0018:001048d4 env->regs[R_EAX]=0000001c
EAX=0000001c EBX=00000000 ECX=00001900 EDX=00102844
ESI=001027c0 EDI=00000000 EBP=001048e4 ESP=001048d4
EIP=00100994 EFL=00000296 [--S-AP-] CPL=0 II=0 A20=1 SMM=0 HLT=0
ES =0018 00000000 ffffffff 00cf9300 DPL=0 DS   [-WA]
CS =0010 00000000 ffffffff 00cf9a00 DPL=0 CS32 [-R-]
SS =0018 00000000 ffffffff 00cf9300 DPL=0 DS   [-WA]
DS =0018 00000000 ffffffff 00cf9300 DPL=0 DS   [-WA]
FS =0018 00000000 ffffffff 00cf9300 DPL=0 DS   [-WA]
GS =0018 00000000 ffffffff 00cf9300 DPL=0 DS   [-WA]
LDT=0000 00000000 0000ffff 00008200 DPL=0 LDT
TR =0000 00000000 0000ffff 00008b00 DPL=0 TSS32-busy
GDT=     000010b0 00000020
IDT=     001295e0 000007ff
CR0=00000011 CR2=00000000 CR3=00000000 CR4=00000000
DR0=00000000 DR1=00000000 DR2=00000000 DR3=00000000 
DR6=ffff0ff0 DR7=00000400
CCS=00000094 CCD=ffffffff CCO=EFLAGS
EFER=0000000000000000
Servicing hardware INT=0x20
   483: v=20 e=0000 i=0 cpl=0 IP=0010:001019bc pc=001019bc SP=0018:0012dd64 env->regs[R_EAX]=002cd3c8
EAX=002cd3c8 EBX=006e96c2 ECX=003029f4 EDX=fd19f5d4
ESI=0012dd78 EDI=00000000 EBP=0012dd68 ESP=0012dd64
EIP=001019bc EFL=00200287 [--S--PC] CPL=0 II=0 A20=1 SMM=0 HLT=0
ES =0018 00000000 ffffffff 00cf9300 DPL=0 DS   [-WA]
CS =0010 00000000 ffffffff 00cf9a00 DPL=0 CS32 [-R-]
SS =0018 00000000 ffffffff 00cf9300 DPL=0 DS   [-WA]
DS =0018 00000000 ffffffff 00cf9300 DPL=0 DS   [-WA]
FS =0018 00000000 ffffffff 00cf9300 DPL=0 DS   [-WA]
GS =0018 00000000 ffffffff 00cf9300 DPL=0 DS   [-WA]
LDT=0000 00000000 0000ffff 00008200 DPL=0 LDT
TR =0000 00000000 0000ffff 00008b00 DPL=0 TSS32-busy
GDT=     000010b0 00000020
IDT=     001295e0 000007ff
CR0=00000011 CR2=00000000 CR3=00000000 CR4=00000000
DR0=00000000 DR1=00000000 DR2=00000000 DR3=00000000 
DR6=ffff0ff0 DR7=00000400
CCS=00000085 CCD=fffca9d4 CCO=EFLAGS
EFER=0000000000000000
Servicing hardware INT=0x20
   484: v=20 e=0000 i=0 cpl=0 IP=0010:00101196 pc=00101196 SP=0018:00103c44 env->regs[R_EAX]=000001ee
EAX=000001ee EBX=00103d28 ECX=000003f2 EDX=0000c320
ESI=00102844 EDI=0000000b EBP=00103c54 ESP=00103c44
EIP=00101196 EFL=00000283 [--S---C] CPL=0 II=0 A20=1 SMM=0 HLT=0
ES =0018 00000000 ffffffff 00cf9300 DPL=0 DS   [-WA]
CS =0010 00000000 ffffffff 00cf9a00 DPL=0 CS32 [-R-]
SS =0018 00000000 ffffffff 00cf9300 DPL=0 DS   [-WA]
DS =0018 00000000 ffffffff 00cf9300 DPL=0 DS   [-WA]
FS =0018 00000000 ffffffff 00cf9300 DPL=0 DS   [-WA]
GS =0018 00000000 ffffffff 00cf9300 DPL=0 DS   [-WA]
LDT=0000 00000000 0000ffff 00008200 DPL=0 LDT
TR =0000 00000000 0000ffff 00008b00 DPL=0 TSS32-busy
GDT=     000010b0 00000020
IDT=     001295e0 000007ff
CR0=00000011 CR2=00000000 CR3=00000000 CR4=00000000
DR0=00000000 DR1=00000000 DR2=00000000 DR3=00000000 
DR6=ffff0ff0 DR7=00000400
CCS=00000081 CCD=fffffff1 CCO=EFLAGS
EFER=0000000000000000
Servicing hardware INT=0x20
   485: v=20 e=0000 i=0 cpl=0 IP=0010:00100994 pc=00100994 SP=0018:001048d4 env->regs[R_EAX]=0000001c
EAX=0000001c EBX=00000000 ECX=00001900 EDX=00102844
ESI=001027c0 EDI=00000000 EBP=001048e4 ESP=001048d4
EIP=00100994 EFL=00000296 [--S-AP-] CPL=0 II=0 A20=1 SMM=0 HLT=0
ES =0018 00000000 ffffffff 00cf9300 DPL=0 DS   [-WA]
CS =0010 00000000 ffffffff 00cf9a00 DPL=0 CS32 [-R-]
SS =0018 00000000 ffffffff 00cf9300 DPL=0 DS   [-WA]
DS =0018 00000000 ffffffff 00cf9300 DPL=0 DS   [-WA]
FS =0018 00000000 ffffffff 00cf9300 DPL=0 DS   [-WA]
GS =0018 00000000 ffffffff 00cf9300 DPL=0 DS   [-WA]
LDT=0000 00000000 0000ffff 00008200 DPL=0 LDT
TR =0000 00000000 0000ffff 00008b00 DPL=0 TSS32-busy
GDT=     000010b0 00000020
IDT=     001295e0 000007ff
CR0=00000011 CR2=00000000 CR3=00000000 CR4=00000000
DR0=00000000 DR1=00000000 DR2=00000000 DR3=00000000 
DR6=ffff0ff0 DR7=00000400
CCS=00000094 CCD=ffffffff CCO=EFLAGS
EFER=0000000000000000
Servicing hardware INT=0x20
   486: v=20 e=0000 i=0 cpl=0 IP=0010:00101c4f pc=00101c4f SP=0018:0012dd20 env->regs[R_EAX]=00102844
EAX=00102844 EBX=00010000 ECX=00075300 EDX=0000d01b
ESI=0012ddf4 EDI=00000000 EBP=0012dd68 ESP=0012dd20
EIP=00101c4f EFL=00200287 [--S--PC] CPL=0 II=0 A20=1 SMM=0 HLT=0
ES =0018 00000000 ffffffff 00cf9300 DPL=0 DS   [-WA]
CS =0010 00000000 ffffffff 00cf9a00 DPL=0 CS32 [-R-]
SS =0018 00000000 ffffffff 00cf9300 DPL=0 DS   [-WA]
DS =0018 00000000 ffffffff 00cf9300 DPL=0 DS   [-WA]
FS =0018 00000000 ffffffff 00cf9300 DPL=0 DS   [-WA]
GS =0018 00000000 ffffffff 00cf9300 DPL=0 DS   [-WA]
LDT=0000 00000000 0000ffff 00008200 DPL=0 LDT
TR =0000 00000000 0000ffff 00008b00 DPL=0 TSS32-busy
GDT=     000010b0 00000020
IDT=     001295e0 000007ff
CR0=00000011 CR2=00000000 CR3=00000000 CR4=00000000
DR0=00000000 DR1=00000000 DR2=00000000 DR3=00000000 
DR6=ffff0ff0 DR7=00000400
CCS=00000085 CCD=fff97d1b CCO=EFLAGS
EFER=0000000000000000
Servicing hardware INT=0x20
   487: v=20 e=0000 i=0 cpl=0 IP=0010:00101304 pc=00101304 SP=0018:00103c9c env->regs[R_EAX]=00000008
EAX=00000008 EBX=00100075 ECX=00001052 EDX=00003561
ESI=0010006f EDI=00000000 EBP=00103cb4 ESP=00103c9c
EIP=00101304 EFL=00000246 [---Z-P-] CPL=0 II=0 A20=1 SMM=0 HLT=0
ES =0018 00000000 ffffffff 00cf9300 DPL=0 DS   [-WA]
CS =0010 00000000 ffffffff 00cf9a00 DPL=0 CS32 [-R-]
SS =0018 00000000 ffffffff 00cf9300 DPL=0 DS   [-WA]
DS =0018 00000000 ffffffff 00cf9300 DPL=0 DS   [-WA]
FS =0018 00000000 ffffffff 00cf9300 DPL=0 DS   [-WA]
GS =0018 00000000 ffffffff 00cf9300 DPL=0 DS   [-WA]
LDT=0000 00000000 0000ffff 00008200 DPL=0 LDT
TR =0000 00000000 0000ffff 00008b00 DPL=0 TSS32-busy
GDT=     000010b0 00000020
IDT=     001295e0 000007ff
CR0=00000011 CR2=00000000 CR3=00000000 CR4=00000000
DR0=00000000 DR1=00000000 DR2=00000000 DR3=00000000 
DR6=ffff0ff0 DR7=00000400
CCS=00000044 CCD=00000000 CCO=EFLAGS
EFER=0000000000000000
Servicing hardware INT=0x20
   488: v=20 e=0000 i=0 cpl=0 IP=0010:00100994 pc=00100994 SP=0018:001048d4 env->regs[R_EAX]=0000001c
EAX=0000001c EBX=00000000 ECX=00001900 EDX=00102844
ESI=001027c0 EDI=00000000 EBP=001048e4 ESP=001048d4
EIP=00100994 EFL=00000296 [--S-AP-] CPL=0 II=0 A20=1 SMM=0 HLT=0
ES =0018 00000000 ffffffff 00cf9300 DPL=0 DS   [-WA]
CS =0010 00000000 ffffffff 00cf9a00 DPL=0 CS32 [-R-]
SS =0018 00000000 ffffffff 00cf9300 DPL=0 DS   [-WA]
DS =0018 00000000 ffffffff 00cf9300 DPL=0 DS   [-WA]
FS =0018 00000000 ffffffff 00cf9300 DPL=0 DS   [-WA]
GS =0018 00000000 ffffffff 00cf9300 DPL=0 DS   [-WA]
LDT=0000 00000000 0000ffff 00008200 DPL=0 LDT
TR =0000 00000000 0000ffff 00008b00 DPL=0 TSS32-busy
GDT=     000010b0 00000020
IDT=     001295e0 000007ff
CR0=00000011 CR2=00000000 CR3=00000000 CR4=00000000
DR0=00000000 DR1=00000000 DR2=00000000 DR3=00000000 
DR6=ffff0ff0 DR7=00000400
CCS=00000094 CCD=ffffffff CCO=EFLAGS
EFER=0000000000000000
Servicing hardware INT=0x20
   489: v=20 e=0000 i=0 cpl=0 IP=0010:00101069 pc=00101069 SP=0018:0012dccc env->regs[R_EAX]=0000000b
EAX=0000000b EBX=00000320 ECX=00000150 EDX=0012ddf4
ESI=00000960 EDI=0000002a EBP=0012dd08 ESP=0012dccc
EIP=00101069 EFL=00200206 [-----P-] CPL=0 II=0 A20=1 SMM=0 HLT=0
ES =0018 00000000 ffffffff 00cf9300 DPL=0 DS   [-WA]
CS =0010 00000000 ffffffff 00cf9a00 DPL=0 CS32 [-R-]
SS =0018 00000000 ffffffff 00cf9300 DPL=0 DS   [-WA]
DS =0018 00000000 ffffffff 00cf9300 DPL=0 DS   [-WA]
FS =0018 00000000 ffffffff 00cf9300 DPL=0 DS   [-WA]
GS =0018 00000000 ffffffff 00cf9300 DPL=0 DS   [-WA]
LDT=0000 00000000 0000ffff 00008200 DPL=0 LDT
TR =0000 00000000 0000ffff 00008b00 DPL=0 TSS32-busy
GDT=     000010b0 00000020
IDT=     001295e0 000007ff
CR0=00000011 CR2=00000000 CR3=00000000 CR4=00000000
DR0=00000000 DR1=00000000 DR2=00000000 DR3=00000000 
DR6=ffff0ff0 DR7=00000400
CCS=00000004 CCD=00000960 CCO=EFLAGS
EFER=0000000000000000
Servicing hardware INT=0x20
   490: v=20 e=0000 i=0 cpl=0 IP=0010:001012a5 pc=001012a5 SP=0018:00103c5c env->regs[R_EAX]=00000007
EAX=00000007 EBX=001034e8 ECX=00001050 EDX=0000df6f
ESI=00102880 EDI=0000006f EBP=00103c94 ESP=00103c5c
EIP=001012a5 EFL=00000297 [--S-APC] CPL=0 II=0 A20=1 SMM=0 HLT=0
ES =0018 00000000 ffffffff 00cf9300 DPL=0 DS   [-WA]
CS =0010 00000000 ffffffff 00cf9a00 DPL=0 CS32 [-R-]
SS =0018 00000000 ffffffff 00cf9300 DPL=0 DS   [-WA]
DS =0018 00000000 ffffffff 00cf9300 DPL=0 DS   [-WA]
FS =0018 00000000 ffffffff 00cf9300 DPL=0 DS   [-WA]
GS =0018 00000000 ffffffff 00cf9300 DPL=0 DS   [-WA]
LDT=0000 00000000 0000ffff 00008200 DPL=0 LDT
TR =0000 00000000 0000ffff 00008b00 DPL=0 TSS32-busy
GDT=     000010b0 00000020
IDT=     001295e0 000007ff
CR0=00000011 CR2=00000000 CR3=00000000 CR4=00000000
DR0=00000000 DR1=00000000 DR2=00000000 DR3=00000000 
DR6=ffff0ff0 DR7=00000400
CCS=00000095 CCD=ffffffee CCO=EFLAGS
EFER=0000000000000000
Servicing hardware INT=0x20
   491: v=20 e=0000 i=0 cpl=0 IP=0010:00100994 pc=00100994 SP=0018:001048d4 env->regs[R_EAX]=0000001c
EAX=0000001c EBX=00000000 ECX=00001900 EDX=00102844
ESI=001027c0 EDI=00000000 EBP=001048e4 ESP=001048d4
EIP=00100994 EFL=00000296 [--S-AP-] CPL=0 II=0 A20=1 SMM=0 HLT=0
ES =0018 00000000 ffffffff 00cf9300 DPL=0 DS   [-WA]
CS =0010 00000000 ffffffff 00cf9a00 DPL=0 CS32 [-R-]
SS =0018 00000000 ffffffff 00cf9300 DPL=0 DS   [-WA]
DS =0018 00000000 ffffffff 00cf9300 DPL=0 DS   [-WA]
FS =0018 00000000 ffffffff 00cf9300 DPL=0 DS   [-WA]
GS =0018 00000000 ffffffff 00cf9300 DPL=0 DS   [-WA]
LDT=0000 00000000 0000ffff 00008200 DPL=0 LDT
TR =0000 00000000 0000ffff 00008b00 DPL=0 TSS32-busy
GDT=     000010b0 00000020
IDT=     001295e0 000007ff
CR0=00000011 CR2=00000000 CR3=00000000 CR4=00000000
DR0=00000000 DR1=00000000 DR2=00000000 DR3=00000000 
DR6=ffff0ff0 DR7=00000400
CCS=00000094 CCD=ffffffff CCO=EFLAGS
EFER=0000000000000000
Servicing hardware INT=0x20
   492: v=20 e=0000 i=0 cpl=0 IP=0010:00101c7d pc=00101c7d SP=0018:0012dd20 env->regs[R_EAX]=00102844
EAX=00102844 EBX=00010000 ECX=000b8000 EDX=00000433
ESI=00000000 EDI=00000000 EBP=0012dd68 ESP=0012dd20
EIP=00101c7d EFL=00200283 [--S---C] CPL=0 II=0 A20=1 SMM=0 HLT=0
ES =0018 00000000 ffffffff 00cf9300 DPL=0 DS   [-WA]
CS =0010 00000000 ffffffff 00cf9a00 DPL=0 CS32 [-R-]
SS =0018 00000000 ffffffff 00cf9300 DPL=0 DS   [-WA]
DS =0018 00000000 ffffffff 00cf9300 DPL=0 DS   [-WA]
FS =0018 00000000 ffffffff 00cf9300 DPL=0 DS   [-WA]
GS =0018 00000000 ffffffff 00cf9300 DPL=0 DS   [-WA]
LDT=0000 00000000 0000ffff 00008200 DPL=0 LDT
TR =0000 00000000 0000ffff 00008b00 DPL=0 TSS32-busy
GDT=     000010b0 00000020
IDT=     001295e0 000007ff
CR0=00000011 CR2=00000000 CR3=00000000 CR4=00000000
DR0=00000000 DR1=00000000 DR2=00000000 DR3=00000000 
DR6=ffff0ff0 DR7=00000400
CCS=00000081 CCD=fffff492 CCO=EFLAGS
EFER=0000000000000000
Servicing hardware INT=0x20
   493: v=20 e=0000 i=0 cpl=0 IP=0010:00101268 pc=00101268 SP=0018:00103c5c env->regs[R_EAX]=00102844
EAX=00102844 EBX=001034e8 ECX=00000c68 EDX=001034ac
ESI=00102880 EDI=00000008 EBP=00103c94 ESP=00103c5c
EIP=00101268 EFL=00000216 [----AP-] CPL=0 II=0 A20=1 SMM=0 HLT=0
ES =0018 00000000 ffffffff 00cf9300 DPL=0 DS   [-WA]
CS =0010 00000000 ffffffff 00cf9a00 DPL=0 CS32 [-R-]
SS =0018 00000000 ffffffff 00cf9300 DPL=0 DS   [-WA]
DS =0018 00000000 ffffffff 00cf9300 DPL=0 DS   [-WA]
FS =0018 00000000 ffffffff 00cf9300 DPL=0 DS   [-WA]
GS =0018 00000000 ffffffff 00cf9300 DPL=0 DS   [-WA]
LDT=0000 00000000 0000ffff 00008200 DPL=0 LDT
TR =0000 00000000 0000ffff 00008b00 DPL=0 TSS32-busy
GDT=     000010b0 00000020
IDT=     001295e0 000007ff
CR0=00000011 CR2=00000000 CR3=00000000 CR4=00000000
DR0=00000000 DR1=00000000 DR2=00000000 DR3=00000000 
DR6=ffff0ff0 DR7=00000400
CCS=00000014 CCD=0000005a CCO=EFLAGS
EFER=0000000000000000
Servicing hardware INT=0x20
   494: v=20 e=0000 i=0 cpl=0 IP=0010:00100994 pc=00100994 SP=0018:001048d4 env->regs[R_EAX]=0000001c
EAX=0000001c EBX=00000000 ECX=00001900 EDX=00102844
ESI=001027c0 EDI=00000000 EBP=001048e4 ESP=001048d4
EIP=00100994 EFL=00000296 [--S-AP-] CPL=0 II=0 A20=1 SMM=0 HLT=0
ES =0018 00000000 ffffffff 00cf9300 DPL=0 DS   [-WA]
CS =0010 00000000 ffffffff 00cf9a00 DPL=0 CS32 [-R-]
SS =0018 00000000 ffffffff 00cf9300 DPL=0 DS   [-WA]
DS =0018 00000000 ffffffff 00cf9300 DPL=0 DS   [-WA]
FS =0018 00000000 ffffffff 00cf9300 DPL=0 DS   [-WA]
GS =0018 00000000 ffffffff 00cf9300 DPL=0 DS   [-WA]
LDT=0000 00000000 0000ffff 00008200 DPL=0 LDT
TR =0000 00000000 0000ffff 00008b00 DPL=0 TSS32-busy
GDT=     000010b0 00000020
IDT=     001295e0 000007ff
CR0=00000011 CR2=00000000 CR3=00000000 CR4=00000000
DR0=00000000 DR1=00000000 DR2=00000000 DR3=00000000 
DR6=ffff0ff0 DR7=00000400
CCS=00000094 CCD=ffffffff CCO=EFLAGS
EFER=0000000000000000
Servicing hardware INT=0x20
   495: v=20 e=0000 i=0 cpl=0 IP=0010:001019b8 pc=001019b8 SP=0018:0012dd64 env->regs[R_EAX]=001fb5f0
EAX=001fb5f0 EBX=006e96c2 ECX=003029f4 EDX=fd0cd7fc
ESI=0012dd78 EDI=00000000 EBP=0012dd68 ESP=0012dd64
EIP=001019b8 EFL=00200216 [----AP-] CPL=0 II=0 A20=1 SMM=0 HLT=0
ES =0018 00000000 ffffffff 00cf9300 DPL=0 DS   [-WA]
CS =0010 00000000 ffffffff 00cf9a00 DPL=0 CS32 [-R-]
SS =0018 00000000 ffffffff 00cf9300 DPL=0 DS   [-WA]
DS =0018 00000000 ffffffff 00cf9300 DPL=0 DS   [-WA]
FS =0018 00000000 ffffffff 00cf9300 DPL=0 DS   [-WA]
GS =0018 00000000 ffffffff 00cf9300 DPL=0 DS   [-WA]
LDT=0000 00000000 0000ffff 00008200 DPL=0 LDT
TR =0000 00000000 0000ffff 00008b00 DPL=0 TSS32-busy
GDT=     000010b0 00000020
IDT=     001295e0 000007ff
CR0=00000011 CR2=00000000 CR3=00000000 CR4=00000000
DR0=00000000 DR1=00000000 DR2=00000000 DR3=00000000 
DR6=ffff0ff0 DR7=00000400
CCS=00000014 CCD=001fb5f0 CCO=EFLAGS
EFER=0000000000000000
Servicing hardware INT=0x20
   496: v=20 e=0000 i=0 cpl=0 IP=0010:001011e2 pc=001011e2 SP=0018:00103c98 env->regs[R_EAX]=001011e2
EAX=001011e2 EBX=00100072 ECX=0000105e EDX=0000316f
ESI=0010006f EDI=00000000 EBP=00103cb4 ESP=00103c98
EIP=001011e2 EFL=00000206 [-----P-] CPL=0 II=0 A20=1 SMM=0 HLT=0
ES =0018 00000000 ffffffff 00cf9300 DPL=0 DS   [-WA]
CS =0010 00000000 ffffffff 00cf9a00 DPL=0 CS32 [-R-]
SS =0018 00000000 ffffffff 00cf9300 DPL=0 DS   [-WA]
DS =0018 00000000 ffffffff 00cf9300 DPL=0 DS   [-WA]
FS =0018 00000000 ffffffff 00cf9300 DPL=0 DS   [-WA]
GS =0018 00000000 ffffffff 00cf9300 DPL=0 DS   [-WA]
LDT=0000 00000000 0000ffff 00008200 DPL=0 LDT
TR =0000 00000000 0000ffff 00008b00 DPL=0 TSS32-busy
GDT=     000010b0 00000020
IDT=     001295e0 000007ff
CR0=00000011 CR2=00000000 CR3=00000000 CR4=00000000
DR0=00000000 DR1=00000000 DR2=00000000 DR3=00000000 
DR6=ffff0ff0 DR7=00000400
CCS=00000004 CCD=00103ca0 CCO=EFLAGS
EFER=0000000000000000
Servicing hardware INT=0x20
   497: v=20 e=0000 i=0 cpl=0 IP=0010:00100994 pc=00100994 SP=0018:001048d4 env->regs[R_EAX]=0000001c
EAX=0000001c EBX=00000000 ECX=00001900 EDX=00102844
ESI=001027c0 EDI=00000000 EBP=001048e4 ESP=001048d4
EIP=00100994 EFL=00000296 [--S-AP-] CPL=0 II=0 A20=1 SMM=0 HLT=0
ES =0018 00000000 ffffffff 00cf9300 DPL=0 DS   [-WA]
CS =0010 00000000 ffffffff 00cf9a00 DPL=0 CS32 [-R-]
SS =0018 00000000 ffffffff 00cf9300 DPL=0 DS   [-WA]
DS =0018 00000000 ffffffff 00cf9300 DPL=0 DS   [-WA]
FS =0018 00000000 ffffffff 00cf9300 DPL=0 DS   [-WA]
GS =0018 00000000 ffffffff 00cf9300 DPL=0 DS   [-WA]
LDT=0000 00000000 0000ffff 00008200 DPL=0 LDT
TR =0000 00000000 0000ffff 00008b00 DPL=0 TSS32-busy
GDT=     000010b0 00000020
IDT=     001295e0 000007ff
CR0=00000011 CR2=00000000 CR3=00000000 CR4=00000000
DR0=00000000 DR1=00000000 DR2=00000000 DR3=00000000 
DR6=ffff0ff0 DR7=00000400
CCS=00000094 CCD=ffffffff CCO=EFLAGS
EFER=0000000000000000
Servicing hardware INT=0x20
   498: v=20 e=0000 i=0 cpl=0 IP=0010:00101c4f pc=00101c4f SP=0018:0012dd20 env->regs[R_EAX]=00102844
EAX=00102844 EBX=00010000 ECX=00075300 EDX=000671c0
ESI=0012ddf4 EDI=00000000 EBP=0012dd68 ESP=0012dd20
EIP=00101c4f EFL=00200287 [--S--PC] CPL=0 II=0 A20=1 SMM=0 HLT=0
ES =0018 00000000 ffffffff 00cf9300 DPL=0 DS   [-WA]
CS =0010 00000000 ffffffff 00cf9a00 DPL=0 CS32 [-R-]
SS =0018 00000000 ffffffff 00cf9300 DPL=0 DS   [-WA]
DS =0018 00000000 ffffffff 00cf9300 DPL=0 DS   [-WA]
FS =0018 00000000 ffffffff 00cf9300 DPL=0 DS   [-WA]
GS =0018 00000000 ffffffff 00cf9300 DPL=0 DS   [-WA]
LDT=0000 00000000 0000ffff 00008200 DPL=0 LDT
TR =0000 00000000 0000ffff 00008b00 DPL=0 TSS32-busy
GDT=     000010b0 00000020
IDT=     001295e0 000007ff
CR0=00000011 CR2=00000000 CR3=00000000 CR4=00000000
DR0=00000000 DR1=00000000 DR2=00000000 DR3=00000000 
DR6=ffff0ff0 DR7=00000400
CCS=00000085 CCD=ffff1ec0 CCO=EFLAGS
EFER=0000000000000000
Servicing hardware INT=0x20
   499: v=20 e=0000 i=0 cpl=0 IP=0010:00101196 pc=00101196 SP=0018:00103c44 env->regs[R_EAX]=0000004e
EAX=0000004e EBX=00103d28 ECX=000000b2 EDX=0000d966
ESI=00102844 EDI=0000000b EBP=00103c54 ESP=00103c44
EIP=00101196 EFL=00000283 [--S---C] CPL=0 II=0 A20=1 SMM=0 HLT=0
ES =0018 00000000 ffffffff 00cf9300 DPL=0 DS   [-WA]
CS =0010 00000000 ffffffff 00cf9a00 DPL=0 CS32 [-R-]
SS =0018 00000000 ffffffff 00cf9300 DPL=0 DS   [-WA]
DS =0018 00000000 ffffffff 00cf9300 DPL=0 DS   [-WA]
FS =0018 00000000 ffffffff 00cf9300 DPL=0 DS   [-WA]
GS =0018 00000000 ffffffff 00cf9300 DPL=0 DS   [-WA]
LDT=0000 00000000 0000ffff 00008200 DPL=0 LDT
TR =0000 00000000 0000ffff 00008b00 DPL=0 TSS32-busy
GDT=     000010b0 00000020
IDT=     001295e0 000007ff
CR0=00000011 CR2=00000000 CR3=00000000 CR4=00000000
DR0=00000000 DR1=00000000 DR2=00000000 DR3=00000000 
DR6=ffff0ff0 DR7=00000400
CCS=00000081 CCD=fffffff1 CCO=EFLAGS
EFER=0000000000000000
Servicing hardware INT=0x20
   500: v=20 e=0000 i=0 cpl=0 IP=0010:00100994 pc=00100994 SP=0018:001048d4 env->regs[R_EAX]=0000001c
EAX=0000001c EBX=00000000 ECX=00001900 EDX=00102844
ESI=001027c0 EDI=00000000 EBP=001048e4 ESP=001048d4
EIP=00100994 EFL=00000296 [--S-AP-] CPL=0 II=0 A20=1 SMM=0 HLT=0
ES =0018 00000000 ffffffff 00cf9300 DPL=0 DS   [-WA]
CS =0010 00000000 ffffffff 00cf9a00 DPL=0 CS32 [-R-]
SS =0018 00000000 ffffffff 00cf9300 DPL=0 DS   [-WA]
DS =0018 00000000 ffffffff 00cf9300 DPL=0 DS   [-WA]
FS =0018 00000000 ffffffff 00cf9300 DPL=0 DS   [-WA]
GS =0018 00000000 ffffffff 00cf9300 DPL=0 DS   [-WA]
LDT=0000 00000000 0000ffff 00008200 DPL=0 LDT
TR =0000 00000000 0000ffff 00008b00 DPL=0 TSS32-busy
GDT=     000010b0 00000020
IDT=     001295e0 000007ff
CR0=00000011 CR2=00000000 CR3=00000000 CR4=00000000
DR0=00000000 DR1=00000000 DR2=00000000 DR3=00000000 
DR6=ffff0ff0 DR7=00000400
CCS=00000094 CCD=ffffffff CCO=EFLAGS
EFER=0000000000000000
Servicing hardware INT=0x20
   501: v=20 e=0000 i=0 cpl=0 IP=0010:001019b8 pc=001019b8 SP=0018:0012dd64 env->regs[R_EAX]=00204b7c
EAX=00204b7c EBX=006e96c2 ECX=003029f4 EDX=fd0d6d88
ESI=0012dd78 EDI=00000000 EBP=0012dd68 ESP=0012dd64
EIP=001019b8 EFL=00200202 [-------] CPL=0 II=0 A20=1 SMM=0 HLT=0
ES =0018 00000000 ffffffff 00cf9300 DPL=0 DS   [-WA]
CS =0010 00000000 ffffffff 00cf9a00 DPL=0 CS32 [-R-]
SS =0018 00000000 ffffffff 00cf9300 DPL=0 DS   [-WA]
DS =0018 00000000 ffffffff 00cf9300 DPL=0 DS   [-WA]
FS =0018 00000000 ffffffff 00cf9300 DPL=0 DS   [-WA]
GS =0018 00000000 ffffffff 00cf9300 DPL=0 DS   [-WA]
LDT=0000 00000000 0000ffff 00008200 DPL=0 LDT
TR =0000 00000000 0000ffff 00008b00 DPL=0 TSS32-busy
GDT=     000010b0 00000020
IDT=     001295e0 000007ff
CR0=00000011 CR2=00000000 CR3=00000000 CR4=00000000
DR0=00000000 DR1=00000000 DR2=00000000 DR3=00000000 
DR6=ffff0ff0 DR7=00000400
CCS=00000000 CCD=00204b7c CCO=EFLAGS
EFER=0000000000000000
Servicing hardware INT=0x20
   502: v=20 e=0000 i=0 cpl=0 IP=0010:001011e2 pc=001011e2 SP=0018:00103c98 env->regs[R_EAX]=001011e2
EAX=001011e2 EBX=00100074 ECX=00001074 EDX=00004f20
ESI=0010006f EDI=00000000 EBP=00103cb4 ESP=00103c98
EIP=001011e2 EFL=00000206 [-----P-] CPL=0 II=0 A20=1 SMM=0 HLT=0
ES =0018 00000000 ffffffff 00cf9300 DPL=0 DS   [-WA]
CS =0010 00000000 ffffffff 00cf9a00 DPL=0 CS32 [-R-]
SS =0018 00000000 ffffffff 00cf9300 DPL=0 DS   [-WA]
DS =0018 00000000 ffffffff 00cf9300 DPL=0 DS   [-WA]
FS =0018 00000000 ffffffff 00cf9300 DPL=0 DS   [-WA]
GS =0018 00000000 ffffffff 00cf9300 DPL=0 DS   [-WA]
LDT=0000 00000000 0000ffff 00008200 DPL=0 LDT
TR =0000 00000000 0000ffff 00008b00 DPL=0 TSS32-busy
GDT=     000010b0 00000020
IDT=     001295e0 000007ff
CR0=00000011 CR2=00000000 CR3=00000000 CR4=00000000
DR0=00000000 DR1=00000000 DR2=00000000 DR3=00000000 
DR6=ffff0ff0 DR7=00000400
CCS=00000004 CCD=00103ca0 CCO=EFLAGS
EFER=0000000000000000
Servicing hardware INT=0x20
   503: v=20 e=0000 i=0 cpl=0 IP=0010:00100994 pc=00100994 SP=0018:001048d4 env->regs[R_EAX]=0000001c
EAX=0000001c EBX=00000000 ECX=00001900 EDX=00102844
ESI=001027c0 EDI=00000000 EBP=001048e4 ESP=001048d4
EIP=00100994 EFL=00000296 [--S-AP-] CPL=0 II=0 A20=1 SMM=0 HLT=0
ES =0018 00000000 ffffffff 00cf9300 DPL=0 DS   [-WA]
CS =0010 00000000 ffffffff 00cf9a00 DPL=0 CS32 [-R-]
SS =0018 00000000 ffffffff 00cf9300 DPL=0 DS   [-WA]
DS =0018 00000000 ffffffff 00cf9300 DPL=0 DS   [-WA]
FS =0018 00000000 ffffffff 00cf9300 DPL=0 DS   [-WA]
GS =0018 00000000 ffffffff 00cf9300 DPL=0 DS   [-WA]
LDT=0000 00000000 0000ffff 00008200 DPL=0 LDT
TR =0000 00000000 0000ffff 00008b00 DPL=0 TSS32-busy
GDT=     000010b0 00000020
IDT=     001295e0 000007ff
CR0=00000011 CR2=00000000 CR3=00000000 CR4=00000000
DR0=00000000 DR1=00000000 DR2=00000000 DR3=00000000 
DR6=ffff0ff0 DR7=00000400
CCS=00000094 CCD=ffffffff CCO=EFLAGS
EFER=0000000000000000
Servicing hardware INT=0x20
   504: v=20 e=0000 i=0 cpl=0 IP=0010:00101c7d pc=00101c7d SP=0018:0012dd20 env->regs[R_EAX]=00102844
EAX=00102844 EBX=00010000 ECX=000b8000 EDX=00000047
ESI=00000000 EDI=00000000 EBP=0012dd68 ESP=0012dd20
EIP=00101c7d EFL=00200287 [--S--PC] CPL=0 II=0 A20=1 SMM=0 HLT=0
ES =0018 00000000 ffffffff 00cf9300 DPL=0 DS   [-WA]
CS =0010 00000000 ffffffff 00cf9a00 DPL=0 CS32 [-R-]
SS =0018 00000000 ffffffff 00cf9300 DPL=0 DS   [-WA]
DS =0018 00000000 ffffffff 00cf9300 DPL=0 DS   [-WA]
FS =0018 00000000 ffffffff 00cf9300 DPL=0 DS   [-WA]
GS =0018 00000000 ffffffff 00cf9300 DPL=0 DS   [-WA]
LDT=0000 00000000 0000ffff 00008200 DPL=0 LDT
TR =0000 00000000 0000ffff 00008b00 DPL=0 TSS32-busy
GDT=     000010b0 00000020
IDT=     001295e0 000007ff
CR0=00000011 CR2=00000000 CR3=00000000 CR4=00000000
DR0=00000000 DR1=00000000 DR2=00000000 DR3=00000000 
DR6=ffff0ff0 DR7=00000400
CCS=00000085 CCD=fffff0a6 CCO=EFLAGS
EFER=0000000000000000
Servicing hardware INT=0x20
   505: v=20 e=0000 i=0 cpl=0 IP=0010:00101304 pc=00101304 SP=0018:00103c9c env->regs[R_EAX]=00000011
EAX=00000011 EBX=00100072 ECX=00001064 EDX=0000a16f
ESI=0010006f EDI=00000000 EBP=00103cb4 ESP=00103c9c
EIP=00101304 EFL=00000246 [---Z-P-] CPL=0 II=0 A20=1 SMM=0 HLT=0
ES =0018 00000000 ffffffff 00cf9300 DPL=0 DS   [-WA]
CS =0010 00000000 ffffffff 00cf9a00 DPL=0 CS32 [-R-]
SS =0018 00000000 ffffffff 00cf9300 DPL=0 DS   [-WA]
DS =0018 00000000 ffffffff 00cf9300 DPL=0 DS   [-WA]
FS =0018 00000000 ffffffff 00cf9300 DPL=0 DS   [-WA]
GS =0018 00000000 ffffffff 00cf9300 DPL=0 DS   [-WA]
LDT=0000 00000000 0000ffff 00008200 DPL=0 LDT
TR =0000 00000000 0000ffff 00008b00 DPL=0 TSS32-busy
GDT=     000010b0 00000020
IDT=     001295e0 000007ff
CR0=00000011 CR2=00000000 CR3=00000000 CR4=00000000
DR0=00000000 DR1=00000000 DR2=00000000 DR3=00000000 
DR6=ffff0ff0 DR7=00000400
CCS=00000044 CCD=00000000 CCO=EFLAGS
EFER=0000000000000000
Servicing hardware INT=0x20
   506: v=20 e=0000 i=0 cpl=0 IP=0010:00100994 pc=00100994 SP=0018:001048d4 env->regs[R_EAX]=0000001c
EAX=0000001c EBX=00000000 ECX=00001900 EDX=00102844
ESI=001027c0 EDI=00000000 EBP=001048e4 ESP=001048d4
EIP=00100994 EFL=00000296 [--S-AP-] CPL=0 II=0 A20=1 SMM=0 HLT=0
ES =0018 00000000 ffffffff 00cf9300 DPL=0 DS   [-WA]
CS =0010 00000000 ffffffff 00cf9a00 DPL=0 CS32 [-R-]
SS =0018 00000000 ffffffff 00cf9300 DPL=0 DS   [-WA]
DS =0018 00000000 ffffffff 00cf9300 DPL=0 DS   [-WA]
FS =0018 00000000 ffffffff 00cf9300 DPL=0 DS   [-WA]
GS =0018 00000000 ffffffff 00cf9300 DPL=0 DS   [-WA]
LDT=0000 00000000 0000ffff 00008200 DPL=0 LDT
TR =0000 00000000 0000ffff 00008b00 DPL=0 TSS32-busy
GDT=     000010b0 00000020
IDT=     001295e0 000007ff
CR0=00000011 CR2=00000000 CR3=00000000 CR4=00000000
DR0=00000000 DR1=00000000 DR2=00000000 DR3=00000000 
DR6=ffff0ff0 DR7=00000400
CCS=00000094 CCD=ffffffff CCO=EFLAGS
EFER=0000000000000000
Servicing hardware INT=0x20
   507: v=20 e=0000 i=0 cpl=0 IP=0010:00101782 pc=00101782 SP=0018:0012dcd0 env->regs[R_EAX]=00000000
EAX=00000000 EBX=00000320 ECX=0000007f EDX=00000001
ESI=00000000 EDI=00178bf4 EBP=0012dd08 ESP=0012dcd0
EIP=00101782 EFL=00200246 [---Z-P-] CPL=0 II=0 A20=1 SMM=0 HLT=0
ES =0018 00000000 ffffffff 00cf9300 DPL=0 DS   [-WA]
CS =0010 00000000 ffffffff 00cf9a00 DPL=0 CS32 [-R-]
SS =0018 00000000 ffffffff 00cf9300 DPL=0 DS   [-WA]
DS =0018 00000000 ffffffff 00cf9300 DPL=0 DS   [-WA]
FS =0018 00000000 ffffffff 00cf9300 DPL=0 DS   [-WA]
GS =0018 00000000 ffffffff 00cf9300 DPL=0 DS   [-WA]
LDT=0000 00000000 0000ffff 00008200 DPL=0 LDT
TR =0000 00000000 0000ffff 00008b00 DPL=0 TSS32-busy
GDT=     000010b0 00000020
IDT=     001295e0 000007ff
CR0=00000011 CR2=00000000 CR3=00000000 CR4=00000000
DR0=00000000 DR1=00000000 DR2=00000000 DR3=00000000 
DR6=ffff0ff0 DR7=00000400
CCS=00000044 CCD=00000000 CCO=EFLAGS
EFER=0000000000000000
Servicing hardware INT=0x20
   508: v=20 e=0000 i=0 cpl=0 IP=0010:00101196 pc=00101196 SP=0018:00103c44 env->regs[R_EAX]=00000068
EAX=00000068 EBX=00103d28 ECX=000000d6 EDX=00003962
ESI=00102844 EDI=00000003 EBP=00103c54 ESP=00103c44
EIP=00101196 EFL=00000293 [--S-A-C] CPL=0 II=0 A20=1 SMM=0 HLT=0
ES =0018 00000000 ffffffff 00cf9300 DPL=0 DS   [-WA]
CS =0010 00000000 ffffffff 00cf9a00 DPL=0 CS32 [-R-]
SS =0018 00000000 ffffffff 00cf9300 DPL=0 DS   [-WA]
DS =0018 00000000 ffffffff 00cf9300 DPL=0 DS   [-WA]
FS =0018 00000000 ffffffff 00cf9300 DPL=0 DS   [-WA]
GS =0018 00000000 ffffffff 00cf9300 DPL=0 DS   [-WA]
LDT=0000 00000000 0000ffff 00008200 DPL=0 LDT
TR =0000 00000000 0000ffff 00008b00 DPL=0 TSS32-busy
GDT=     000010b0 00000020
IDT=     001295e0 000007ff
CR0=00000011 CR2=00000000 CR3=00000000 CR4=00000000
DR0=00000000 DR1=00000000 DR2=00000000 DR3=00000000 
DR6=ffff0ff0 DR7=00000400
CCS=00000091 CCD=ffffffe9 CCO=EFLAGS
EFER=0000000000000000
Servicing hardware INT=0x20
   509: v=20 e=0000 i=0 cpl=0 IP=0010:00100994 pc=00100994 SP=0018:001048d4 env->regs[R_EAX]=0000001c
EAX=0000001c EBX=00000000 ECX=00001900 EDX=00102844
ESI=001027c0 EDI=00000000 EBP=001048e4 ESP=001048d4
EIP=00100994 EFL=00000296 [--S-AP-] CPL=0 II=0 A20=1 SMM=0 HLT=0
ES =0018 00000000 ffffffff 00cf9300 DPL=0 DS   [-WA]
CS =0010 00000000 ffffffff 00cf9a00 DPL=0 CS32 [-R-]
SS =0018 00000000 ffffffff 00cf9300 DPL=0 DS   [-WA]
DS =0018 00000000 ffffffff 00cf9300 DPL=0 DS   [-WA]
FS =0018 00000000 ffffffff 00cf9300 DPL=0 DS   [-WA]
GS =0018 00000000 ffffffff 00cf9300 DPL=0 DS   [-WA]
LDT=0000 00000000 0000ffff 00008200 DPL=0 LDT
TR =0000 00000000 0000ffff 00008b00 DPL=0 TSS32-busy
GDT=     000010b0 00000020
IDT=     001295e0 000007ff
CR0=00000011 CR2=00000000 CR3=00000000 CR4=00000000
DR0=00000000 DR1=00000000 DR2=00000000 DR3=00000000 
DR6=ffff0ff0 DR7=00000400
CCS=00000094 CCD=ffffffff CCO=EFLAGS
EFER=0000000000000000
Servicing hardware INT=0x20
   510: v=20 e=0000 i=0 cpl=0 IP=0010:00101c7d pc=00101c7d SP=0018:0012dd20 env->regs[R_EAX]=00102844
EAX=00102844 EBX=00010000 ECX=000b8000 EDX=0000092d
ESI=00000000 EDI=00000000 EBP=0012dd68 ESP=0012dd20
EIP=00101c7d EFL=00200283 [--S---C] CPL=0 II=0 A20=1 SMM=0 HLT=0
ES =0018 00000000 ffffffff 00cf9300 DPL=0 DS   [-WA]
CS =0010 00000000 ffffffff 00cf9a00 DPL=0 CS32 [-R-]
SS =0018 00000000 ffffffff 00cf9300 DPL=0 DS   [-WA]
DS =0018 00000000 ffffffff 00cf9300 DPL=0 DS   [-WA]
FS =0018 00000000 ffffffff 00cf9300 DPL=0 DS   [-WA]
GS =0018 00000000 ffffffff 00cf9300 DPL=0 DS   [-WA]
LDT=0000 00000000 0000ffff 00008200 DPL=0 LDT
TR =0000 00000000 0000ffff 00008b00 DPL=0 TSS32-busy
GDT=     000010b0 00000020
IDT=     001295e0 000007ff
CR0=00000011 CR2=00000000 CR3=00000000 CR4=00000000
DR0=00000000 DR1=00000000 DR2=00000000 DR3=00000000 
DR6=ffff0ff0 DR7=00000400
CCS=00000081 CCD=fffff98c CCO=EFLAGS
EFER=0000000000000000
Servicing hardware INT=0x20
   511: v=20 e=0000 i=0 cpl=0 IP=0010:00101268 pc=00101268 SP=0018:00103c5c env->regs[R_EAX]=00102844
EAX=00102844 EBX=001034e8 ECX=00000c68 EDX=001034ac
ESI=00102880 EDI=00000019 EBP=00103c94 ESP=00103c5c
EIP=00101268 EFL=00000216 [----AP-] CPL=0 II=0 A20=1 SMM=0 HLT=0
ES =0018 00000000 ffffffff 00cf9300 DPL=0 DS   [-WA]
CS =0010 00000000 ffffffff 00cf9a00 DPL=0 CS32 [-R-]
SS =0018 00000000 ffffffff 00cf9300 DPL=0 DS   [-WA]
DS =0018 00000000 ffffffff 00cf9300 DPL=0 DS   [-WA]
FS =0018 00000000 ffffffff 00cf9300 DPL=0 DS   [-WA]
GS =0018 00000000 ffffffff 00cf9300 DPL=0 DS   [-WA]
LDT=0000 00000000 0000ffff 00008200 DPL=0 LDT
TR =0000 00000000 0000ffff 00008b00 DPL=0 TSS32-busy
GDT=     000010b0 00000020
IDT=     001295e0 000007ff
CR0=00000011 CR2=00000000 CR3=00000000 CR4=00000000
DR0=00000000 DR1=00000000 DR2=00000000 DR3=00000000 
DR6=ffff0ff0 DR7=00000400
CCS=00000014 CCD=00000018 CCO=EFLAGS
EFER=0000000000000000
Servicing hardware INT=0x20
   512: v=20 e=0000 i=0 cpl=0 IP=0010:00100994 pc=00100994 SP=0018:001048d4 env->regs[R_EAX]=0000001c
EAX=0000001c EBX=00000000 ECX=00001900 EDX=00102844
ESI=001027c0 EDI=00000000 EBP=001048e4 ESP=001048d4
EIP=00100994 EFL=00000296 [--S-AP-] CPL=0 II=0 A20=1 SMM=0 HLT=0
ES =0018 00000000 ffffffff 00cf9300 DPL=0 DS   [-WA]
CS =0010 00000000 ffffffff 00cf9a00 DPL=0 CS32 [-R-]
SS =0018 00000000 ffffffff 00cf9300 DPL=0 DS   [-WA]
DS =0018 00000000 ffffffff 00cf9300 DPL=0 DS   [-WA]
FS =0018 00000000 ffffffff 00cf9300 DPL=0 DS   [-WA]
GS =0018 00000000 ffffffff 00cf9300 DPL=0 DS   [-WA]
LDT=0000 00000000 0000ffff 00008200 DPL=0 LDT
TR =0000 00000000 0000ffff 00008b00 DPL=0 TSS32-busy
GDT=     000010b0 00000020
IDT=     001295e0 000007ff
CR0=00000011 CR2=00000000 CR3=00000000 CR4=00000000
DR0=00000000 DR1=00000000 DR2=00000000 DR3=00000000 
DR6=ffff0ff0 DR7=00000400
CCS=00000094 CCD=ffffffff CCO=EFLAGS
EFER=0000000000000000
Servicing hardware INT=0x20
   513: v=20 e=0000 i=0 cpl=0 IP=0010:00101c7d pc=00101c7d SP=0018:0012dd20 env->regs[R_EAX]=00102844
EAX=00102844 EBX=00010000 ECX=000b8000 EDX=00000001
ESI=00000000 EDI=00000000 EBP=0012dd68 ESP=0012dd20
EIP=00101c7d EFL=00200246 [---Z-P-] CPL=0 II=0 A20=1 SMM=0 HLT=0
ES =0018 00000000 ffffffff 00cf9300 DPL=0 DS   [-WA]
CS =0010 00000000 ffffffff 00cf9a00 DPL=0 CS32 [-R-]
SS =0018 00000000 ffffffff 00cf9300 DPL=0 DS   [-WA]
DS =0018 00000000 ffffffff 00cf9300 DPL=0 DS   [-WA]
FS =0018 00000000 ffffffff 00cf9300 DPL=0 DS   [-WA]
GS =0018 00000000 ffffffff 00cf9300 DPL=0 DS   [-WA]
LDT=0000 00000000 0000ffff 00008200 DPL=0 LDT
TR =0000 00000000 0000ffff 00008b00 DPL=0 TSS32-busy
GDT=     000010b0 00000020
IDT=     001295e0 000007ff
CR0=00000011 CR2=00000000 CR3=00000000 CR4=00000000
DR0=00000000 DR1=00000000 DR2=00000000 DR3=00000000 
DR6=ffff0ff0 DR7=00000400
CCS=00000044 CCD=00000000 CCO=EFLAGS
EFER=0000000000000000
Servicing hardware INT=0x20
   514: v=20 e=0000 i=0 cpl=0 IP=0010:001012eb pc=001012eb SP=0018:00103cb8 env->regs[R_EAX]=00104140
EAX=00104140 EBX=0012dd8c ECX=00001060 EDX=0000c972
ESI=0010006f EDI=00000000 EBP=00103cd4 ESP=00103cb8
EIP=001012eb EFL=00000282 [--S----] CPL=0 II=0 A20=1 SMM=0 HLT=0
ES =0018 00000000 ffffffff 00cf9300 DPL=0 DS   [-WA]
CS =0010 00000000 ffffffff 00cf9a00 DPL=0 CS32 [-R-]
SS =0018 00000000 ffffffff 00cf9300 DPL=0 DS   [-WA]
DS =0018 00000000 ffffffff 00cf9300 DPL=0 DS   [-WA]
FS =0018 00000000 ffffffff 00cf9300 DPL=0 DS   [-WA]
GS =0018 00000000 ffffffff 00cf9300 DPL=0 DS   [-WA]
LDT=0000 00000000 0000ffff 00008200 DPL=0 LDT
TR =0000 00000000 0000ffff 00008b00 DPL=0 TSS32-busy
GDT=     000010b0 00000020
IDT=     001295e0 000007ff
CR0=00000011 CR2=00000000 CR3=00000000 CR4=00000000
DR0=00000000 DR1=00000000 DR2=00000000 DR3=00000000 
DR6=ffff0ff0 DR7=00000400
CCS=00000080 CCD=000000cb CCO=EFLAGS
EFER=0000000000000000
Servicing hardware INT=0x20
   515: v=20 e=0000 i=0 cpl=0 IP=0010:00100994 pc=00100994 SP=0018:001048d4 env->regs[R_EAX]=0000001c
EAX=0000001c EBX=00000000 ECX=00001900 EDX=00102844
ESI=001027c0 EDI=00000000 EBP=001048e4 ESP=001048d4
EIP=00100994 EFL=00000296 [--S-AP-] CPL=0 II=0 A20=1 SMM=0 HLT=0
ES =0018 00000000 ffffffff 00cf9300 DPL=0 DS   [-WA]
CS =0010 00000000 ffffffff 00cf9a00 DPL=0 CS32 [-R-]
SS =0018 00000000 ffffffff 00cf9300 DPL=0 DS   [-WA]
DS =0018 00000000 ffffffff 00cf9300 DPL=0 DS   [-WA]
FS =0018 00000000 ffffffff 00cf9300 DPL=0 DS   [-WA]
GS =0018 00000000 ffffffff 00cf9300 DPL=0 DS   [-WA]
LDT=0000 00000000 0000ffff 00008200 DPL=0 LDT
TR =0000 00000000 0000ffff 00008b00 DPL=0 TSS32-busy
GDT=     000010b0 00000020
IDT=     001295e0 000007ff
CR0=00000011 CR2=00000000 CR3=00000000 CR4=00000000
DR0=00000000 DR1=00000000 DR2=00000000 DR3=00000000 
DR6=ffff0ff0 DR7=00000400
CCS=00000094 CCD=ffffffff CCO=EFLAGS
EFER=0000000000000000
Servicing hardware INT=0x20
   516: v=20 e=0000 i=0 cpl=0 IP=0010:00101c7d pc=00101c7d SP=0018:0012dd20 env->regs[R_EAX]=00102844
EAX=00102844 EBX=00010000 ECX=000b8000 EDX=00000e29
ESI=00000000 EDI=00000000 EBP=0012dd68 ESP=0012dd20
EIP=00101c7d EFL=00200287 [--S--PC] CPL=0 II=0 A20=1 SMM=0 HLT=0
ES =0018 00000000 ffffffff 00cf9300 DPL=0 DS   [-WA]
CS =0010 00000000 ffffffff 00cf9a00 DPL=0 CS32 [-R-]
SS =0018 00000000 ffffffff 00cf9300 DPL=0 DS   [-WA]
DS =0018 00000000 ffffffff 00cf9300 DPL=0 DS   [-WA]
FS =0018 00000000 ffffffff 00cf9300 DPL=0 DS   [-WA]
GS =0018 00000000 ffffffff 00cf9300 DPL=0 DS   [-WA]
LDT=0000 00000000 0000ffff 00008200 DPL=0 LDT
TR =0000 00000000 0000ffff 00008b00 DPL=0 TSS32-busy
GDT=     000010b0 00000020
IDT=     001295e0 000007ff
CR0=00000011 CR2=00000000 CR3=00000000 CR4=00000000
DR0=00000000 DR1=00000000 DR2=00000000 DR3=00000000 
DR6=ffff0ff0 DR7=00000400
CCS=00000085 CCD=fffffe88 CCO=EFLAGS
EFER=0000000000000000
Servicing hardware INT=0x20
   517: v=20 e=0000 i=0 cpl=0 IP=0010:00101196 pc=00101196 SP=0018:00103c44 env->regs[R_EAX]=00000068
EAX=00000068 EBX=00103d28 ECX=000000e4 EDX=0000976f
ESI=00102844 EDI=0000000a EBP=00103c54 ESP=00103c44
EIP=00101196 EFL=00000287 [--S--PC] CPL=0 II=0 A20=1 SMM=0 HLT=0
ES =0018 00000000 ffffffff 00cf9300 DPL=0 DS   [-WA]
CS =0010 00000000 ffffffff 00cf9a00 DPL=0 CS32 [-R-]
SS =0018 00000000 ffffffff 00cf9300 DPL=0 DS   [-WA]
DS =0018 00000000 ffffffff 00cf9300 DPL=0 DS   [-WA]
FS =0018 00000000 ffffffff 00cf9300 DPL=0 DS   [-WA]
GS =0018 00000000 ffffffff 00cf9300 DPL=0 DS   [-WA]
LDT=0000 00000000 0000ffff 00008200 DPL=0 LDT
TR =0000 00000000 0000ffff 00008b00 DPL=0 TSS32-busy
GDT=     000010b0 00000020
IDT=     001295e0 000007ff
CR0=00000011 CR2=00000000 CR3=00000000 CR4=00000000
DR0=00000000 DR1=00000000 DR2=00000000 DR3=00000000 
DR6=ffff0ff0 DR7=00000400
CCS=00000085 CCD=fffffff0 CCO=EFLAGS
EFER=0000000000000000
Servicing hardware INT=0x20
   518: v=20 e=0000 i=0 cpl=0 IP=0010:00100994 pc=00100994 SP=0018:001048d4 env->regs[R_EAX]=0000001c
EAX=0000001c EBX=00000000 ECX=00001900 EDX=00102844
ESI=001027c0 EDI=00000000 EBP=001048e4 ESP=001048d4
EIP=00100994 EFL=00000296 [--S-AP-] CPL=0 II=0 A20=1 SMM=0 HLT=0
ES =0018 00000000 ffffffff 00cf9300 DPL=0 DS   [-WA]
CS =0010 00000000 ffffffff 00cf9a00 DPL=0 CS32 [-R-]
SS =0018 00000000 ffffffff 00cf9300 DPL=0 DS   [-WA]
DS =0018 00000000 ffffffff 00cf9300 DPL=0 DS   [-WA]
FS =0018 00000000 ffffffff 00cf9300 DPL=0 DS   [-WA]
GS =0018 00000000 ffffffff 00cf9300 DPL=0 DS   [-WA]
LDT=0000 00000000 0000ffff 00008200 DPL=0 LDT
TR =0000 00000000 0000ffff 00008b00 DPL=0 TSS32-busy
GDT=     000010b0 00000020
IDT=     001295e0 000007ff
CR0=00000011 CR2=00000000 CR3=00000000 CR4=00000000
DR0=00000000 DR1=00000000 DR2=00000000 DR3=00000000 
DR6=ffff0ff0 DR7=00000400
CCS=00000094 CCD=ffffffff CCO=EFLAGS
EFER=0000000000000000
Servicing hardware INT=0x20
   519: v=20 e=0000 i=0 cpl=0 IP=0010:001016c3 pc=001016c3 SP=0018:0012dc9c env->regs[R_EAX]=0000dce0
EAX=0000dce0 EBX=00000320 ECX=00000007 EDX=00000006
ESI=00000002 EDI=00165174 EBP=0012dcc8 ESP=0012dc9c
EIP=001016c3 EFL=00200297 [--S-APC] CPL=0 II=0 A20=1 SMM=0 HLT=0
ES =0018 00000000 ffffffff 00cf9300 DPL=0 DS   [-WA]
CS =0010 00000000 ffffffff 00cf9a00 DPL=0 CS32 [-R-]
SS =0018 00000000 ffffffff 00cf9300 DPL=0 DS   [-WA]
DS =0018 00000000 ffffffff 00cf9300 DPL=0 DS   [-WA]
FS =0018 00000000 ffffffff 00cf9300 DPL=0 DS   [-WA]
GS =0018 00000000 ffffffff 00cf9300 DPL=0 DS   [-WA]
LDT=0000 00000000 0000ffff 00008200 DPL=0 LDT
TR =0000 00000000 0000ffff 00008b00 DPL=0 TSS32-busy
GDT=     000010b0 00000020
IDT=     001295e0 000007ff
CR0=00000011 CR2=00000000 CR3=00000000 CR4=00000000
DR0=00000000 DR1=00000000 DR2=00000000 DR3=00000000 
DR6=ffff0ff0 DR7=00000400
CCS=00000095 CCD=ffffffff CCO=EFLAGS
EFER=0000000000000000
Servicing hardware INT=0x20
   520: v=20 e=0000 i=0 cpl=0 IP=0010:001011e2 pc=001011e2 SP=0018:00103c98 env->regs[R_EAX]=001011e2
EAX=001011e2 EBX=00100072 ECX=00001058 EDX=0000636f
ESI=0010006f EDI=00000000 EBP=00103cb4 ESP=00103c98
EIP=001011e2 EFL=00000206 [-----P-] CPL=0 II=0 A20=1 SMM=0 HLT=0
ES =0018 00000000 ffffffff 00cf9300 DPL=0 DS   [-WA]
CS =0010 00000000 ffffffff 00cf9a00 DPL=0 CS32 [-R-]
SS =0018 00000000 ffffffff 00cf9300 DPL=0 DS   [-WA]
DS =0018 00000000 ffffffff 00cf9300 DPL=0 DS   [-WA]
FS =0018 00000000 ffffffff 00cf9300 DPL=0 DS   [-WA]
GS =0018 00000000 ffffffff 00cf9300 DPL=0 DS   [-WA]
LDT=0000 00000000 0000ffff 00008200 DPL=0 LDT
TR =0000 00000000 0000ffff 00008b00 DPL=0 TSS32-busy
GDT=     000010b0 00000020
IDT=     001295e0 000007ff
CR0=00000011 CR2=00000000 CR3=00000000 CR4=00000000
DR0=00000000 DR1=00000000 DR2=00000000 DR3=00000000 
DR6=ffff0ff0 DR7=00000400
CCS=00000004 CCD=00103ca0 CCO=EFLAGS
EFER=0000000000000000
Servicing hardware INT=0x20
   521: v=20 e=0000 i=0 cpl=0 IP=0010:00100994 pc=00100994 SP=0018:001048d4 env->regs[R_EAX]=0000001c
EAX=0000001c EBX=00000000 ECX=00001900 EDX=00102844
ESI=001027c0 EDI=00000000 EBP=001048e4 ESP=001048d4
EIP=00100994 EFL=00000296 [--S-AP-] CPL=0 II=0 A20=1 SMM=0 HLT=0
ES =0018 00000000 ffffffff 00cf9300 DPL=0 DS   [-WA]
CS =0010 00000000 ffffffff 00cf9a00 DPL=0 CS32 [-R-]
SS =0018 00000000 ffffffff 00cf9300 DPL=0 DS   [-WA]
DS =0018 00000000 ffffffff 00cf9300 DPL=0 DS   [-WA]
FS =0018 00000000 ffffffff 00cf9300 DPL=0 DS   [-WA]
GS =0018 00000000 ffffffff 00cf9300 DPL=0 DS   [-WA]
LDT=0000 00000000 0000ffff 00008200 DPL=0 LDT
TR =0000 00000000 0000ffff 00008b00 DPL=0 TSS32-busy
GDT=     000010b0 00000020
IDT=     001295e0 000007ff
CR0=00000011 CR2=00000000 CR3=00000000 CR4=00000000
DR0=00000000 DR1=00000000 DR2=00000000 DR3=00000000 
DR6=ffff0ff0 DR7=00000400
CCS=00000094 CCD=ffffffff CCO=EFLAGS
EFER=0000000000000000
Servicing hardware INT=0x20
   522: v=20 e=0000 i=0 cpl=0 IP=0010:00101c4f pc=00101c4f SP=0018:0012dd20 env->regs[R_EAX]=00102844
EAX=00102844 EBX=00010000 ECX=00075300 EDX=00054025
ESI=0012ddf4 EDI=00000000 EBP=0012dd68 ESP=0012dd20
EIP=00101c4f EFL=00200283 [--S---C] CPL=0 II=0 A20=1 SMM=0 HLT=0
ES =0018 00000000 ffffffff 00cf9300 DPL=0 DS   [-WA]
CS =0010 00000000 ffffffff 00cf9a00 DPL=0 CS32 [-R-]
SS =0018 00000000 ffffffff 00cf9300 DPL=0 DS   [-WA]
DS =0018 00000000 ffffffff 00cf9300 DPL=0 DS   [-WA]
FS =0018 00000000 ffffffff 00cf9300 DPL=0 DS   [-WA]
GS =0018 00000000 ffffffff 00cf9300 DPL=0 DS   [-WA]
LDT=0000 00000000 0000ffff 00008200 DPL=0 LDT
TR =0000 00000000 0000ffff 00008b00 DPL=0 TSS32-busy
GDT=     000010b0 00000020
IDT=     001295e0 000007ff
CR0=00000011 CR2=00000000 CR3=00000000 CR4=00000000
DR0=00000000 DR1=00000000 DR2=00000000 DR3=00000000 
DR6=ffff0ff0 DR7=00000400
CCS=00000081 CCD=fffded25 CCO=EFLAGS
EFER=0000000000000000
Servicing hardware INT=0x20
   523: v=20 e=0000 i=0 cpl=0 IP=0010:001012a5 pc=001012a5 SP=0018:00103c5c env->regs[R_EAX]=00000005
EAX=00000005 EBX=001034e8 ECX=0000104c EDX=00008562
ESI=00102880 EDI=00000062 EBP=00103c94 ESP=00103c5c
EIP=001012a5 EFL=00000293 [--S-A-C] CPL=0 II=0 A20=1 SMM=0 HLT=0
ES =0018 00000000 ffffffff 00cf9300 DPL=0 DS   [-WA]
CS =0010 00000000 ffffffff 00cf9a00 DPL=0 CS32 [-R-]
SS =0018 00000000 ffffffff 00cf9300 DPL=0 DS   [-WA]
DS =0018 00000000 ffffffff 00cf9300 DPL=0 DS   [-WA]
FS =0018 00000000 ffffffff 00cf9300 DPL=0 DS   [-WA]
GS =0018 00000000 ffffffff 00cf9300 DPL=0 DS   [-WA]
LDT=0000 00000000 0000ffff 00008200 DPL=0 LDT
TR =0000 00000000 0000ffff 00008b00 DPL=0 TSS32-busy
GDT=     000010b0 00000020
IDT=     001295e0 000007ff
CR0=00000011 CR2=00000000 CR3=00000000 CR4=00000000
DR0=00000000 DR1=00000000 DR2=00000000 DR3=00000000 
DR6=ffff0ff0 DR7=00000400
CCS=00000091 CCD=ffffffec CCO=EFLAGS
EFER=0000000000000000
Servicing hardware INT=0x20
   524: v=20 e=0000 i=0 cpl=0 IP=0010:00100994 pc=00100994 SP=0018:001048d4 env->regs[R_EAX]=0000001c
EAX=0000001c EBX=00000000 ECX=00001900 EDX=00102844
ESI=001027c0 EDI=00000000 EBP=001048e4 ESP=001048d4
EIP=00100994 EFL=00000296 [--S-AP-] CPL=0 II=0 A20=1 SMM=0 HLT=0
ES =0018 00000000 ffffffff 00cf9300 DPL=0 DS   [-WA]
CS =0010 00000000 ffffffff 00cf9a00 DPL=0 CS32 [-R-]
SS =0018 00000000 ffffffff 00cf9300 DPL=0 DS   [-WA]
DS =0018 00000000 ffffffff 00cf9300 DPL=0 DS   [-WA]
FS =0018 00000000 ffffffff 00cf9300 DPL=0 DS   [-WA]
GS =0018 00000000 ffffffff 00cf9300 DPL=0 DS   [-WA]
LDT=0000 00000000 0000ffff 00008200 DPL=0 LDT
TR =0000 00000000 0000ffff 00008b00 DPL=0 TSS32-busy
GDT=     000010b0 00000020
IDT=     001295e0 000007ff
CR0=00000011 CR2=00000000 CR3=00000000 CR4=00000000
DR0=00000000 DR1=00000000 DR2=00000000 DR3=00000000 
DR6=ffff0ff0 DR7=00000400
CCS=00000094 CCD=ffffffff CCO=EFLAGS
EFER=0000000000000000
Servicing hardware INT=0x20
   525: v=20 e=0000 i=0 cpl=0 IP=0010:00101761 pc=00101761 SP=0018:0012dce0 env->regs[R_EAX]=0001bd28
EAX=0001bd28 EBX=00000320 ECX=007f7f00 EDX=00000001
ESI=00000002 EDI=0019d294 EBP=0012dd08 ESP=0012dce0
EIP=00101761 EFL=00200297 [--S-APC] CPL=0 II=0 A20=1 SMM=0 HLT=0
ES =0018 00000000 ffffffff 00cf9300 DPL=0 DS   [-WA]
CS =0010 00000000 ffffffff 00cf9a00 DPL=0 CS32 [-R-]
SS =0018 00000000 ffffffff 00cf9300 DPL=0 DS   [-WA]
DS =0018 00000000 ffffffff 00cf9300 DPL=0 DS   [-WA]
FS =0018 00000000 ffffffff 00cf9300 DPL=0 DS   [-WA]
GS =0018 00000000 ffffffff 00cf9300 DPL=0 DS   [-WA]
LDT=0000 00000000 0000ffff 00008200 DPL=0 LDT
TR =0000 00000000 0000ffff 00008b00 DPL=0 TSS32-busy
GDT=     000010b0 00000020
IDT=     001295e0 000007ff
CR0=00000011 CR2=00000000 CR3=00000000 CR4=00000000
DR0=00000000 DR1=00000000 DR2=00000000 DR3=00000000 
DR6=ffff0ff0 DR7=00000400
CCS=00000095 CCD=fffffff9 CCO=EFLAGS
EFER=0000000000000000
Servicing hardware INT=0x20
   526: v=20 e=0000 i=0 cpl=0 IP=0010:00101196 pc=00101196 SP=0018:00103c44 env->regs[R_EAX]=000001d4
EAX=000001d4 EBX=00103d28 ECX=000003cc EDX=00008f72
ESI=00102844 EDI=00000012 EBP=00103c54 ESP=00103c44
EIP=00101196 EFL=00000293 [--S-A-C] CPL=0 II=0 A20=1 SMM=0 HLT=0
ES =0018 00000000 ffffffff 00cf9300 DPL=0 DS   [-WA]
CS =0010 00000000 ffffffff 00cf9a00 DPL=0 CS32 [-R-]
SS =0018 00000000 ffffffff 00cf9300 DPL=0 DS   [-WA]
DS =0018 00000000 ffffffff 00cf9300 DPL=0 DS   [-WA]
FS =0018 00000000 ffffffff 00cf9300 DPL=0 DS   [-WA]
GS =0018 00000000 ffffffff 00cf9300 DPL=0 DS   [-WA]
LDT=0000 00000000 0000ffff 00008200 DPL=0 LDT
TR =0000 00000000 0000ffff 00008b00 DPL=0 TSS32-busy
GDT=     000010b0 00000020
IDT=     001295e0 000007ff
CR0=00000011 CR2=00000000 CR3=00000000 CR4=00000000
DR0=00000000 DR1=00000000 DR2=00000000 DR3=00000000 
DR6=ffff0ff0 DR7=00000400
CCS=00000091 CCD=fffffff8 CCO=EFLAGS
EFER=0000000000000000
Servicing hardware INT=0x20
   527: v=20 e=0000 i=0 cpl=0 IP=0010:00100994 pc=00100994 SP=0018:001048d4 env->regs[R_EAX]=0000001c
EAX=0000001c EBX=00000000 ECX=00001900 EDX=00102844
ESI=001027c0 EDI=00000000 EBP=001048e4 ESP=001048d4
EIP=00100994 EFL=00000296 [--S-AP-] CPL=0 II=0 A20=1 SMM=0 HLT=0
ES =0018 00000000 ffffffff 00cf9300 DPL=0 DS   [-WA]
CS =0010 00000000 ffffffff 00cf9a00 DPL=0 CS32 [-R-]
SS =0018 00000000 ffffffff 00cf9300 DPL=0 DS   [-WA]
DS =0018 00000000 ffffffff 00cf9300 DPL=0 DS   [-WA]
FS =0018 00000000 ffffffff 00cf9300 DPL=0 DS   [-WA]
GS =0018 00000000 ffffffff 00cf9300 DPL=0 DS   [-WA]
LDT=0000 00000000 0000ffff 00008200 DPL=0 LDT
TR =0000 00000000 0000ffff 00008b00 DPL=0 TSS32-busy
GDT=     000010b0 00000020
IDT=     001295e0 000007ff
CR0=00000011 CR2=00000000 CR3=00000000 CR4=00000000
DR0=00000000 DR1=00000000 DR2=00000000 DR3=00000000 
DR6=ffff0ff0 DR7=00000400
CCS=00000094 CCD=ffffffff CCO=EFLAGS
EFER=0000000000000000
Servicing hardware INT=0x20
   528: v=20 e=0000 i=0 cpl=0 IP=0010:001019b8 pc=001019b8 SP=0018:0012dd64 env->regs[R_EAX]=00269c3c
EAX=00269c3c EBX=006e96c2 ECX=003029f4 EDX=fd13be48
ESI=0012dd78 EDI=00000000 EBP=0012dd68 ESP=0012dd64
EIP=001019b8 EFL=00200206 [-----P-] CPL=0 II=0 A20=1 SMM=0 HLT=0
ES =0018 00000000 ffffffff 00cf9300 DPL=0 DS   [-WA]
CS =0010 00000000 ffffffff 00cf9a00 DPL=0 CS32 [-R-]
SS =0018 00000000 ffffffff 00cf9300 DPL=0 DS   [-WA]
DS =0018 00000000 ffffffff 00cf9300 DPL=0 DS   [-WA]
FS =0018 00000000 ffffffff 00cf9300 DPL=0 DS   [-WA]
GS =0018 00000000 ffffffff 00cf9300 DPL=0 DS   [-WA]
LDT=0000 00000000 0000ffff 00008200 DPL=0 LDT
TR =0000 00000000 0000ffff 00008b00 DPL=0 TSS32-busy
GDT=     000010b0 00000020
IDT=     001295e0 000007ff
CR0=00000011 CR2=00000000 CR3=00000000 CR4=00000000
DR0=00000000 DR1=00000000 DR2=00000000 DR3=00000000 
DR6=ffff0ff0 DR7=00000400
CCS=00000004 CCD=00269c3c CCO=EFLAGS
EFER=0000000000000000
Servicing hardware INT=0x20
   529: v=20 e=0000 i=0 cpl=0 IP=0010:001011e2 pc=001011e2 SP=0018:00103c98 env->regs[R_EAX]=001011e2
EAX=001011e2 EBX=00100071 ECX=00001060 EDX=0000bd66
ESI=0010006f EDI=00000000 EBP=00103cb4 ESP=00103c98
EIP=001011e2 EFL=00000206 [-----P-] CPL=0 II=0 A20=1 SMM=0 HLT=0
ES =0018 00000000 ffffffff 00cf9300 DPL=0 DS   [-WA]
CS =0010 00000000 ffffffff 00cf9a00 DPL=0 CS32 [-R-]
SS =0018 00000000 ffffffff 00cf9300 DPL=0 DS   [-WA]
DS =0018 00000000 ffffffff 00cf9300 DPL=0 DS   [-WA]
FS =0018 00000000 ffffffff 00cf9300 DPL=0 DS   [-WA]
GS =0018 00000000 ffffffff 00cf9300 DPL=0 DS   [-WA]
LDT=0000 00000000 0000ffff 00008200 DPL=0 LDT
TR =0000 00000000 0000ffff 00008b00 DPL=0 TSS32-busy
GDT=     000010b0 00000020
IDT=     001295e0 000007ff
CR0=00000011 CR2=00000000 CR3=00000000 CR4=00000000
DR0=00000000 DR1=00000000 DR2=00000000 DR3=00000000 
DR6=ffff0ff0 DR7=00000400
CCS=00000004 CCD=00103ca0 CCO=EFLAGS
EFER=0000000000000000
Servicing hardware INT=0x20
   530: v=20 e=0000 i=0 cpl=0 IP=0010:00100994 pc=00100994 SP=0018:001048d4 env->regs[R_EAX]=0000001c
EAX=0000001c EBX=00000000 ECX=00001900 EDX=00102844
ESI=001027c0 EDI=00000000 EBP=001048e4 ESP=001048d4
EIP=00100994 EFL=00000296 [--S-AP-] CPL=0 II=0 A20=1 SMM=0 HLT=0
ES =0018 00000000 ffffffff 00cf9300 DPL=0 DS   [-WA]
CS =0010 00000000 ffffffff 00cf9a00 DPL=0 CS32 [-R-]
SS =0018 00000000 ffffffff 00cf9300 DPL=0 DS   [-WA]
DS =0018 00000000 ffffffff 00cf9300 DPL=0 DS   [-WA]
FS =0018 00000000 ffffffff 00cf9300 DPL=0 DS   [-WA]
GS =0018 00000000 ffffffff 00cf9300 DPL=0 DS   [-WA]
LDT=0000 00000000 0000ffff 00008200 DPL=0 LDT
TR =0000 00000000 0000ffff 00008b00 DPL=0 TSS32-busy
GDT=     000010b0 00000020
IDT=     001295e0 000007ff
CR0=00000011 CR2=00000000 CR3=00000000 CR4=00000000
DR0=00000000 DR1=00000000 DR2=00000000 DR3=00000000 
DR6=ffff0ff0 DR7=00000400
CCS=00000094 CCD=ffffffff CCO=EFLAGS
EFER=0000000000000000
Servicing hardware INT=0x20
   531: v=20 e=0000 i=0 cpl=0 IP=0010:001019b8 pc=001019b8 SP=0018:0012dd64 env->regs[R_EAX]=0023de38
EAX=0023de38 EBX=006e96c2 ECX=003029f4 EDX=fd110044
ESI=0012dd78 EDI=00000000 EBP=0012dd68 ESP=0012dd64
EIP=001019b8 EFL=00200202 [-------] CPL=0 II=0 A20=1 SMM=0 HLT=0
ES =0018 00000000 ffffffff 00cf9300 DPL=0 DS   [-WA]
CS =0010 00000000 ffffffff 00cf9a00 DPL=0 CS32 [-R-]
SS =0018 00000000 ffffffff 00cf9300 DPL=0 DS   [-WA]
DS =0018 00000000 ffffffff 00cf9300 DPL=0 DS   [-WA]
FS =0018 00000000 ffffffff 00cf9300 DPL=0 DS   [-WA]
GS =0018 00000000 ffffffff 00cf9300 DPL=0 DS   [-WA]
LDT=0000 00000000 0000ffff 00008200 DPL=0 LDT
TR =0000 00000000 0000ffff 00008b00 DPL=0 TSS32-busy
GDT=     000010b0 00000020
IDT=     001295e0 000007ff
CR0=00000011 CR2=00000000 CR3=00000000 CR4=00000000
DR0=00000000 DR1=00000000 DR2=00000000 DR3=00000000 
DR6=ffff0ff0 DR7=00000400
CCS=00000000 CCD=0023de38 CCO=EFLAGS
EFER=0000000000000000
Servicing hardware INT=0x20
   532: v=20 e=0000 i=0 cpl=0 IP=0010:001011e2 pc=001011e2 SP=0018:00103c98 env->regs[R_EAX]=001011e2
EAX=001011e2 EBX=00100071 ECX=00001066 EDX=00005f66
ESI=0010006f EDI=00000000 EBP=00103cb4 ESP=00103c98
EIP=001011e2 EFL=00000206 [-----P-] CPL=0 II=0 A20=1 SMM=0 HLT=0
ES =0018 00000000 ffffffff 00cf9300 DPL=0 DS   [-WA]
CS =0010 00000000 ffffffff 00cf9a00 DPL=0 CS32 [-R-]
SS =0018 00000000 ffffffff 00cf9300 DPL=0 DS   [-WA]
DS =0018 00000000 ffffffff 00cf9300 DPL=0 DS   [-WA]
FS =0018 00000000 ffffffff 00cf9300 DPL=0 DS   [-WA]
GS =0018 00000000 ffffffff 00cf9300 DPL=0 DS   [-WA]
LDT=0000 00000000 0000ffff 00008200 DPL=0 LDT
TR =0000 00000000 0000ffff 00008b00 DPL=0 TSS32-busy
GDT=     000010b0 00000020
IDT=     001295e0 000007ff
CR0=00000011 CR2=00000000 CR3=00000000 CR4=00000000
DR0=00000000 DR1=00000000 DR2=00000000 DR3=00000000 
DR6=ffff0ff0 DR7=00000400
CCS=00000004 CCD=00103ca0 CCO=EFLAGS
EFER=0000000000000000
Servicing hardware INT=0x20
   533: v=20 e=0000 i=0 cpl=0 IP=0010:00100994 pc=00100994 SP=0018:001048d4 env->regs[R_EAX]=0000001c
EAX=0000001c EBX=00000000 ECX=00001900 EDX=00102844
ESI=001027c0 EDI=00000000 EBP=001048e4 ESP=001048d4
EIP=00100994 EFL=00000296 [--S-AP-] CPL=0 II=0 A20=1 SMM=0 HLT=0
ES =0018 00000000 ffffffff 00cf9300 DPL=0 DS   [-WA]
CS =0010 00000000 ffffffff 00cf9a00 DPL=0 CS32 [-R-]
SS =0018 00000000 ffffffff 00cf9300 DPL=0 DS   [-WA]
DS =0018 00000000 ffffffff 00cf9300 DPL=0 DS   [-WA]
FS =0018 00000000 ffffffff 00cf9300 DPL=0 DS   [-WA]
GS =0018 00000000 ffffffff 00cf9300 DPL=0 DS   [-WA]
LDT=0000 00000000 0000ffff 00008200 DPL=0 LDT
TR =0000 00000000 0000ffff 00008b00 DPL=0 TSS32-busy
GDT=     000010b0 00000020
IDT=     001295e0 000007ff
CR0=00000011 CR2=00000000 CR3=00000000 CR4=00000000
DR0=00000000 DR1=00000000 DR2=00000000 DR3=00000000 
DR6=ffff0ff0 DR7=00000400
CCS=00000094 CCD=ffffffff CCO=EFLAGS
EFER=0000000000000000
Servicing hardware INT=0x20
   534: v=20 e=0000 i=0 cpl=0 IP=0010:00101c4f pc=00101c4f SP=0018:0012dd20 env->regs[R_EAX]=00102844
EAX=00102844 EBX=00010000 ECX=00075300 EDX=0003199b
ESI=0012ddf4 EDI=00000000 EBP=0012dd68 ESP=0012dd20
EIP=00101c4f EFL=00200283 [--S---C] CPL=0 II=0 A20=1 SMM=0 HLT=0
ES =0018 00000000 ffffffff 00cf9300 DPL=0 DS   [-WA]
CS =0010 00000000 ffffffff 00cf9a00 DPL=0 CS32 [-R-]
SS =0018 00000000 ffffffff 00cf9300 DPL=0 DS   [-WA]
DS =0018 00000000 ffffffff 00cf9300 DPL=0 DS   [-WA]
FS =0018 00000000 ffffffff 00cf9300 DPL=0 DS   [-WA]
GS =0018 00000000 ffffffff 00cf9300 DPL=0 DS   [-WA]
LDT=0000 00000000 0000ffff 00008200 DPL=0 LDT
TR =0000 00000000 0000ffff 00008b00 DPL=0 TSS32-busy
GDT=     000010b0 00000020
IDT=     001295e0 000007ff
CR0=00000011 CR2=00000000 CR3=00000000 CR4=00000000
DR0=00000000 DR1=00000000 DR2=00000000 DR3=00000000 
DR6=ffff0ff0 DR7=00000400
CCS=00000081 CCD=fffbc69b CCO=EFLAGS
EFER=0000000000000000
Servicing hardware INT=0x20
   535: v=20 e=0000 i=0 cpl=0 IP=0010:00101268 pc=00101268 SP=0018:00103c5c env->regs[R_EAX]=00102844
EAX=00102844 EBX=001034e8 ECX=00000c68 EDX=001034ac
ESI=00102880 EDI=00000004 EBP=00103c94 ESP=00103c5c
EIP=00101268 EFL=00000202 [-------] CPL=0 II=0 A20=1 SMM=0 HLT=0
ES =0018 00000000 ffffffff 00cf9300 DPL=0 DS   [-WA]
CS =0010 00000000 ffffffff 00cf9a00 DPL=0 CS32 [-R-]
SS =0018 00000000 ffffffff 00cf9300 DPL=0 DS   [-WA]
DS =0018 00000000 ffffffff 00cf9300 DPL=0 DS   [-WA]
FS =0018 00000000 ffffffff 00cf9300 DPL=0 DS   [-WA]
GS =0018 00000000 ffffffff 00cf9300 DPL=0 DS   [-WA]
LDT=0000 00000000 0000ffff 00008200 DPL=0 LDT
TR =0000 00000000 0000ffff 00008b00 DPL=0 TSS32-busy
GDT=     000010b0 00000020
IDT=     001295e0 000007ff
CR0=00000011 CR2=00000000 CR3=00000000 CR4=00000000
DR0=00000000 DR1=00000000 DR2=00000000 DR3=00000000 
DR6=ffff0ff0 DR7=00000400
CCS=00000000 CCD=00000067 CCO=EFLAGS
EFER=0000000000000000
Servicing hardware INT=0x20
   536: v=20 e=0000 i=0 cpl=0 IP=0010:00100994 pc=00100994 SP=0018:001048d4 env->regs[R_EAX]=0000001c
EAX=0000001c EBX=00000000 ECX=00001900 EDX=00102844
ESI=001027c0 EDI=00000000 EBP=001048e4 ESP=001048d4
EIP=00100994 EFL=00000296 [--S-AP-] CPL=0 II=0 A20=1 SMM=0 HLT=0
ES =0018 00000000 ffffffff 00cf9300 DPL=0 DS   [-WA]
CS =0010 00000000 ffffffff 00cf9a00 DPL=0 CS32 [-R-]
SS =0018 00000000 ffffffff 00cf9300 DPL=0 DS   [-WA]
DS =0018 00000000 ffffffff 00cf9300 DPL=0 DS   [-WA]
FS =0018 00000000 ffffffff 00cf9300 DPL=0 DS   [-WA]
GS =0018 00000000 ffffffff 00cf9300 DPL=0 DS   [-WA]
LDT=0000 00000000 0000ffff 00008200 DPL=0 LDT
TR =0000 00000000 0000ffff 00008b00 DPL=0 TSS32-busy
GDT=     000010b0 00000020
IDT=     001295e0 000007ff
CR0=00000011 CR2=00000000 CR3=00000000 CR4=00000000
DR0=00000000 DR1=00000000 DR2=00000000 DR3=00000000 
DR6=ffff0ff0 DR7=00000400
CCS=00000094 CCD=ffffffff CCO=EFLAGS
EFER=0000000000000000
Servicing hardware INT=0x20
   537: v=20 e=0000 i=0 cpl=0 IP=0010:00101761 pc=00101761 SP=0018:0012dce0 env->regs[R_EAX]=00009630
EAX=00009630 EBX=00000320 ECX=00000000 EDX=00000002
ESI=00000008 EDI=001536b4 EBP=0012dd08 ESP=0012dce0
EIP=00101761 EFL=00200297 [--S-APC] CPL=0 II=0 A20=1 SMM=0 HLT=0
ES =0018 00000000 ffffffff 00cf9300 DPL=0 DS   [-WA]
CS =0010 00000000 ffffffff 00cf9a00 DPL=0 CS32 [-R-]
SS =0018 00000000 ffffffff 00cf9300 DPL=0 DS   [-WA]
DS =0018 00000000 ffffffff 00cf9300 DPL=0 DS   [-WA]
FS =0018 00000000 ffffffff 00cf9300 DPL=0 DS   [-WA]
GS =0018 00000000 ffffffff 00cf9300 DPL=0 DS   [-WA]
LDT=0000 00000000 0000ffff 00008200 DPL=0 LDT
TR =0000 00000000 0000ffff 00008b00 DPL=0 TSS32-busy
GDT=     000010b0 00000020
IDT=     001295e0 000007ff
CR0=00000011 CR2=00000000 CR3=00000000 CR4=00000000
DR0=00000000 DR1=00000000 DR2=00000000 DR3=00000000 
DR6=ffff0ff0 DR7=00000400
CCS=00000095 CCD=fffffffa CCO=EFLAGS
EFER=0000000000000000
Servicing hardware INT=0x20
   538: v=20 e=0000 i=0 cpl=0 IP=0010:00101196 pc=00101196 SP=0018:00103c44 env->regs[R_EAX]=00000138
EAX=00000138 EBX=00103d28 ECX=00000276 EDX=0000cf61
ESI=00102844 EDI=00000003 EBP=00103c54 ESP=00103c44
EIP=00101196 EFL=00000293 [--S-A-C] CPL=0 II=0 A20=1 SMM=0 HLT=0
ES =0018 00000000 ffffffff 00cf9300 DPL=0 DS   [-WA]
CS =0010 00000000 ffffffff 00cf9a00 DPL=0 CS32 [-R-]
SS =0018 00000000 ffffffff 00cf9300 DPL=0 DS   [-WA]
DS =0018 00000000 ffffffff 00cf9300 DPL=0 DS   [-WA]
FS =0018 00000000 ffffffff 00cf9300 DPL=0 DS   [-WA]
GS =0018 00000000 ffffffff 00cf9300 DPL=0 DS   [-WA]
LDT=0000 00000000 0000ffff 00008200 DPL=0 LDT
TR =0000 00000000 0000ffff 00008b00 DPL=0 TSS32-busy
GDT=     000010b0 00000020
IDT=     001295e0 000007ff
CR0=00000011 CR2=00000000 CR3=00000000 CR4=00000000
DR0=00000000 DR1=00000000 DR2=00000000 DR3=00000000 
DR6=ffff0ff0 DR7=00000400
CCS=00000091 CCD=ffffffe9 CCO=EFLAGS
EFER=0000000000000000
Servicing hardware INT=0x20
   539: v=20 e=0000 i=0 cpl=0 IP=0010:00100994 pc=00100994 SP=0018:001048d4 env->regs[R_EAX]=0000001c
EAX=0000001c EBX=00000000 ECX=00001900 EDX=00102844
ESI=001027c0 EDI=00000000 EBP=001048e4 ESP=001048d4
EIP=00100994 EFL=00000296 [--S-AP-] CPL=0 II=0 A20=1 SMM=0 HLT=0
ES =0018 00000000 ffffffff 00cf9300 DPL=0 DS   [-WA]
CS =0010 00000000 ffffffff 00cf9a00 DPL=0 CS32 [-R-]
SS =0018 00000000 ffffffff 00cf9300 DPL=0 DS   [-WA]
DS =0018 00000000 ffffffff 00cf9300 DPL=0 DS   [-WA]
FS =0018 00000000 ffffffff 00cf9300 DPL=0 DS   [-WA]
GS =0018 00000000 ffffffff 00cf9300 DPL=0 DS   [-WA]
LDT=0000 00000000 0000ffff 00008200 DPL=0 LDT
TR =0000 00000000 0000ffff 00008b00 DPL=0 TSS32-busy
GDT=     000010b0 00000020
IDT=     001295e0 000007ff
CR0=00000011 CR2=00000000 CR3=00000000 CR4=00000000
DR0=00000000 DR1=00000000 DR2=00000000 DR3=00000000 
DR6=ffff0ff0 DR7=00000400
CCS=00000094 CCD=ffffffff CCO=EFLAGS
EFER=0000000000000000
Servicing hardware INT=0x20
   540: v=20 e=0000 i=0 cpl=0 IP=0010:001019bc pc=001019bc SP=0018:0012dd64 env->regs[R_EAX]=001bab1c
EAX=001bab1c EBX=0074b2ed ECX=003029f4 EDX=fd08cd28
ESI=0012dd78 EDI=00000000 EBP=0012dd68 ESP=0012dd64
EIP=001019bc EFL=00200287 [--S--PC] CPL=0 II=0 A20=1 SMM=0 HLT=0
ES =0018 00000000 ffffffff 00cf9300 DPL=0 DS   [-WA]
CS =0010 00000000 ffffffff 00cf9a00 DPL=0 CS32 [-R-]
SS =0018 00000000 ffffffff 00cf9300 DPL=0 DS   [-WA]
DS =0018 00000000 ffffffff 00cf9300 DPL=0 DS   [-WA]
FS =0018 00000000 ffffffff 00cf9300 DPL=0 DS   [-WA]
GS =0018 00000000 ffffffff 00cf9300 DPL=0 DS   [-WA]
LDT=0000 00000000 0000ffff 00008200 DPL=0 LDT
TR =0000 00000000 0000ffff 00008b00 DPL=0 TSS32-busy
GDT=     000010b0 00000020
IDT=     001295e0 000007ff
CR0=00000011 CR2=00000000 CR3=00000000 CR4=00000000
DR0=00000000 DR1=00000000 DR2=00000000 DR3=00000000 
DR6=ffff0ff0 DR7=00000400
CCS=00000085 CCD=ffeb8128 CCO=EFLAGS
EFER=0000000000000000
Servicing hardware INT=0x20
   541: v=20 e=0000 i=0 cpl=0 IP=0010:0010122f pc=0010122f SP=0018:00103c5c env->regs[R_EAX]=00102844
EAX=00102844 EBX=0000003c ECX=00001062 EDX=00002362
ESI=00102880 EDI=00000061 EBP=00103c94 ESP=00103c5c
EIP=0010122f EFL=00000212 [----A--] CPL=0 II=0 A20=1 SMM=0 HLT=0
ES =0018 00000000 ffffffff 00cf9300 DPL=0 DS   [-WA]
CS =0010 00000000 ffffffff 00cf9a00 DPL=0 CS32 [-R-]
SS =0018 00000000 ffffffff 00cf9300 DPL=0 DS   [-WA]
DS =0018 00000000 ffffffff 00cf9300 DPL=0 DS   [-WA]
FS =0018 00000000 ffffffff 00cf9300 DPL=0 DS   [-WA]
GS =0018 00000000 ffffffff 00cf9300 DPL=0 DS   [-WA]
LDT=0000 00000000 0000ffff 00008200 DPL=0 LDT
TR =0000 00000000 0000ffff 00008b00 DPL=0 TSS32-busy
GDT=     000010b0 00000020
IDT=     001295e0 000007ff
CR0=00000011 CR2=00000000 CR3=00000000 CR4=00000000
DR0=00000000 DR1=00000000 DR2=00000000 DR3=00000000 
DR6=ffff0ff0 DR7=00000400
CCS=00000010 CCD=00000057 CCO=EFLAGS
EFER=0000000000000000
Servicing hardware INT=0x20
   542: v=20 e=0000 i=0 cpl=0 IP=0010:00100994 pc=00100994 SP=0018:001048d4 env->regs[R_EAX]=0000001c
EAX=0000001c EBX=00000000 ECX=00001900 EDX=00102844
ESI=001027c0 EDI=00000000 EBP=001048e4 ESP=001048d4
EIP=00100994 EFL=00000296 [--S-AP-] CPL=0 II=0 A20=1 SMM=0 HLT=0
ES =0018 00000000 ffffffff 00cf9300 DPL=0 DS   [-WA]
CS =0010 00000000 ffffffff 00cf9a00 DPL=0 CS32 [-R-]
SS =0018 00000000 ffffffff 00cf9300 DPL=0 DS   [-WA]
DS =0018 00000000 ffffffff 00cf9300 DPL=0 DS   [-WA]
FS =0018 00000000 ffffffff 00cf9300 DPL=0 DS   [-WA]
GS =0018 00000000 ffffffff 00cf9300 DPL=0 DS   [-WA]
LDT=0000 00000000 0000ffff 00008200 DPL=0 LDT
TR =0000 00000000 0000ffff 00008b00 DPL=0 TSS32-busy
GDT=     000010b0 00000020
IDT=     001295e0 000007ff
CR0=00000011 CR2=00000000 CR3=00000000 CR4=00000000
DR0=00000000 DR1=00000000 DR2=00000000 DR3=00000000 
DR6=ffff0ff0 DR7=00000400
CCS=00000094 CCD=ffffffff CCO=EFLAGS
EFER=0000000000000000
Servicing hardware INT=0x20
   543: v=20 e=0000 i=0 cpl=0 IP=0010:00101749 pc=00101749 SP=0018:0012dcd0 env->regs[R_EAX]=00000000
EAX=00000000 EBX=00000320 ECX=0000007f EDX=00000001
ESI=00001c20 EDI=0000000a EBP=0012dd08 ESP=0012dcd0
EIP=00101749 EFL=00200246 [---Z-P-] CPL=0 II=0 A20=1 SMM=0 HLT=0
ES =0018 00000000 ffffffff 00cf9300 DPL=0 DS   [-WA]
CS =0010 00000000 ffffffff 00cf9a00 DPL=0 CS32 [-R-]
SS =0018 00000000 ffffffff 00cf9300 DPL=0 DS   [-WA]
DS =0018 00000000 ffffffff 00cf9300 DPL=0 DS   [-WA]
FS =0018 00000000 ffffffff 00cf9300 DPL=0 DS   [-WA]
GS =0018 00000000 ffffffff 00cf9300 DPL=0 DS   [-WA]
LDT=0000 00000000 0000ffff 00008200 DPL=0 LDT
TR =0000 00000000 0000ffff 00008b00 DPL=0 TSS32-busy
GDT=     000010b0 00000020
IDT=     001295e0 000007ff
CR0=00000011 CR2=00000000 CR3=00000000 CR4=00000000
DR0=00000000 DR1=00000000 DR2=00000000 DR3=00000000 
DR6=ffff0ff0 DR7=00000400
CCS=00000044 CCD=00000000 CCO=EFLAGS
EFER=0000000000000000
Servicing hardware INT=0x20
   544: v=20 e=0000 i=0 cpl=0 IP=0010:00101196 pc=00101196 SP=0018:00103c44 env->regs[R_EAX]=0000011e
EAX=0000011e EBX=00103d28 ECX=00000248 EDX=00003362
ESI=00102844 EDI=00000006 EBP=00103c54 ESP=00103c44
EIP=00101196 EFL=00000293 [--S-A-C] CPL=0 II=0 A20=1 SMM=0 HLT=0
ES =0018 00000000 ffffffff 00cf9300 DPL=0 DS   [-WA]
CS =0010 00000000 ffffffff 00cf9a00 DPL=0 CS32 [-R-]
SS =0018 00000000 ffffffff 00cf9300 DPL=0 DS   [-WA]
DS =0018 00000000 ffffffff 00cf9300 DPL=0 DS   [-WA]
FS =0018 00000000 ffffffff 00cf9300 DPL=0 DS   [-WA]
GS =0018 00000000 ffffffff 00cf9300 DPL=0 DS   [-WA]
LDT=0000 00000000 0000ffff 00008200 DPL=0 LDT
TR =0000 00000000 0000ffff 00008b00 DPL=0 TSS32-busy
GDT=     000010b0 00000020
IDT=     001295e0 000007ff
CR0=00000011 CR2=00000000 CR3=00000000 CR4=00000000
DR0=00000000 DR1=00000000 DR2=00000000 DR3=00000000 
DR6=ffff0ff0 DR7=00000400
CCS=00000091 CCD=ffffffec CCO=EFLAGS
EFER=0000000000000000
Servicing hardware INT=0x20
   545: v=20 e=0000 i=0 cpl=0 IP=0010:00100994 pc=00100994 SP=0018:001048d4 env->regs[R_EAX]=0000001c
EAX=0000001c EBX=00000000 ECX=00001900 EDX=00102844
ESI=001027c0 EDI=00000000 EBP=001048e4 ESP=001048d4
EIP=00100994 EFL=00000296 [--S-AP-] CPL=0 II=0 A20=1 SMM=0 HLT=0
ES =0018 00000000 ffffffff 00cf9300 DPL=0 DS   [-WA]
CS =0010 00000000 ffffffff 00cf9a00 DPL=0 CS32 [-R-]
SS =0018 00000000 ffffffff 00cf9300 DPL=0 DS   [-WA]
DS =0018 00000000 ffffffff 00cf9300 DPL=0 DS   [-WA]
FS =0018 00000000 ffffffff 00cf9300 DPL=0 DS   [-WA]
GS =0018 00000000 ffffffff 00cf9300 DPL=0 DS   [-WA]
LDT=0000 00000000 0000ffff 00008200 DPL=0 LDT
TR =0000 00000000 0000ffff 00008b00 DPL=0 TSS32-busy
GDT=     000010b0 00000020
IDT=     001295e0 000007ff
CR0=00000011 CR2=00000000 CR3=00000000 CR4=00000000
DR0=00000000 DR1=00000000 DR2=00000000 DR3=00000000 
DR6=ffff0ff0 DR7=00000400
CCS=00000094 CCD=ffffffff CCO=EFLAGS
EFER=0000000000000000
Servicing hardware INT=0x20
   546: v=20 e=0000 i=0 cpl=0 IP=0010:00101c7d pc=00101c7d SP=0018:0012dd20 env->regs[R_EAX]=00102844
EAX=00102844 EBX=00010000 ECX=000b8000 EDX=00000293
ESI=00000000 EDI=00000000 EBP=0012dd68 ESP=0012dd20
EIP=00101c7d EFL=00200283 [--S---C] CPL=0 II=0 A20=1 SMM=0 HLT=0
ES =0018 00000000 ffffffff 00cf9300 DPL=0 DS   [-WA]
CS =0010 00000000 ffffffff 00cf9a00 DPL=0 CS32 [-R-]
SS =0018 00000000 ffffffff 00cf9300 DPL=0 DS   [-WA]
DS =0018 00000000 ffffffff 00cf9300 DPL=0 DS   [-WA]
FS =0018 00000000 ffffffff 00cf9300 DPL=0 DS   [-WA]
GS =0018 00000000 ffffffff 00cf9300 DPL=0 DS   [-WA]
LDT=0000 00000000 0000ffff 00008200 DPL=0 LDT
TR =0000 00000000 0000ffff 00008b00 DPL=0 TSS32-busy
GDT=     000010b0 00000020
IDT=     001295e0 000007ff
CR0=00000011 CR2=00000000 CR3=00000000 CR4=00000000
DR0=00000000 DR1=00000000 DR2=00000000 DR3=00000000 
DR6=ffff0ff0 DR7=00000400
CCS=00000081 CCD=fffff2f2 CCO=EFLAGS
EFER=0000000000000000
Servicing hardware INT=0x20
   547: v=20 e=0000 i=0 cpl=0 IP=0010:001012a5 pc=001012a5 SP=0018:00103c5c env->regs[R_EAX]=00000019
EAX=00000019 EBX=001034e8 ECX=00001074 EDX=00006320
ESI=00102880 EDI=00000020 EBP=00103c94 ESP=00103c5c
EIP=001012a5 EFL=00000246 [---Z-P-] CPL=0 II=0 A20=1 SMM=0 HLT=0
ES =0018 00000000 ffffffff 00cf9300 DPL=0 DS   [-WA]
CS =0010 00000000 ffffffff 00cf9a00 DPL=0 CS32 [-R-]
SS =0018 00000000 ffffffff 00cf9300 DPL=0 DS   [-WA]
DS =0018 00000000 ffffffff 00cf9300 DPL=0 DS   [-WA]
FS =0018 00000000 ffffffff 00cf9300 DPL=0 DS   [-WA]
GS =0018 00000000 ffffffff 00cf9300 DPL=0 DS   [-WA]
LDT=0000 00000000 0000ffff 00008200 DPL=0 LDT
TR =0000 00000000 0000ffff 00008b00 DPL=0 TSS32-busy
GDT=     000010b0 00000020
IDT=     001295e0 000007ff
CR0=00000011 CR2=00000000 CR3=00000000 CR4=00000000
DR0=00000000 DR1=00000000 DR2=00000000 DR3=00000000 
DR6=ffff0ff0 DR7=00000400
CCS=00000044 CCD=00000000 CCO=EFLAGS
EFER=0000000000000000
Servicing hardware INT=0x20
   548: v=20 e=0000 i=0 cpl=0 IP=0010:00100994 pc=00100994 SP=0018:001048d4 env->regs[R_EAX]=0000001c
EAX=0000001c EBX=00000000 ECX=00001900 EDX=00102844
ESI=001027c0 EDI=00000000 EBP=001048e4 ESP=001048d4
EIP=00100994 EFL=00000296 [--S-AP-] CPL=0 II=0 A20=1 SMM=0 HLT=0
ES =0018 00000000 ffffffff 00cf9300 DPL=0 DS   [-WA]
CS =0010 00000000 ffffffff 00cf9a00 DPL=0 CS32 [-R-]
SS =0018 00000000 ffffffff 00cf9300 DPL=0 DS   [-WA]
DS =0018 00000000 ffffffff 00cf9300 DPL=0 DS   [-WA]
FS =0018 00000000 ffffffff 00cf9300 DPL=0 DS   [-WA]
GS =0018 00000000 ffffffff 00cf9300 DPL=0 DS   [-WA]
LDT=0000 00000000 0000ffff 00008200 DPL=0 LDT
TR =0000 00000000 0000ffff 00008b00 DPL=0 TSS32-busy
GDT=     000010b0 00000020
IDT=     001295e0 000007ff
CR0=00000011 CR2=00000000 CR3=00000000 CR4=00000000
DR0=00000000 DR1=00000000 DR2=00000000 DR3=00000000 
DR6=ffff0ff0 DR7=00000400
CCS=00000094 CCD=ffffffff CCO=EFLAGS
EFER=0000000000000000
Servicing hardware INT=0x20
   549: v=20 e=0000 i=0 cpl=0 IP=0010:001019b8 pc=001019b8 SP=0018:0012dd64 env->regs[R_EAX]=00162a5c
EAX=00162a5c EBX=00007f7f ECX=003029f4 EDX=fd034c68
ESI=0012dd78 EDI=00000000 EBP=0012dd68 ESP=0012dd64
EIP=001019b8 EFL=00200206 [-----P-] CPL=0 II=0 A20=1 SMM=0 HLT=0
ES =0018 00000000 ffffffff 00cf9300 DPL=0 DS   [-WA]
CS =0010 00000000 ffffffff 00cf9a00 DPL=0 CS32 [-R-]
SS =0018 00000000 ffffffff 00cf9300 DPL=0 DS   [-WA]
DS =0018 00000000 ffffffff 00cf9300 DPL=0 DS   [-WA]
FS =0018 00000000 ffffffff 00cf9300 DPL=0 DS   [-WA]
GS =0018 00000000 ffffffff 00cf9300 DPL=0 DS   [-WA]
LDT=0000 00000000 0000ffff 00008200 DPL=0 LDT
TR =0000 00000000 0000ffff 00008b00 DPL=0 TSS32-busy
GDT=     000010b0 00000020
IDT=     001295e0 000007ff
CR0=00000011 CR2=00000000 CR3=00000000 CR4=00000000
DR0=00000000 DR1=00000000 DR2=00000000 DR3=00000000 
DR6=ffff0ff0 DR7=00000400
CCS=00000004 CCD=00162a5c CCO=EFLAGS
EFER=0000000000000000
Servicing hardware INT=0x20
   550: v=20 e=0000 i=0 cpl=0 IP=0010:00101196 pc=00101196 SP=0018:00103c44 env->regs[R_EAX]=000000b6
EAX=000000b6 EBX=00103d28 ECX=0000019c EDX=00005f62
ESI=00102844 EDI=00000018 EBP=00103c54 ESP=00103c44
EIP=00101196 EFL=00000293 [--S-A-C] CPL=0 II=0 A20=1 SMM=0 HLT=0
ES =0018 00000000 ffffffff 00cf9300 DPL=0 DS   [-WA]
CS =0010 00000000 ffffffff 00cf9a00 DPL=0 CS32 [-R-]
SS =0018 00000000 ffffffff 00cf9300 DPL=0 DS   [-WA]
DS =0018 00000000 ffffffff 00cf9300 DPL=0 DS   [-WA]
FS =0018 00000000 ffffffff 00cf9300 DPL=0 DS   [-WA]
GS =0018 00000000 ffffffff 00cf9300 DPL=0 DS   [-WA]
LDT=0000 00000000 0000ffff 00008200 DPL=0 LDT
TR =0000 00000000 0000ffff 00008b00 DPL=0 TSS32-busy
GDT=     000010b0 00000020
IDT=     001295e0 000007ff
CR0=00000011 CR2=00000000 CR3=00000000 CR4=00000000
DR0=00000000 DR1=00000000 DR2=00000000 DR3=00000000 
DR6=ffff0ff0 DR7=00000400
CCS=00000091 CCD=fffffffe CCO=EFLAGS
EFER=0000000000000000
Servicing hardware INT=0x20
   551: v=20 e=0000 i=0 cpl=0 IP=0010:00100994 pc=00100994 SP=0018:001048d4 env->regs[R_EAX]=0000001c
EAX=0000001c EBX=00000000 ECX=00001900 EDX=00102844
ESI=001027c0 EDI=00000000 EBP=001048e4 ESP=001048d4
EIP=00100994 EFL=00000296 [--S-AP-] CPL=0 II=0 A20=1 SMM=0 HLT=0
ES =0018 00000000 ffffffff 00cf9300 DPL=0 DS   [-WA]
CS =0010 00000000 ffffffff 00cf9a00 DPL=0 CS32 [-R-]
SS =0018 00000000 ffffffff 00cf9300 DPL=0 DS   [-WA]
DS =0018 00000000 ffffffff 00cf9300 DPL=0 DS   [-WA]
FS =0018 00000000 ffffffff 00cf9300 DPL=0 DS   [-WA]
GS =0018 00000000 ffffffff 00cf9300 DPL=0 DS   [-WA]
LDT=0000 00000000 0000ffff 00008200 DPL=0 LDT
TR =0000 00000000 0000ffff 00008b00 DPL=0 TSS32-busy
GDT=     000010b0 00000020
IDT=     001295e0 000007ff
CR0=00000011 CR2=00000000 CR3=00000000 CR4=00000000
DR0=00000000 DR1=00000000 DR2=00000000 DR3=00000000 
DR6=ffff0ff0 DR7=00000400
CCS=00000094 CCD=ffffffff CCO=EFLAGS
EFER=0000000000000000
Servicing hardware INT=0x20
   552: v=20 e=0000 i=0 cpl=0 IP=0010:00101c44 pc=00101c44 SP=0018:0012dd20 env->regs[R_EAX]=00102844
EAX=00102844 EBX=00010000 ECX=00075300 EDX=0003b0d2
ESI=0012ddf4 EDI=00000000 EBP=0012dd68 ESP=0012dd20
EIP=00101c44 EFL=00200207 [-----PC] CPL=0 II=0 A20=1 SMM=0 HLT=0
ES =0018 00000000 ffffffff 00cf9300 DPL=0 DS   [-WA]
CS =0010 00000000 ffffffff 00cf9a00 DPL=0 CS32 [-R-]
SS =0018 00000000 ffffffff 00cf9300 DPL=0 DS   [-WA]
DS =0018 00000000 ffffffff 00cf9300 DPL=0 DS   [-WA]
FS =0018 00000000 ffffffff 00cf9300 DPL=0 DS   [-WA]
GS =0018 00000000 ffffffff 00cf9300 DPL=0 DS   [-WA]
LDT=0000 00000000 0000ffff 00008200 DPL=0 LDT
TR =0000 00000000 0000ffff 00008b00 DPL=0 TSS32-busy
GDT=     000010b0 00000020
IDT=     001295e0 000007ff
CR0=00000011 CR2=00000000 CR3=00000000 CR4=00000000
DR0=00000000 DR1=00000000 DR2=00000000 DR3=00000000 
DR6=ffff0ff0 DR7=00000400
CCS=00000005 CCD=0003b0d2 CCO=EFLAGS
EFER=0000000000000000
Servicing hardware INT=0x20
   553: v=20 e=0000 i=0 cpl=0 IP=0010:001012a5 pc=001012a5 SP=0018:00103c5c env->regs[R_EAX]=00000010
EAX=00000010 EBX=001034e8 ECX=00001062 EDX=00005b66
ESI=00102880 EDI=00000066 EBP=00103c94 ESP=00103c5c
EIP=001012a5 EFL=00000293 [--S-A-C] CPL=0 II=0 A20=1 SMM=0 HLT=0
ES =0018 00000000 ffffffff 00cf9300 DPL=0 DS   [-WA]
CS =0010 00000000 ffffffff 00cf9a00 DPL=0 CS32 [-R-]
SS =0018 00000000 ffffffff 00cf9300 DPL=0 DS   [-WA]
DS =0018 00000000 ffffffff 00cf9300 DPL=0 DS   [-WA]
FS =0018 00000000 ffffffff 00cf9300 DPL=0 DS   [-WA]
GS =0018 00000000 ffffffff 00cf9300 DPL=0 DS   [-WA]
LDT=0000 00000000 0000ffff 00008200 DPL=0 LDT
TR =0000 00000000 0000ffff 00008b00 DPL=0 TSS32-busy
GDT=     000010b0 00000020
IDT=     001295e0 000007ff
CR0=00000011 CR2=00000000 CR3=00000000 CR4=00000000
DR0=00000000 DR1=00000000 DR2=00000000 DR3=00000000 
DR6=ffff0ff0 DR7=00000400
CCS=00000091 CCD=fffffff7 CCO=EFLAGS
EFER=0000000000000000
Servicing hardware INT=0x20
   554: v=20 e=0000 i=0 cpl=0 IP=0010:00100994 pc=00100994 SP=0018:001048d4 env->regs[R_EAX]=0000001c
EAX=0000001c EBX=00000000 ECX=00001900 EDX=00102844
ESI=001027c0 EDI=00000000 EBP=001048e4 ESP=001048d4
EIP=00100994 EFL=00000296 [--S-AP-] CPL=0 II=0 A20=1 SMM=0 HLT=0
ES =0018 00000000 ffffffff 00cf9300 DPL=0 DS   [-WA]
CS =0010 00000000 ffffffff 00cf9a00 DPL=0 CS32 [-R-]
SS =0018 00000000 ffffffff 00cf9300 DPL=0 DS   [-WA]
DS =0018 00000000 ffffffff 00cf9300 DPL=0 DS   [-WA]
FS =0018 00000000 ffffffff 00cf9300 DPL=0 DS   [-WA]
GS =0018 00000000 ffffffff 00cf9300 DPL=0 DS   [-WA]
LDT=0000 00000000 0000ffff 00008200 DPL=0 LDT
TR =0000 00000000 0000ffff 00008b00 DPL=0 TSS32-busy
GDT=     000010b0 00000020
IDT=     001295e0 000007ff
CR0=00000011 CR2=00000000 CR3=00000000 CR4=00000000
DR0=00000000 DR1=00000000 DR2=00000000 DR3=00000000 
DR6=ffff0ff0 DR7=00000400
CCS=00000094 CCD=ffffffff CCO=EFLAGS
EFER=0000000000000000
Servicing hardware INT=0x20
   555: v=20 e=0000 i=0 cpl=0 IP=0010:001019bc pc=001019bc SP=0018:0012dd64 env->regs[R_EAX]=0025fb94
EAX=0025fb94 EBX=006e96c2 ECX=003029f4 EDX=fd131da0
ESI=0012dd78 EDI=00000000 EBP=0012dd68 ESP=0012dd64
EIP=001019bc EFL=00200287 [--S--PC] CPL=0 II=0 A20=1 SMM=0 HLT=0
ES =0018 00000000 ffffffff 00cf9300 DPL=0 DS   [-WA]
CS =0010 00000000 ffffffff 00cf9a00 DPL=0 CS32 [-R-]
SS =0018 00000000 ffffffff 00cf9300 DPL=0 DS   [-WA]
DS =0018 00000000 ffffffff 00cf9300 DPL=0 DS   [-WA]
FS =0018 00000000 ffffffff 00cf9300 DPL=0 DS   [-WA]
GS =0018 00000000 ffffffff 00cf9300 DPL=0 DS   [-WA]
LDT=0000 00000000 0000ffff 00008200 DPL=0 LDT
TR =0000 00000000 0000ffff 00008b00 DPL=0 TSS32-busy
GDT=     000010b0 00000020
IDT=     001295e0 000007ff
CR0=00000011 CR2=00000000 CR3=00000000 CR4=00000000
DR0=00000000 DR1=00000000 DR2=00000000 DR3=00000000 
DR6=ffff0ff0 DR7=00000400
CCS=00000085 CCD=fff5d1a0 CCO=EFLAGS
EFER=0000000000000000
Servicing hardware INT=0x20
   556: v=20 e=0000 i=0 cpl=0 IP=0010:00100bd2 pc=00100bd2 SP=0018:00103cbc env->regs[R_EAX]=00000000
EAX=00000000 EBX=0012dd8c ECX=00001066 EDX=0000c772
ESI=0010006f EDI=00000000 EBP=00103cd4 ESP=00103cbc
EIP=00100bd2 EFL=00000246 [---Z-P-] CPL=0 II=0 A20=1 SMM=0 HLT=0
ES =0018 00000000 ffffffff 00cf9300 DPL=0 DS   [-WA]
CS =0010 00000000 ffffffff 00cf9a00 DPL=0 CS32 [-R-]
SS =0018 00000000 ffffffff 00cf9300 DPL=0 DS   [-WA]
DS =0018 00000000 ffffffff 00cf9300 DPL=0 DS   [-WA]
FS =0018 00000000 ffffffff 00cf9300 DPL=0 DS   [-WA]
GS =0018 00000000 ffffffff 00cf9300 DPL=0 DS   [-WA]
LDT=0000 00000000 0000ffff 00008200 DPL=0 LDT
TR =0000 00000000 0000ffff 00008b00 DPL=0 TSS32-busy
GDT=     000010b0 00000020
IDT=     001295e0 000007ff
CR0=00000011 CR2=00000000 CR3=00000000 CR4=00000000
DR0=00000000 DR1=00000000 DR2=00000000 DR3=00000000 
DR6=ffff0ff0 DR7=00000400
CCS=00000044 CCD=00000000 CCO=EFLAGS
EFER=0000000000000000
Servicing hardware INT=0x20
   557: v=20 e=0000 i=0 cpl=0 IP=0010:00100994 pc=00100994 SP=0018:001048d4 env->regs[R_EAX]=0000001c
EAX=0000001c EBX=00000000 ECX=00001900 EDX=00102844
ESI=001027c0 EDI=00000000 EBP=001048e4 ESP=001048d4
EIP=00100994 EFL=00000296 [--S-AP-] CPL=0 II=0 A20=1 SMM=0 HLT=0
ES =0018 00000000 ffffffff 00cf9300 DPL=0 DS   [-WA]
CS =0010 00000000 ffffffff 00cf9a00 DPL=0 CS32 [-R-]
SS =0018 00000000 ffffffff 00cf9300 DPL=0 DS   [-WA]
DS =0018 00000000 ffffffff 00cf9300 DPL=0 DS   [-WA]
FS =0018 00000000 ffffffff 00cf9300 DPL=0 DS   [-WA]
GS =0018 00000000 ffffffff 00cf9300 DPL=0 DS   [-WA]
LDT=0000 00000000 0000ffff 00008200 DPL=0 LDT
TR =0000 00000000 0000ffff 00008b00 DPL=0 TSS32-busy
GDT=     000010b0 00000020
IDT=     001295e0 000007ff
CR0=00000011 CR2=00000000 CR3=00000000 CR4=00000000
DR0=00000000 DR1=00000000 DR2=00000000 DR3=00000000 
DR6=ffff0ff0 DR7=00000400
CCS=00000094 CCD=ffffffff CCO=EFLAGS
EFER=0000000000000000
Servicing hardware INT=0x20
   558: v=20 e=0000 i=0 cpl=0 IP=0010:00101c44 pc=00101c44 SP=0018:0012dd20 env->regs[R_EAX]=00102844
EAX=00102844 EBX=00010000 ECX=00075300 EDX=00004ec9
ESI=0012ddf4 EDI=00000000 EBP=0012dd68 ESP=0012dd20
EIP=00101c44 EFL=00200207 [-----PC] CPL=0 II=0 A20=1 SMM=0 HLT=0
ES =0018 00000000 ffffffff 00cf9300 DPL=0 DS   [-WA]
CS =0010 00000000 ffffffff 00cf9a00 DPL=0 CS32 [-R-]
SS =0018 00000000 ffffffff 00cf9300 DPL=0 DS   [-WA]
DS =0018 00000000 ffffffff 00cf9300 DPL=0 DS   [-WA]
FS =0018 00000000 ffffffff 00cf9300 DPL=0 DS   [-WA]
GS =0018 00000000 ffffffff 00cf9300 DPL=0 DS   [-WA]
LDT=0000 00000000 0000ffff 00008200 DPL=0 LDT
TR =0000 00000000 0000ffff 00008b00 DPL=0 TSS32-busy
GDT=     000010b0 00000020
IDT=     001295e0 000007ff
CR0=00000011 CR2=00000000 CR3=00000000 CR4=00000000
DR0=00000000 DR1=00000000 DR2=00000000 DR3=00000000 
DR6=ffff0ff0 DR7=00000400
CCS=00000005 CCD=00004ec9 CCO=EFLAGS
EFER=0000000000000000
Servicing hardware INT=0x20
   559: v=20 e=0000 i=0 cpl=0 IP=0010:001012e3 pc=001012e3 SP=0018:00103c5c env->regs[R_EAX]=00000003
EAX=00000003 EBX=001034e8 ECX=00001048 EDX=0000216f
ESI=00102880 EDI=0000006f EBP=00103c94 ESP=00103c5c
EIP=001012e3 EFL=00000246 [---Z-P-] CPL=0 II=0 A20=1 SMM=0 HLT=0
ES =0018 00000000 ffffffff 00cf9300 DPL=0 DS   [-WA]
CS =0010 00000000 ffffffff 00cf9a00 DPL=0 CS32 [-R-]
SS =0018 00000000 ffffffff 00cf9300 DPL=0 DS   [-WA]
DS =0018 00000000 ffffffff 00cf9300 DPL=0 DS   [-WA]
FS =0018 00000000 ffffffff 00cf9300 DPL=0 DS   [-WA]
GS =0018 00000000 ffffffff 00cf9300 DPL=0 DS   [-WA]
LDT=0000 00000000 0000ffff 00008200 DPL=0 LDT
TR =0000 00000000 0000ffff 00008b00 DPL=0 TSS32-busy
GDT=     000010b0 00000020
IDT=     001295e0 000007ff
CR0=00000011 CR2=00000000 CR3=00000000 CR4=00000000
DR0=00000000 DR1=00000000 DR2=00000000 DR3=00000000 
DR6=ffff0ff0 DR7=00000400
CCS=00000044 CCD=00000000 CCO=EFLAGS
EFER=0000000000000000
Servicing hardware INT=0x20
   560: v=20 e=0000 i=0 cpl=0 IP=0010:00100994 pc=00100994 SP=0018:001048d4 env->regs[R_EAX]=0000001c
EAX=0000001c EBX=00000000 ECX=00001900 EDX=00102844
ESI=001027c0 EDI=00000000 EBP=001048e4 ESP=001048d4
EIP=00100994 EFL=00000296 [--S-AP-] CPL=0 II=0 A20=1 SMM=0 HLT=0
ES =0018 00000000 ffffffff 00cf9300 DPL=0 DS   [-WA]
CS =0010 00000000 ffffffff 00cf9a00 DPL=0 CS32 [-R-]
SS =0018 00000000 ffffffff 00cf9300 DPL=0 DS   [-WA]
DS =0018 00000000 ffffffff 00cf9300 DPL=0 DS   [-WA]
FS =0018 00000000 ffffffff 00cf9300 DPL=0 DS   [-WA]
GS =0018 00000000 ffffffff 00cf9300 DPL=0 DS   [-WA]
LDT=0000 00000000 0000ffff 00008200 DPL=0 LDT
TR =0000 00000000 0000ffff 00008b00 DPL=0 TSS32-busy
GDT=     000010b0 00000020
IDT=     001295e0 000007ff
CR0=00000011 CR2=00000000 CR3=00000000 CR4=00000000
DR0=00000000 DR1=00000000 DR2=00000000 DR3=00000000 
DR6=ffff0ff0 DR7=00000400
CCS=00000094 CCD=ffffffff CCO=EFLAGS
EFER=0000000000000000
Servicing hardware INT=0x20
   561: v=20 e=0000 i=0 cpl=0 IP=0010:00101782 pc=00101782 SP=0018:0012dcd0 env->regs[R_EAX]=00000000
EAX=00000000 EBX=00000320 ECX=0000007f EDX=00000001
ESI=00000000 EDI=0013ffb4 EBP=0012dd08 ESP=0012dcd0
EIP=00101782 EFL=00200246 [---Z-P-] CPL=0 II=0 A20=1 SMM=0 HLT=0
ES =0018 00000000 ffffffff 00cf9300 DPL=0 DS   [-WA]
CS =0010 00000000 ffffffff 00cf9a00 DPL=0 CS32 [-R-]
SS =0018 00000000 ffffffff 00cf9300 DPL=0 DS   [-WA]
DS =0018 00000000 ffffffff 00cf9300 DPL=0 DS   [-WA]
FS =0018 00000000 ffffffff 00cf9300 DPL=0 DS   [-WA]
GS =0018 00000000 ffffffff 00cf9300 DPL=0 DS   [-WA]
LDT=0000 00000000 0000ffff 00008200 DPL=0 LDT
TR =0000 00000000 0000ffff 00008b00 DPL=0 TSS32-busy
GDT=     000010b0 00000020
IDT=     001295e0 000007ff
CR0=00000011 CR2=00000000 CR3=00000000 CR4=00000000
DR0=00000000 DR1=00000000 DR2=00000000 DR3=00000000 
DR6=ffff0ff0 DR7=00000400
CCS=00000044 CCD=00000000 CCO=EFLAGS
EFER=0000000000000000
Servicing hardware INT=0x20
   562: v=20 e=0000 i=0 cpl=0 IP=0010:001011a8 pc=001011a8 SP=0018:00103c44 env->regs[R_EAX]=00000186
EAX=00000186 EBX=00103d28 ECX=00000340 EDX=0000f561
ESI=00102844 EDI=0000001a EBP=00103c54 ESP=00103c44
EIP=001011a8 EFL=00000246 [---Z-P-] CPL=0 II=0 A20=1 SMM=0 HLT=0
ES =0018 00000000 ffffffff 00cf9300 DPL=0 DS   [-WA]
CS =0010 00000000 ffffffff 00cf9a00 DPL=0 CS32 [-R-]
SS =0018 00000000 ffffffff 00cf9300 DPL=0 DS   [-WA]
DS =0018 00000000 ffffffff 00cf9300 DPL=0 DS   [-WA]
FS =0018 00000000 ffffffff 00cf9300 DPL=0 DS   [-WA]
GS =0018 00000000 ffffffff 00cf9300 DPL=0 DS   [-WA]
LDT=0000 00000000 0000ffff 00008200 DPL=0 LDT
TR =0000 00000000 0000ffff 00008b00 DPL=0 TSS32-busy
GDT=     000010b0 00000020
IDT=     001295e0 000007ff
CR0=00000011 CR2=00000000 CR3=00000000 CR4=00000000
DR0=00000000 DR1=00000000 DR2=00000000 DR3=00000000 
DR6=ffff0ff0 DR7=00000400
CCS=00000044 CCD=00000000 CCO=EFLAGS
EFER=0000000000000000
Servicing hardware INT=0x20
   563: v=20 e=0000 i=0 cpl=0 IP=0010:00100994 pc=00100994 SP=0018:001048d4 env->regs[R_EAX]=0000001c
EAX=0000001c EBX=00000000 ECX=00001900 EDX=00102844
ESI=001027c0 EDI=00000000 EBP=001048e4 ESP=001048d4
EIP=00100994 EFL=00000296 [--S-AP-] CPL=0 II=0 A20=1 SMM=0 HLT=0
ES =0018 00000000 ffffffff 00cf9300 DPL=0 DS   [-WA]
CS =0010 00000000 ffffffff 00cf9a00 DPL=0 CS32 [-R-]
SS =0018 00000000 ffffffff 00cf9300 DPL=0 DS   [-WA]
DS =0018 00000000 ffffffff 00cf9300 DPL=0 DS   [-WA]
FS =0018 00000000 ffffffff 00cf9300 DPL=0 DS   [-WA]
GS =0018 00000000 ffffffff 00cf9300 DPL=0 DS   [-WA]
LDT=0000 00000000 0000ffff 00008200 DPL=0 LDT
TR =0000 00000000 0000ffff 00008b00 DPL=0 TSS32-busy
GDT=     000010b0 00000020
IDT=     001295e0 000007ff
CR0=00000011 CR2=00000000 CR3=00000000 CR4=00000000
DR0=00000000 DR1=00000000 DR2=00000000 DR3=00000000 
DR6=ffff0ff0 DR7=00000400
CCS=00000094 CCD=ffffffff CCO=EFLAGS
EFER=0000000000000000
Servicing hardware INT=0x20
   564: v=20 e=0000 i=0 cpl=0 IP=0010:00101c7d pc=00101c7d SP=0018:0012dd20 env->regs[R_EAX]=00102844
EAX=00102844 EBX=00010000 ECX=000b8000 EDX=00000d9f
ESI=00000000 EDI=00000000 EBP=0012dd68 ESP=0012dd20
EIP=00101c7d EFL=00200283 [--S---C] CPL=0 II=0 A20=1 SMM=0 HLT=0
ES =0018 00000000 ffffffff 00cf9300 DPL=0 DS   [-WA]
CS =0010 00000000 ffffffff 00cf9a00 DPL=0 CS32 [-R-]
SS =0018 00000000 ffffffff 00cf9300 DPL=0 DS   [-WA]
DS =0018 00000000 ffffffff 00cf9300 DPL=0 DS   [-WA]
FS =0018 00000000 ffffffff 00cf9300 DPL=0 DS   [-WA]
GS =0018 00000000 ffffffff 00cf9300 DPL=0 DS   [-WA]
LDT=0000 00000000 0000ffff 00008200 DPL=0 LDT
TR =0000 00000000 0000ffff 00008b00 DPL=0 TSS32-busy
GDT=     000010b0 00000020
IDT=     001295e0 000007ff
CR0=00000011 CR2=00000000 CR3=00000000 CR4=00000000
DR0=00000000 DR1=00000000 DR2=00000000 DR3=00000000 
DR6=ffff0ff0 DR7=00000400
CCS=00000081 CCD=fffffdfe CCO=EFLAGS
EFER=0000000000000000
Servicing hardware INT=0x20
   565: v=20 e=0000 i=0 cpl=0 IP=0010:00101304 pc=00101304 SP=0018:00103c9c env->regs[R_EAX]=00000013
EAX=00000013 EBX=00100073 ECX=00001068 EDX=00001f20
ESI=0010006f EDI=00000000 EBP=00103cb4 ESP=00103c9c
EIP=00101304 EFL=00000246 [---Z-P-] CPL=0 II=0 A20=1 SMM=0 HLT=0
ES =0018 00000000 ffffffff 00cf9300 DPL=0 DS   [-WA]
CS =0010 00000000 ffffffff 00cf9a00 DPL=0 CS32 [-R-]
SS =0018 00000000 ffffffff 00cf9300 DPL=0 DS   [-WA]
DS =0018 00000000 ffffffff 00cf9300 DPL=0 DS   [-WA]
FS =0018 00000000 ffffffff 00cf9300 DPL=0 DS   [-WA]
GS =0018 00000000 ffffffff 00cf9300 DPL=0 DS   [-WA]
LDT=0000 00000000 0000ffff 00008200 DPL=0 LDT
TR =0000 00000000 0000ffff 00008b00 DPL=0 TSS32-busy
GDT=     000010b0 00000020
IDT=     001295e0 000007ff
CR0=00000011 CR2=00000000 CR3=00000000 CR4=00000000
DR0=00000000 DR1=00000000 DR2=00000000 DR3=00000000 
DR6=ffff0ff0 DR7=00000400
CCS=00000044 CCD=00000000 CCO=EFLAGS
EFER=0000000000000000
Servicing hardware INT=0x20
   566: v=20 e=0000 i=0 cpl=0 IP=0010:00100994 pc=00100994 SP=0018:001048d4 env->regs[R_EAX]=0000001c
EAX=0000001c EBX=00000000 ECX=00001900 EDX=00102844
ESI=001027c0 EDI=00000000 EBP=001048e4 ESP=001048d4
EIP=00100994 EFL=00000296 [--S-AP-] CPL=0 II=0 A20=1 SMM=0 HLT=0
ES =0018 00000000 ffffffff 00cf9300 DPL=0 DS   [-WA]
CS =0010 00000000 ffffffff 00cf9a00 DPL=0 CS32 [-R-]
SS =0018 00000000 ffffffff 00cf9300 DPL=0 DS   [-WA]
DS =0018 00000000 ffffffff 00cf9300 DPL=0 DS   [-WA]
FS =0018 00000000 ffffffff 00cf9300 DPL=0 DS   [-WA]
GS =0018 00000000 ffffffff 00cf9300 DPL=0 DS   [-WA]
LDT=0000 00000000 0000ffff 00008200 DPL=0 LDT
TR =0000 00000000 0000ffff 00008b00 DPL=0 TSS32-busy
GDT=     000010b0 00000020
IDT=     001295e0 000007ff
CR0=00000011 CR2=00000000 CR3=00000000 CR4=00000000
DR0=00000000 DR1=00000000 DR2=00000000 DR3=00000000 
DR6=ffff0ff0 DR7=00000400
CCS=00000094 CCD=ffffffff CCO=EFLAGS
EFER=0000000000000000
Servicing hardware INT=0x20
   567: v=20 e=0000 i=0 cpl=0 IP=0010:00101c44 pc=00101c44 SP=0018:0012dd20 env->regs[R_EAX]=00102844
EAX=00102844 EBX=00010000 ECX=00075300 EDX=0006ec36
ESI=0012ddf4 EDI=00000000 EBP=0012dd68 ESP=0012dd20
EIP=00101c44 EFL=00200207 [-----PC] CPL=0 II=0 A20=1 SMM=0 HLT=0
ES =0018 00000000 ffffffff 00cf9300 DPL=0 DS   [-WA]
CS =0010 00000000 ffffffff 00cf9a00 DPL=0 CS32 [-R-]
SS =0018 00000000 ffffffff 00cf9300 DPL=0 DS   [-WA]
DS =0018 00000000 ffffffff 00cf9300 DPL=0 DS   [-WA]
FS =0018 00000000 ffffffff 00cf9300 DPL=0 DS   [-WA]
GS =0018 00000000 ffffffff 00cf9300 DPL=0 DS   [-WA]
LDT=0000 00000000 0000ffff 00008200 DPL=0 LDT
TR =0000 00000000 0000ffff 00008b00 DPL=0 TSS32-busy
GDT=     000010b0 00000020
IDT=     001295e0 000007ff
CR0=00000011 CR2=00000000 CR3=00000000 CR4=00000000
DR0=00000000 DR1=00000000 DR2=00000000 DR3=00000000 
DR6=ffff0ff0 DR7=00000400
CCS=00000005 CCD=0006ec36 CCO=EFLAGS
EFER=0000000000000000
Servicing hardware INT=0x20
   568: v=20 e=0000 i=0 cpl=0 IP=0010:00101196 pc=00101196 SP=0018:00103c44 env->regs[R_EAX]=0000001a
EAX=0000001a EBX=00103d28 ECX=0000004a EDX=00007166
ESI=00102844 EDI=0000000b EBP=00103c54 ESP=00103c44
EIP=00101196 EFL=00000283 [--S---C] CPL=0 II=0 A20=1 SMM=0 HLT=0
ES =0018 00000000 ffffffff 00cf9300 DPL=0 DS   [-WA]
CS =0010 00000000 ffffffff 00cf9a00 DPL=0 CS32 [-R-]
SS =0018 00000000 ffffffff 00cf9300 DPL=0 DS   [-WA]
DS =0018 00000000 ffffffff 00cf9300 DPL=0 DS   [-WA]
FS =0018 00000000 ffffffff 00cf9300 DPL=0 DS   [-WA]
GS =0018 00000000 ffffffff 00cf9300 DPL=0 DS   [-WA]
LDT=0000 00000000 0000ffff 00008200 DPL=0 LDT
TR =0000 00000000 0000ffff 00008b00 DPL=0 TSS32-busy
GDT=     000010b0 00000020
IDT=     001295e0 000007ff
CR0=00000011 CR2=00000000 CR3=00000000 CR4=00000000
DR0=00000000 DR1=00000000 DR2=00000000 DR3=00000000 
DR6=ffff0ff0 DR7=00000400
CCS=00000081 CCD=fffffff1 CCO=EFLAGS
EFER=0000000000000000
Servicing hardware INT=0x20
   569: v=20 e=0000 i=0 cpl=0 IP=0010:00100994 pc=00100994 SP=0018:001048d4 env->regs[R_EAX]=0000001c
EAX=0000001c EBX=00000000 ECX=00001900 EDX=00102844
ESI=001027c0 EDI=00000000 EBP=001048e4 ESP=001048d4
EIP=00100994 EFL=00000296 [--S-AP-] CPL=0 II=0 A20=1 SMM=0 HLT=0
ES =0018 00000000 ffffffff 00cf9300 DPL=0 DS   [-WA]
CS =0010 00000000 ffffffff 00cf9a00 DPL=0 CS32 [-R-]
SS =0018 00000000 ffffffff 00cf9300 DPL=0 DS   [-WA]
DS =0018 00000000 ffffffff 00cf9300 DPL=0 DS   [-WA]
FS =0018 00000000 ffffffff 00cf9300 DPL=0 DS   [-WA]
GS =0018 00000000 ffffffff 00cf9300 DPL=0 DS   [-WA]
LDT=0000 00000000 0000ffff 00008200 DPL=0 LDT
TR =0000 00000000 0000ffff 00008b00 DPL=0 TSS32-busy
GDT=     000010b0 00000020
IDT=     001295e0 000007ff
CR0=00000011 CR2=00000000 CR3=00000000 CR4=00000000
DR0=00000000 DR1=00000000 DR2=00000000 DR3=00000000 
DR6=ffff0ff0 DR7=00000400
CCS=00000094 CCD=ffffffff CCO=EFLAGS
EFER=0000000000000000
Servicing hardware INT=0x20
   570: v=20 e=0000 i=0 cpl=0 IP=0010:001016cf pc=001016cf SP=0018:0012dc9c env->regs[R_EAX]=0000c358
EAX=0000c358 EBX=00000320 ECX=00000002 EDX=00000006
ESI=00000020 EDI=0015eb54 EBP=0012dcc8 ESP=0012dc9c
EIP=001016cf EFL=00200202 [-------] CPL=0 II=0 A20=1 SMM=0 HLT=0
ES =0018 00000000 ffffffff 00cf9300 DPL=0 DS   [-WA]
CS =0010 00000000 ffffffff 00cf9a00 DPL=0 CS32 [-R-]
SS =0018 00000000 ffffffff 00cf9300 DPL=0 DS   [-WA]
DS =0018 00000000 ffffffff 00cf9300 DPL=0 DS   [-WA]
FS =0018 00000000 ffffffff 00cf9300 DPL=0 DS   [-WA]
GS =0018 00000000 ffffffff 00cf9300 DPL=0 DS   [-WA]
LDT=0000 00000000 0000ffff 00008200 DPL=0 LDT
TR =0000 00000000 0000ffff 00008b00 DPL=0 TSS32-busy
GDT=     000010b0 00000020
IDT=     001295e0 000007ff
CR0=00000011 CR2=00000000 CR3=00000000 CR4=00000000
DR0=00000000 DR1=00000000 DR2=00000000 DR3=00000000 
DR6=ffff0ff0 DR7=00000400
CCS=00000000 CCD=00000020 CCO=EFLAGS
EFER=0000000000000000
Servicing hardware INT=0x20
   571: v=20 e=0000 i=0 cpl=0 IP=0010:00101196 pc=00101196 SP=0018:00103c44 env->regs[R_EAX]=00000104
EAX=00000104 EBX=00103d28 ECX=00000224 EDX=00004362
ESI=00102844 EDI=0000000e EBP=00103c54 ESP=00103c44
EIP=00101196 EFL=00000283 [--S---C] CPL=0 II=0 A20=1 SMM=0 HLT=0
ES =0018 00000000 ffffffff 00cf9300 DPL=0 DS   [-WA]
CS =0010 00000000 ffffffff 00cf9a00 DPL=0 CS32 [-R-]
SS =0018 00000000 ffffffff 00cf9300 DPL=0 DS   [-WA]
DS =0018 00000000 ffffffff 00cf9300 DPL=0 DS   [-WA]
FS =0018 00000000 ffffffff 00cf9300 DPL=0 DS   [-WA]
GS =0018 00000000 ffffffff 00cf9300 DPL=0 DS   [-WA]
LDT=0000 00000000 0000ffff 00008200 DPL=0 LDT
TR =0000 00000000 0000ffff 00008b00 DPL=0 TSS32-busy
GDT=     000010b0 00000020
IDT=     001295e0 000007ff
CR0=00000011 CR2=00000000 CR3=00000000 CR4=00000000
DR0=00000000 DR1=00000000 DR2=00000000 DR3=00000000 
DR6=ffff0ff0 DR7=00000400
CCS=00000081 CCD=fffffff4 CCO=EFLAGS
EFER=0000000000000000
Servicing hardware INT=0x20
   572: v=20 e=0000 i=0 cpl=0 IP=0010:00100994 pc=00100994 SP=0018:001048d4 env->regs[R_EAX]=0000001c
EAX=0000001c EBX=00000000 ECX=00001900 EDX=00102844
ESI=001027c0 EDI=00000000 EBP=001048e4 ESP=001048d4
EIP=00100994 EFL=00000296 [--S-AP-] CPL=0 II=0 A20=1 SMM=0 HLT=0
ES =0018 00000000 ffffffff 00cf9300 DPL=0 DS   [-WA]
CS =0010 00000000 ffffffff 00cf9a00 DPL=0 CS32 [-R-]
SS =0018 00000000 ffffffff 00cf9300 DPL=0 DS   [-WA]
DS =0018 00000000 ffffffff 00cf9300 DPL=0 DS   [-WA]
FS =0018 00000000 ffffffff 00cf9300 DPL=0 DS   [-WA]
GS =0018 00000000 ffffffff 00cf9300 DPL=0 DS   [-WA]
LDT=0000 00000000 0000ffff 00008200 DPL=0 LDT
TR =0000 00000000 0000ffff 00008b00 DPL=0 TSS32-busy
GDT=     000010b0 00000020
IDT=     001295e0 000007ff
CR0=00000011 CR2=00000000 CR3=00000000 CR4=00000000
DR0=00000000 DR1=00000000 DR2=00000000 DR3=00000000 
DR6=ffff0ff0 DR7=00000400
CCS=00000094 CCD=ffffffff CCO=EFLAGS
EFER=0000000000000000
Servicing hardware INT=0x20
   573: v=20 e=0000 i=0 cpl=0 IP=0010:00101c7d pc=00101c7d SP=0018:0012dd20 env->regs[R_EAX]=00102844
EAX=00102844 EBX=00010000 ECX=000b8000 EDX=000004b5
ESI=00000000 EDI=00000000 EBP=0012dd68 ESP=0012dd20
EIP=00101c7d EFL=00200287 [--S--PC] CPL=0 II=0 A20=1 SMM=0 HLT=0
ES =0018 00000000 ffffffff 00cf9300 DPL=0 DS   [-WA]
CS =0010 00000000 ffffffff 00cf9a00 DPL=0 CS32 [-R-]
SS =0018 00000000 ffffffff 00cf9300 DPL=0 DS   [-WA]
DS =0018 00000000 ffffffff 00cf9300 DPL=0 DS   [-WA]
FS =0018 00000000 ffffffff 00cf9300 DPL=0 DS   [-WA]
GS =0018 00000000 ffffffff 00cf9300 DPL=0 DS   [-WA]
LDT=0000 00000000 0000ffff 00008200 DPL=0 LDT
TR =0000 00000000 0000ffff 00008b00 DPL=0 TSS32-busy
GDT=     000010b0 00000020
IDT=     001295e0 000007ff
CR0=00000011 CR2=00000000 CR3=00000000 CR4=00000000
DR0=00000000 DR1=00000000 DR2=00000000 DR3=00000000 
DR6=ffff0ff0 DR7=00000400
CCS=00000085 CCD=fffff514 CCO=EFLAGS
EFER=0000000000000000
Servicing hardware INT=0x20
   574: v=20 e=0000 i=0 cpl=0 IP=0010:001012d9 pc=001012d9 SP=0018:00103c5c env->regs[R_EAX]=00000001
EAX=00000001 EBX=001034e8 ECX=00000410 EDX=0000001a
ESI=00102880 EDI=00000061 EBP=00103c94 ESP=00103c5c
EIP=001012d9 EFL=00000246 [---Z-P-] CPL=0 II=0 A20=1 SMM=0 HLT=0
ES =0018 00000000 ffffffff 00cf9300 DPL=0 DS   [-WA]
CS =0010 00000000 ffffffff 00cf9a00 DPL=0 CS32 [-R-]
SS =0018 00000000 ffffffff 00cf9300 DPL=0 DS   [-WA]
DS =0018 00000000 ffffffff 00cf9300 DPL=0 DS   [-WA]
FS =0018 00000000 ffffffff 00cf9300 DPL=0 DS   [-WA]
GS =0018 00000000 ffffffff 00cf9300 DPL=0 DS   [-WA]
LDT=0000 00000000 0000ffff 00008200 DPL=0 LDT
TR =0000 00000000 0000ffff 00008b00 DPL=0 TSS32-busy
GDT=     000010b0 00000020
IDT=     001295e0 000007ff
CR0=00000011 CR2=00000000 CR3=00000000 CR4=00000000
DR0=00000000 DR1=00000000 DR2=00000000 DR3=00000000 
DR6=ffff0ff0 DR7=00000400
CCS=00000044 CCD=00000000 CCO=EFLAGS
EFER=0000000000000000
Servicing hardware INT=0x20
   575: v=20 e=0000 i=0 cpl=0 IP=0010:00100994 pc=00100994 SP=0018:001048d4 env->regs[R_EAX]=0000001c
EAX=0000001c EBX=00000000 ECX=00001900 EDX=00102844
ESI=001027c0 EDI=00000000 EBP=001048e4 ESP=001048d4
EIP=00100994 EFL=00000296 [--S-AP-] CPL=0 II=0 A20=1 SMM=0 HLT=0
ES =0018 00000000 ffffffff 00cf9300 DPL=0 DS   [-WA]
CS =0010 00000000 ffffffff 00cf9a00 DPL=0 CS32 [-R-]
SS =0018 00000000 ffffffff 00cf9300 DPL=0 DS   [-WA]
DS =0018 00000000 ffffffff 00cf9300 DPL=0 DS   [-WA]
FS =0018 00000000 ffffffff 00cf9300 DPL=0 DS   [-WA]
GS =0018 00000000 ffffffff 00cf9300 DPL=0 DS   [-WA]
LDT=0000 00000000 0000ffff 00008200 DPL=0 LDT
TR =0000 00000000 0000ffff 00008b00 DPL=0 TSS32-busy
GDT=     000010b0 00000020
IDT=     001295e0 000007ff
CR0=00000011 CR2=00000000 CR3=00000000 CR4=00000000
DR0=00000000 DR1=00000000 DR2=00000000 DR3=00000000 
DR6=ffff0ff0 DR7=00000400
CCS=00000094 CCD=ffffffff CCO=EFLAGS
EFER=0000000000000000
Servicing hardware INT=0x20
   576: v=20 e=0000 i=0 cpl=0 IP=0010:00101c44 pc=00101c44 SP=0018:0012dd20 env->regs[R_EAX]=00102844
EAX=00102844 EBX=00010000 ECX=00075300 EDX=0000990a
ESI=0012ddf4 EDI=00000000 EBP=0012dd68 ESP=0012dd20
EIP=00101c44 EFL=00200207 [-----PC] CPL=0 II=0 A20=1 SMM=0 HLT=0
ES =0018 00000000 ffffffff 00cf9300 DPL=0 DS   [-WA]
CS =0010 00000000 ffffffff 00cf9a00 DPL=0 CS32 [-R-]
SS =0018 00000000 ffffffff 00cf9300 DPL=0 DS   [-WA]
DS =0018 00000000 ffffffff 00cf9300 DPL=0 DS   [-WA]
FS =0018 00000000 ffffffff 00cf9300 DPL=0 DS   [-WA]
GS =0018 00000000 ffffffff 00cf9300 DPL=0 DS   [-WA]
LDT=0000 00000000 0000ffff 00008200 DPL=0 LDT
TR =0000 00000000 0000ffff 00008b00 DPL=0 TSS32-busy
GDT=     000010b0 00000020
IDT=     001295e0 000007ff
CR0=00000011 CR2=00000000 CR3=00000000 CR4=00000000
DR0=00000000 DR1=00000000 DR2=00000000 DR3=00000000 
DR6=ffff0ff0 DR7=00000400
CCS=00000005 CCD=0000990a CCO=EFLAGS
EFER=0000000000000000
Servicing hardware INT=0x20
   577: v=20 e=0000 i=0 cpl=0 IP=0010:001011e2 pc=001011e2 SP=0018:00103c98 env->regs[R_EAX]=001011e2
EAX=001011e2 EBX=00100072 ECX=00001068 EDX=00006f6f
ESI=0010006f EDI=00000000 EBP=00103cb4 ESP=00103c98
EIP=001011e2 EFL=00000206 [-----P-] CPL=0 II=0 A20=1 SMM=0 HLT=0
ES =0018 00000000 ffffffff 00cf9300 DPL=0 DS   [-WA]
CS =0010 00000000 ffffffff 00cf9a00 DPL=0 CS32 [-R-]
SS =0018 00000000 ffffffff 00cf9300 DPL=0 DS   [-WA]
DS =0018 00000000 ffffffff 00cf9300 DPL=0 DS   [-WA]
FS =0018 00000000 ffffffff 00cf9300 DPL=0 DS   [-WA]
GS =0018 00000000 ffffffff 00cf9300 DPL=0 DS   [-WA]
LDT=0000 00000000 0000ffff 00008200 DPL=0 LDT
TR =0000 00000000 0000ffff 00008b00 DPL=0 TSS32-busy
GDT=     000010b0 00000020
IDT=     001295e0 000007ff
CR0=00000011 CR2=00000000 CR3=00000000 CR4=00000000
DR0=00000000 DR1=00000000 DR2=00000000 DR3=00000000 
DR6=ffff0ff0 DR7=00000400
CCS=00000004 CCD=00103ca0 CCO=EFLAGS
EFER=0000000000000000
Servicing hardware INT=0x20
   578: v=20 e=0000 i=0 cpl=0 IP=0010:00100994 pc=00100994 SP=0018:001048d4 env->regs[R_EAX]=0000001c
EAX=0000001c EBX=00000000 ECX=00001900 EDX=00102844
ESI=001027c0 EDI=00000000 EBP=001048e4 ESP=001048d4
EIP=00100994 EFL=00000296 [--S-AP-] CPL=0 II=0 A20=1 SMM=0 HLT=0
ES =0018 00000000 ffffffff 00cf9300 DPL=0 DS   [-WA]
CS =0010 00000000 ffffffff 00cf9a00 DPL=0 CS32 [-R-]
SS =0018 00000000 ffffffff 00cf9300 DPL=0 DS   [-WA]
DS =0018 00000000 ffffffff 00cf9300 DPL=0 DS   [-WA]
FS =0018 00000000 ffffffff 00cf9300 DPL=0 DS   [-WA]
GS =0018 00000000 ffffffff 00cf9300 DPL=0 DS   [-WA]
LDT=0000 00000000 0000ffff 00008200 DPL=0 LDT
TR =0000 00000000 0000ffff 00008b00 DPL=0 TSS32-busy
GDT=     000010b0 00000020
IDT=     001295e0 000007ff
CR0=00000011 CR2=00000000 CR3=00000000 CR4=00000000
DR0=00000000 DR1=00000000 DR2=00000000 DR3=00000000 
DR6=ffff0ff0 DR7=00000400
CCS=00000094 CCD=ffffffff CCO=EFLAGS
EFER=0000000000000000
Servicing hardware INT=0x20
   579: v=20 e=0000 i=0 cpl=0 IP=0010:00101c44 pc=00101c44 SP=0018:0012dd20 env->regs[R_EAX]=00102844
EAX=00102844 EBX=00010000 ECX=00075300 EDX=0006c032
ESI=0012ddf4 EDI=00000000 EBP=0012dd68 ESP=0012dd20
EIP=00101c44 EFL=00200203 [------C] CPL=0 II=0 A20=1 SMM=0 HLT=0
ES =0018 00000000 ffffffff 00cf9300 DPL=0 DS   [-WA]
CS =0010 00000000 ffffffff 00cf9a00 DPL=0 CS32 [-R-]
SS =0018 00000000 ffffffff 00cf9300 DPL=0 DS   [-WA]
DS =0018 00000000 ffffffff 00cf9300 DPL=0 DS   [-WA]
FS =0018 00000000 ffffffff 00cf9300 DPL=0 DS   [-WA]
GS =0018 00000000 ffffffff 00cf9300 DPL=0 DS   [-WA]
LDT=0000 00000000 0000ffff 00008200 DPL=0 LDT
TR =0000 00000000 0000ffff 00008b00 DPL=0 TSS32-busy
GDT=     000010b0 00000020
IDT=     001295e0 000007ff
CR0=00000011 CR2=00000000 CR3=00000000 CR4=00000000
DR0=00000000 DR1=00000000 DR2=00000000 DR3=00000000 
DR6=ffff0ff0 DR7=00000400
CCS=00000001 CCD=0006c032 CCO=EFLAGS
EFER=0000000000000000
Servicing hardware INT=0x20
   580: v=20 e=0000 i=0 cpl=0 IP=0010:00101196 pc=00101196 SP=0018:00103c44 env->regs[R_EAX]=000000b6
EAX=000000b6 EBX=00103d28 ECX=0000019c EDX=00005b72
ESI=00102844 EDI=00000018 EBP=00103c54 ESP=00103c44
EIP=00101196 EFL=00000293 [--S-A-C] CPL=0 II=0 A20=1 SMM=0 HLT=0
ES =0018 00000000 ffffffff 00cf9300 DPL=0 DS   [-WA]
CS =0010 00000000 ffffffff 00cf9a00 DPL=0 CS32 [-R-]
SS =0018 00000000 ffffffff 00cf9300 DPL=0 DS   [-WA]
DS =0018 00000000 ffffffff 00cf9300 DPL=0 DS   [-WA]
FS =0018 00000000 ffffffff 00cf9300 DPL=0 DS   [-WA]
GS =0018 00000000 ffffffff 00cf9300 DPL=0 DS   [-WA]
LDT=0000 00000000 0000ffff 00008200 DPL=0 LDT
TR =0000 00000000 0000ffff 00008b00 DPL=0 TSS32-busy
GDT=     000010b0 00000020
IDT=     001295e0 000007ff
CR0=00000011 CR2=00000000 CR3=00000000 CR4=00000000
DR0=00000000 DR1=00000000 DR2=00000000 DR3=00000000 
DR6=ffff0ff0 DR7=00000400
CCS=00000091 CCD=fffffffe CCO=EFLAGS
EFER=0000000000000000
Servicing hardware INT=0x20
   581: v=20 e=0000 i=0 cpl=0 IP=0010:00100994 pc=00100994 SP=0018:001048d4 env->regs[R_EAX]=0000001c
EAX=0000001c EBX=00000000 ECX=00001900 EDX=00102844
ESI=001027c0 EDI=00000000 EBP=001048e4 ESP=001048d4
EIP=00100994 EFL=00000296 [--S-AP-] CPL=0 II=0 A20=1 SMM=0 HLT=0
ES =0018 00000000 ffffffff 00cf9300 DPL=0 DS   [-WA]
CS =0010 00000000 ffffffff 00cf9a00 DPL=0 CS32 [-R-]
SS =0018 00000000 ffffffff 00cf9300 DPL=0 DS   [-WA]
DS =0018 00000000 ffffffff 00cf9300 DPL=0 DS   [-WA]
FS =0018 00000000 ffffffff 00cf9300 DPL=0 DS   [-WA]
GS =0018 00000000 ffffffff 00cf9300 DPL=0 DS   [-WA]
LDT=0000 00000000 0000ffff 00008200 DPL=0 LDT
TR =0000 00000000 0000ffff 00008b00 DPL=0 TSS32-busy
GDT=     000010b0 00000020
IDT=     001295e0 000007ff
CR0=00000011 CR2=00000000 CR3=00000000 CR4=00000000
DR0=00000000 DR1=00000000 DR2=00000000 DR3=00000000 
DR6=ffff0ff0 DR7=00000400
CCS=00000094 CCD=ffffffff CCO=EFLAGS
EFER=0000000000000000
Servicing hardware INT=0x20
   582: v=20 e=0000 i=0 cpl=0 IP=0010:001019b8 pc=001019b8 SP=0018:0012dd64 env->regs[R_EAX]=002b6fa4
EAX=002b6fa4 EBX=006e96c2 ECX=003029f4 EDX=fd1891b0
ESI=0012dd78 EDI=00000000 EBP=0012dd68 ESP=0012dd64
EIP=001019b8 EFL=00200202 [-------] CPL=0 II=0 A20=1 SMM=0 HLT=0
ES =0018 00000000 ffffffff 00cf9300 DPL=0 DS   [-WA]
CS =0010 00000000 ffffffff 00cf9a00 DPL=0 CS32 [-R-]
SS =0018 00000000 ffffffff 00cf9300 DPL=0 DS   [-WA]
DS =0018 00000000 ffffffff 00cf9300 DPL=0 DS   [-WA]
FS =0018 00000000 ffffffff 00cf9300 DPL=0 DS   [-WA]
GS =0018 00000000 ffffffff 00cf9300 DPL=0 DS   [-WA]
LDT=0000 00000000 0000ffff 00008200 DPL=0 LDT
TR =0000 00000000 0000ffff 00008b00 DPL=0 TSS32-busy
GDT=     000010b0 00000020
IDT=     001295e0 000007ff
CR0=00000011 CR2=00000000 CR3=00000000 CR4=00000000
DR0=00000000 DR1=00000000 DR2=00000000 DR3=00000000 
DR6=ffff0ff0 DR7=00000400
CCS=00000000 CCD=002b6fa4 CCO=EFLAGS
EFER=0000000000000000
Servicing hardware INT=0x20
   583: v=20 e=0000 i=0 cpl=0 IP=0010:001011e2 pc=001011e2 SP=0018:00103c98 env->regs[R_EAX]=001011e2
EAX=001011e2 EBX=00100072 ECX=0000106e EDX=0000316f
ESI=0010006f EDI=00000000 EBP=00103cb4 ESP=00103c98
EIP=001011e2 EFL=00000206 [-----P-] CPL=0 II=0 A20=1 SMM=0 HLT=0
ES =0018 00000000 ffffffff 00cf9300 DPL=0 DS   [-WA]
CS =0010 00000000 ffffffff 00cf9a00 DPL=0 CS32 [-R-]
SS =0018 00000000 ffffffff 00cf9300 DPL=0 DS   [-WA]
DS =0018 00000000 ffffffff 00cf9300 DPL=0 DS   [-WA]
FS =0018 00000000 ffffffff 00cf9300 DPL=0 DS   [-WA]
GS =0018 00000000 ffffffff 00cf9300 DPL=0 DS   [-WA]
LDT=0000 00000000 0000ffff 00008200 DPL=0 LDT
TR =0000 00000000 0000ffff 00008b00 DPL=0 TSS32-busy
GDT=     000010b0 00000020
IDT=     001295e0 000007ff
CR0=00000011 CR2=00000000 CR3=00000000 CR4=00000000
DR0=00000000 DR1=00000000 DR2=00000000 DR3=00000000 
DR6=ffff0ff0 DR7=00000400
CCS=00000004 CCD=00103ca0 CCO=EFLAGS
EFER=0000000000000000
Servicing hardware INT=0x20
   584: v=20 e=0000 i=0 cpl=0 IP=0010:00100994 pc=00100994 SP=0018:001048d4 env->regs[R_EAX]=0000001c
EAX=0000001c EBX=00000000 ECX=00001900 EDX=00102844
ESI=001027c0 EDI=00000000 EBP=001048e4 ESP=001048d4
EIP=00100994 EFL=00000296 [--S-AP-] CPL=0 II=0 A20=1 SMM=0 HLT=0
ES =0018 00000000 ffffffff 00cf9300 DPL=0 DS   [-WA]
CS =0010 00000000 ffffffff 00cf9a00 DPL=0 CS32 [-R-]
SS =0018 00000000 ffffffff 00cf9300 DPL=0 DS   [-WA]
DS =0018 00000000 ffffffff 00cf9300 DPL=0 DS   [-WA]
FS =0018 00000000 ffffffff 00cf9300 DPL=0 DS   [-WA]
GS =0018 00000000 ffffffff 00cf9300 DPL=0 DS   [-WA]
LDT=0000 00000000 0000ffff 00008200 DPL=0 LDT
TR =0000 00000000 0000ffff 00008b00 DPL=0 TSS32-busy
GDT=     000010b0 00000020
IDT=     001295e0 000007ff
CR0=00000011 CR2=00000000 CR3=00000000 CR4=00000000
DR0=00000000 DR1=00000000 DR2=00000000 DR3=00000000 
DR6=ffff0ff0 DR7=00000400
CCS=00000094 CCD=ffffffff CCO=EFLAGS
EFER=0000000000000000
Servicing hardware INT=0x20
   585: v=20 e=0000 i=0 cpl=0 IP=0010:00101c44 pc=00101c44 SP=0018:0012dd20 env->regs[R_EAX]=00102844
EAX=00102844 EBX=00010000 ECX=00075300 EDX=00026b10
ESI=0012ddf4 EDI=00000000 EBP=0012dd68 ESP=0012dd20
EIP=00101c44 EFL=00200213 [----A-C] CPL=0 II=0 A20=1 SMM=0 HLT=0
ES =0018 00000000 ffffffff 00cf9300 DPL=0 DS   [-WA]
CS =0010 00000000 ffffffff 00cf9a00 DPL=0 CS32 [-R-]
SS =0018 00000000 ffffffff 00cf9300 DPL=0 DS   [-WA]
DS =0018 00000000 ffffffff 00cf9300 DPL=0 DS   [-WA]
FS =0018 00000000 ffffffff 00cf9300 DPL=0 DS   [-WA]
GS =0018 00000000 ffffffff 00cf9300 DPL=0 DS   [-WA]
LDT=0000 00000000 0000ffff 00008200 DPL=0 LDT
TR =0000 00000000 0000ffff 00008b00 DPL=0 TSS32-busy
GDT=     000010b0 00000020
IDT=     001295e0 000007ff
CR0=00000011 CR2=00000000 CR3=00000000 CR4=00000000
DR0=00000000 DR1=00000000 DR2=00000000 DR3=00000000 
DR6=ffff0ff0 DR7=00000400
CCS=00000011 CCD=00026b10 CCO=EFLAGS
EFER=0000000000000000
Servicing hardware INT=0x20
   586: v=20 e=0000 i=0 cpl=0 IP=0010:00101196 pc=00101196 SP=0018:00103c44 env->regs[R_EAX]=0000009c
EAX=0000009c EBX=00103d28 ECX=00000154 EDX=00003372
ESI=00102844 EDI=0000000e EBP=00103c54 ESP=00103c44
EIP=00101196 EFL=00000283 [--S---C] CPL=0 II=0 A20=1 SMM=0 HLT=0
ES =0018 00000000 ffffffff 00cf9300 DPL=0 DS   [-WA]
CS =0010 00000000 ffffffff 00cf9a00 DPL=0 CS32 [-R-]
SS =0018 00000000 ffffffff 00cf9300 DPL=0 DS   [-WA]
DS =0018 00000000 ffffffff 00cf9300 DPL=0 DS   [-WA]
FS =0018 00000000 ffffffff 00cf9300 DPL=0 DS   [-WA]
GS =0018 00000000 ffffffff 00cf9300 DPL=0 DS   [-WA]
LDT=0000 00000000 0000ffff 00008200 DPL=0 LDT
TR =0000 00000000 0000ffff 00008b00 DPL=0 TSS32-busy
GDT=     000010b0 00000020
IDT=     001295e0 000007ff
CR0=00000011 CR2=00000000 CR3=00000000 CR4=00000000
DR0=00000000 DR1=00000000 DR2=00000000 DR3=00000000 
DR6=ffff0ff0 DR7=00000400
CCS=00000081 CCD=fffffff4 CCO=EFLAGS
EFER=0000000000000000
Servicing hardware INT=0x20
   587: v=20 e=0000 i=0 cpl=0 IP=0010:00100994 pc=00100994 SP=0018:001048d4 env->regs[R_EAX]=0000001c
EAX=0000001c EBX=00000000 ECX=00001900 EDX=00102844
ESI=001027c0 EDI=00000000 EBP=001048e4 ESP=001048d4
EIP=00100994 EFL=00000296 [--S-AP-] CPL=0 II=0 A20=1 SMM=0 HLT=0
ES =0018 00000000 ffffffff 00cf9300 DPL=0 DS   [-WA]
CS =0010 00000000 ffffffff 00cf9a00 DPL=0 CS32 [-R-]
SS =0018 00000000 ffffffff 00cf9300 DPL=0 DS   [-WA]
DS =0018 00000000 ffffffff 00cf9300 DPL=0 DS   [-WA]
FS =0018 00000000 ffffffff 00cf9300 DPL=0 DS   [-WA]
GS =0018 00000000 ffffffff 00cf9300 DPL=0 DS   [-WA]
LDT=0000 00000000 0000ffff 00008200 DPL=0 LDT
TR =0000 00000000 0000ffff 00008b00 DPL=0 TSS32-busy
GDT=     000010b0 00000020
IDT=     001295e0 000007ff
CR0=00000011 CR2=00000000 CR3=00000000 CR4=00000000
DR0=00000000 DR1=00000000 DR2=00000000 DR3=00000000 
DR6=ffff0ff0 DR7=00000400
CCS=00000094 CCD=ffffffff CCO=EFLAGS
EFER=0000000000000000
Servicing hardware INT=0x20
   588: v=20 e=0000 i=0 cpl=0 IP=0010:00101c44 pc=00101c44 SP=0018:0012dd20 env->regs[R_EAX]=00102844
EAX=00102844 EBX=00010000 ECX=00075300 EDX=000626bc
ESI=0012ddf4 EDI=00000000 EBP=0012dd68 ESP=0012dd20
EIP=00101c44 EFL=00200203 [------C] CPL=0 II=0 A20=1 SMM=0 HLT=0
ES =0018 00000000 ffffffff 00cf9300 DPL=0 DS   [-WA]
CS =0010 00000000 ffffffff 00cf9a00 DPL=0 CS32 [-R-]
SS =0018 00000000 ffffffff 00cf9300 DPL=0 DS   [-WA]
DS =0018 00000000 ffffffff 00cf9300 DPL=0 DS   [-WA]
FS =0018 00000000 ffffffff 00cf9300 DPL=0 DS   [-WA]
GS =0018 00000000 ffffffff 00cf9300 DPL=0 DS   [-WA]
LDT=0000 00000000 0000ffff 00008200 DPL=0 LDT
TR =0000 00000000 0000ffff 00008b00 DPL=0 TSS32-busy
GDT=     000010b0 00000020
IDT=     001295e0 000007ff
CR0=00000011 CR2=00000000 CR3=00000000 CR4=00000000
DR0=00000000 DR1=00000000 DR2=00000000 DR3=00000000 
DR6=ffff0ff0 DR7=00000400
CCS=00000001 CCD=000626bc CCO=EFLAGS
EFER=0000000000000000
Servicing hardware INT=0x20
   589: v=20 e=0000 i=0 cpl=0 IP=0010:00101196 pc=00101196 SP=0018:00103c44 env->regs[R_EAX]=00000104
EAX=00000104 EBX=00103d28 ECX=0000022a EDX=00007761
ESI=00102844 EDI=00000011 EBP=00103c54 ESP=00103c44
EIP=00101196 EFL=00000293 [--S-A-C] CPL=0 II=0 A20=1 SMM=0 HLT=0
ES =0018 00000000 ffffffff 00cf9300 DPL=0 DS   [-WA]
CS =0010 00000000 ffffffff 00cf9a00 DPL=0 CS32 [-R-]
SS =0018 00000000 ffffffff 00cf9300 DPL=0 DS   [-WA]
DS =0018 00000000 ffffffff 00cf9300 DPL=0 DS   [-WA]
FS =0018 00000000 ffffffff 00cf9300 DPL=0 DS   [-WA]
GS =0018 00000000 ffffffff 00cf9300 DPL=0 DS   [-WA]
LDT=0000 00000000 0000ffff 00008200 DPL=0 LDT
TR =0000 00000000 0000ffff 00008b00 DPL=0 TSS32-busy
GDT=     000010b0 00000020
IDT=     001295e0 000007ff
CR0=00000011 CR2=00000000 CR3=00000000 CR4=00000000
DR0=00000000 DR1=00000000 DR2=00000000 DR3=00000000 
DR6=ffff0ff0 DR7=00000400
CCS=00000091 CCD=fffffff7 CCO=EFLAGS
EFER=0000000000000000
Servicing hardware INT=0x20
   590: v=20 e=0000 i=0 cpl=0 IP=0010:00100994 pc=00100994 SP=0018:001048d4 env->regs[R_EAX]=0000001c
EAX=0000001c EBX=00000000 ECX=00001900 EDX=00102844
ESI=001027c0 EDI=00000000 EBP=001048e4 ESP=001048d4
EIP=00100994 EFL=00000296 [--S-AP-] CPL=0 II=0 A20=1 SMM=0 HLT=0
ES =0018 00000000 ffffffff 00cf9300 DPL=0 DS   [-WA]
CS =0010 00000000 ffffffff 00cf9a00 DPL=0 CS32 [-R-]
SS =0018 00000000 ffffffff 00cf9300 DPL=0 DS   [-WA]
DS =0018 00000000 ffffffff 00cf9300 DPL=0 DS   [-WA]
FS =0018 00000000 ffffffff 00cf9300 DPL=0 DS   [-WA]
GS =0018 00000000 ffffffff 00cf9300 DPL=0 DS   [-WA]
LDT=0000 00000000 0000ffff 00008200 DPL=0 LDT
TR =0000 00000000 0000ffff 00008b00 DPL=0 TSS32-busy
GDT=     000010b0 00000020
IDT=     001295e0 000007ff
CR0=00000011 CR2=00000000 CR3=00000000 CR4=00000000
DR0=00000000 DR1=00000000 DR2=00000000 DR3=00000000 
DR6=ffff0ff0 DR7=00000400
CCS=00000094 CCD=ffffffff CCO=EFLAGS
EFER=0000000000000000
Servicing hardware INT=0x20
   591: v=20 e=0000 i=0 cpl=0 IP=0010:001019bc pc=001019bc SP=0018:0012dd64 env->regs[R_EAX]=0025bc48
EAX=0025bc48 EBX=006e96c2 ECX=003029f4 EDX=fd12de54
ESI=0012dd78 EDI=00000000 EBP=0012dd68 ESP=0012dd64
EIP=001019bc EFL=00200283 [--S---C] CPL=0 II=0 A20=1 SMM=0 HLT=0
ES =0018 00000000 ffffffff 00cf9300 DPL=0 DS   [-WA]
CS =0010 00000000 ffffffff 00cf9a00 DPL=0 CS32 [-R-]
SS =0018 00000000 ffffffff 00cf9300 DPL=0 DS   [-WA]
DS =0018 00000000 ffffffff 00cf9300 DPL=0 DS   [-WA]
FS =0018 00000000 ffffffff 00cf9300 DPL=0 DS   [-WA]
GS =0018 00000000 ffffffff 00cf9300 DPL=0 DS   [-WA]
LDT=0000 00000000 0000ffff 00008200 DPL=0 LDT
TR =0000 00000000 0000ffff 00008b00 DPL=0 TSS32-busy
GDT=     000010b0 00000020
IDT=     001295e0 000007ff
CR0=00000011 CR2=00000000 CR3=00000000 CR4=00000000
DR0=00000000 DR1=00000000 DR2=00000000 DR3=00000000 
DR6=ffff0ff0 DR7=00000400
CCS=00000081 CCD=fff59254 CCO=EFLAGS
EFER=0000000000000000
Servicing hardware INT=0x20
   592: v=20 e=0000 i=0 cpl=0 IP=0010:00101196 pc=00101196 SP=0018:00103c44 env->regs[R_EAX]=000001a0
EAX=000001a0 EBX=00103d28 ECX=00000350 EDX=0000ad6f
ESI=00102844 EDI=00000008 EBP=00103c54 ESP=00103c44
EIP=00101196 EFL=00000297 [--S-APC] CPL=0 II=0 A20=1 SMM=0 HLT=0
ES =0018 00000000 ffffffff 00cf9300 DPL=0 DS   [-WA]
CS =0010 00000000 ffffffff 00cf9a00 DPL=0 CS32 [-R-]
SS =0018 00000000 ffffffff 00cf9300 DPL=0 DS   [-WA]
DS =0018 00000000 ffffffff 00cf9300 DPL=0 DS   [-WA]
FS =0018 00000000 ffffffff 00cf9300 DPL=0 DS   [-WA]
GS =0018 00000000 ffffffff 00cf9300 DPL=0 DS   [-WA]
LDT=0000 00000000 0000ffff 00008200 DPL=0 LDT
TR =0000 00000000 0000ffff 00008b00 DPL=0 TSS32-busy
GDT=     000010b0 00000020
IDT=     001295e0 000007ff
CR0=00000011 CR2=00000000 CR3=00000000 CR4=00000000
DR0=00000000 DR1=00000000 DR2=00000000 DR3=00000000 
DR6=ffff0ff0 DR7=00000400
CCS=00000095 CCD=ffffffee CCO=EFLAGS
EFER=0000000000000000
Servicing hardware INT=0x20
   593: v=20 e=0000 i=0 cpl=0 IP=0010:00100994 pc=00100994 SP=0018:001048d4 env->regs[R_EAX]=0000001c
EAX=0000001c EBX=00000000 ECX=00001900 EDX=00102844
ESI=001027c0 EDI=00000000 EBP=001048e4 ESP=001048d4
EIP=00100994 EFL=00000296 [--S-AP-] CPL=0 II=0 A20=1 SMM=0 HLT=0
ES =0018 00000000 ffffffff 00cf9300 DPL=0 DS   [-WA]
CS =0010 00000000 ffffffff 00cf9a00 DPL=0 CS32 [-R-]
SS =0018 00000000 ffffffff 00cf9300 DPL=0 DS   [-WA]
DS =0018 00000000 ffffffff 00cf9300 DPL=0 DS   [-WA]
FS =0018 00000000 ffffffff 00cf9300 DPL=0 DS   [-WA]
GS =0018 00000000 ffffffff 00cf9300 DPL=0 DS   [-WA]
LDT=0000 00000000 0000ffff 00008200 DPL=0 LDT
TR =0000 00000000 0000ffff 00008b00 DPL=0 TSS32-busy
GDT=     000010b0 00000020
IDT=     001295e0 000007ff
CR0=00000011 CR2=00000000 CR3=00000000 CR4=00000000
DR0=00000000 DR1=00000000 DR2=00000000 DR3=00000000 
DR6=ffff0ff0 DR7=00000400
CCS=00000094 CCD=ffffffff CCO=EFLAGS
EFER=0000000000000000
Servicing hardware INT=0x20
   594: v=20 e=0000 i=0 cpl=0 IP=0010:00101c4f pc=00101c4f SP=0018:0012dd20 env->regs[R_EAX]=00102844
EAX=00102844 EBX=00010000 ECX=00075300 EDX=0006db02
ESI=0012ddf4 EDI=00000000 EBP=0012dd68 ESP=0012dd20
EIP=00101c4f EFL=00200283 [--S---C] CPL=0 II=0 A20=1 SMM=0 HLT=0
ES =0018 00000000 ffffffff 00cf9300 DPL=0 DS   [-WA]
CS =0010 00000000 ffffffff 00cf9a00 DPL=0 CS32 [-R-]
SS =0018 00000000 ffffffff 00cf9300 DPL=0 DS   [-WA]
DS =0018 00000000 ffffffff 00cf9300 DPL=0 DS   [-WA]
FS =0018 00000000 ffffffff 00cf9300 DPL=0 DS   [-WA]
GS =0018 00000000 ffffffff 00cf9300 DPL=0 DS   [-WA]
LDT=0000 00000000 0000ffff 00008200 DPL=0 LDT
TR =0000 00000000 0000ffff 00008b00 DPL=0 TSS32-busy
GDT=     000010b0 00000020
IDT=     001295e0 000007ff
CR0=00000011 CR2=00000000 CR3=00000000 CR4=00000000
DR0=00000000 DR1=00000000 DR2=00000000 DR3=00000000 
DR6=ffff0ff0 DR7=00000400
CCS=00000081 CCD=ffff8802 CCO=EFLAGS
EFER=0000000000000000
Servicing hardware INT=0x20
   595: v=20 e=0000 i=0 cpl=0 IP=0010:001011e2 pc=001011e2 SP=0018:00103c98 env->regs[R_EAX]=001011e2
EAX=001011e2 EBX=00100072 ECX=00001054 EDX=0000836f
ESI=0010006f EDI=00000000 EBP=00103cb4 ESP=00103c98
EIP=001011e2 EFL=00000206 [-----P-] CPL=0 II=0 A20=1 SMM=0 HLT=0
ES =0018 00000000 ffffffff 00cf9300 DPL=0 DS   [-WA]
CS =0010 00000000 ffffffff 00cf9a00 DPL=0 CS32 [-R-]
SS =0018 00000000 ffffffff 00cf9300 DPL=0 DS   [-WA]
DS =0018 00000000 ffffffff 00cf9300 DPL=0 DS   [-WA]
FS =0018 00000000 ffffffff 00cf9300 DPL=0 DS   [-WA]
GS =0018 00000000 ffffffff 00cf9300 DPL=0 DS   [-WA]
LDT=0000 00000000 0000ffff 00008200 DPL=0 LDT
TR =0000 00000000 0000ffff 00008b00 DPL=0 TSS32-busy
GDT=     000010b0 00000020
IDT=     001295e0 000007ff
CR0=00000011 CR2=00000000 CR3=00000000 CR4=00000000
DR0=00000000 DR1=00000000 DR2=00000000 DR3=00000000 
DR6=ffff0ff0 DR7=00000400
CCS=00000004 CCD=00103ca0 CCO=EFLAGS
EFER=0000000000000000
Servicing hardware INT=0x20
   596: v=20 e=0000 i=0 cpl=0 IP=0010:00100994 pc=00100994 SP=0018:001048d4 env->regs[R_EAX]=0000001c
EAX=0000001c EBX=00000000 ECX=00001900 EDX=00102844
ESI=001027c0 EDI=00000000 EBP=001048e4 ESP=001048d4
EIP=00100994 EFL=00000296 [--S-AP-] CPL=0 II=0 A20=1 SMM=0 HLT=0
ES =0018 00000000 ffffffff 00cf9300 DPL=0 DS   [-WA]
CS =0010 00000000 ffffffff 00cf9a00 DPL=0 CS32 [-R-]
SS =0018 00000000 ffffffff 00cf9300 DPL=0 DS   [-WA]
DS =0018 00000000 ffffffff 00cf9300 DPL=0 DS   [-WA]
FS =0018 00000000 ffffffff 00cf9300 DPL=0 DS   [-WA]
GS =0018 00000000 ffffffff 00cf9300 DPL=0 DS   [-WA]
LDT=0000 00000000 0000ffff 00008200 DPL=0 LDT
TR =0000 00000000 0000ffff 00008b00 DPL=0 TSS32-busy
GDT=     000010b0 00000020
IDT=     001295e0 000007ff
CR0=00000011 CR2=00000000 CR3=00000000 CR4=00000000
DR0=00000000 DR1=00000000 DR2=00000000 DR3=00000000 
DR6=ffff0ff0 DR7=00000400
CCS=00000094 CCD=ffffffff CCO=EFLAGS
EFER=0000000000000000
Servicing hardware INT=0x20
   597: v=20 e=0000 i=0 cpl=0 IP=0010:001019b8 pc=001019b8 SP=0018:0012dd64 env->regs[R_EAX]=00282788
EAX=00282788 EBX=006e96c2 ECX=003029f4 EDX=fd154994
ESI=0012dd78 EDI=00000000 EBP=0012dd68 ESP=0012dd64
EIP=001019b8 EFL=00200206 [-----P-] CPL=0 II=0 A20=1 SMM=0 HLT=0
ES =0018 00000000 ffffffff 00cf9300 DPL=0 DS   [-WA]
CS =0010 00000000 ffffffff 00cf9a00 DPL=0 CS32 [-R-]
SS =0018 00000000 ffffffff 00cf9300 DPL=0 DS   [-WA]
DS =0018 00000000 ffffffff 00cf9300 DPL=0 DS   [-WA]
FS =0018 00000000 ffffffff 00cf9300 DPL=0 DS   [-WA]
GS =0018 00000000 ffffffff 00cf9300 DPL=0 DS   [-WA]
LDT=0000 00000000 0000ffff 00008200 DPL=0 LDT
TR =0000 00000000 0000ffff 00008b00 DPL=0 TSS32-busy
GDT=     000010b0 00000020
IDT=     001295e0 000007ff
CR0=00000011 CR2=00000000 CR3=00000000 CR4=00000000
DR0=00000000 DR1=00000000 DR2=00000000 DR3=00000000 
DR6=ffff0ff0 DR7=00000400
CCS=00000004 CCD=00282788 CCO=EFLAGS
EFER=0000000000000000
Servicing hardware INT=0x20
   598: v=20 e=0000 i=0 cpl=0 IP=0010:00101196 pc=00101196 SP=0018:00103c44 env->regs[R_EAX]=000001ba
EAX=000001ba EBX=00103d28 ECX=0000039a EDX=0000bb61
ESI=00102844 EDI=00000013 EBP=00103c54 ESP=00103c44
EIP=00101196 EFL=00000297 [--S-APC] CPL=0 II=0 A20=1 SMM=0 HLT=0
ES =0018 00000000 ffffffff 00cf9300 DPL=0 DS   [-WA]
CS =0010 00000000 ffffffff 00cf9a00 DPL=0 CS32 [-R-]
SS =0018 00000000 ffffffff 00cf9300 DPL=0 DS   [-WA]
DS =0018 00000000 ffffffff 00cf9300 DPL=0 DS   [-WA]
FS =0018 00000000 ffffffff 00cf9300 DPL=0 DS   [-WA]
GS =0018 00000000 ffffffff 00cf9300 DPL=0 DS   [-WA]
LDT=0000 00000000 0000ffff 00008200 DPL=0 LDT
TR =0000 00000000 0000ffff 00008b00 DPL=0 TSS32-busy
GDT=     000010b0 00000020
IDT=     001295e0 000007ff
CR0=00000011 CR2=00000000 CR3=00000000 CR4=00000000
DR0=00000000 DR1=00000000 DR2=00000000 DR3=00000000 
DR6=ffff0ff0 DR7=00000400
CCS=00000095 CCD=fffffff9 CCO=EFLAGS
EFER=0000000000000000
Servicing hardware INT=0x20
   599: v=20 e=0000 i=0 cpl=0 IP=0010:00100994 pc=00100994 SP=0018:001048d4 env->regs[R_EAX]=0000001c
EAX=0000001c EBX=00000000 ECX=00001900 EDX=00102844
ESI=001027c0 EDI=00000000 EBP=001048e4 ESP=001048d4
EIP=00100994 EFL=00000296 [--S-AP-] CPL=0 II=0 A20=1 SMM=0 HLT=0
ES =0018 00000000 ffffffff 00cf9300 DPL=0 DS   [-WA]
CS =0010 00000000 ffffffff 00cf9a00 DPL=0 CS32 [-R-]
SS =0018 00000000 ffffffff 00cf9300 DPL=0 DS   [-WA]
DS =0018 00000000 ffffffff 00cf9300 DPL=0 DS   [-WA]
FS =0018 00000000 ffffffff 00cf9300 DPL=0 DS   [-WA]
GS =0018 00000000 ffffffff 00cf9300 DPL=0 DS   [-WA]
LDT=0000 00000000 0000ffff 00008200 DPL=0 LDT
TR =0000 00000000 0000ffff 00008b00 DPL=0 TSS32-busy
GDT=     000010b0 00000020
IDT=     001295e0 000007ff
CR0=00000011 CR2=00000000 CR3=00000000 CR4=00000000
DR0=00000000 DR1=00000000 DR2=00000000 DR3=00000000 
DR6=ffff0ff0 DR7=00000400
CCS=00000094 CCD=ffffffff CCO=EFLAGS
EFER=0000000000000000
Servicing hardware INT=0x20
   600: v=20 e=0000 i=0 cpl=0 IP=0010:00101c7d pc=00101c7d SP=0018:0012dd20 env->regs[R_EAX]=00102844
EAX=00102844 EBX=00010000 ECX=000b8000 EDX=00000001
ESI=00000000 EDI=00000000 EBP=0012dd68 ESP=0012dd20
EIP=00101c7d EFL=00200246 [---Z-P-] CPL=0 II=0 A20=1 SMM=0 HLT=0
ES =0018 00000000 ffffffff 00cf9300 DPL=0 DS   [-WA]
CS =0010 00000000 ffffffff 00cf9a00 DPL=0 CS32 [-R-]
SS =0018 00000000 ffffffff 00cf9300 DPL=0 DS   [-WA]
DS =0018 00000000 ffffffff 00cf9300 DPL=0 DS   [-WA]
FS =0018 00000000 ffffffff 00cf9300 DPL=0 DS   [-WA]
GS =0018 00000000 ffffffff 00cf9300 DPL=0 DS   [-WA]
LDT=0000 00000000 0000ffff 00008200 DPL=0 LDT
TR =0000 00000000 0000ffff 00008b00 DPL=0 TSS32-busy
GDT=     000010b0 00000020
IDT=     001295e0 000007ff
CR0=00000011 CR2=00000000 CR3=00000000 CR4=00000000
DR0=00000000 DR1=00000000 DR2=00000000 DR3=00000000 
DR6=ffff0ff0 DR7=00000400
CCS=00000044 CCD=00000000 CCO=EFLAGS
EFER=0000000000000000
Servicing hardware INT=0x20
   601: v=20 e=0000 i=0 cpl=0 IP=0010:001012e3 pc=001012e3 SP=0018:00103c5c env->regs[R_EAX]=00000018
EAX=00000018 EBX=001034e8 ECX=00001072 EDX=00005366
ESI=00102880 EDI=00000066 EBP=00103c94 ESP=00103c5c
EIP=001012e3 EFL=00000246 [---Z-P-] CPL=0 II=0 A20=1 SMM=0 HLT=0
ES =0018 00000000 ffffffff 00cf9300 DPL=0 DS   [-WA]
CS =0010 00000000 ffffffff 00cf9a00 DPL=0 CS32 [-R-]
SS =0018 00000000 ffffffff 00cf9300 DPL=0 DS   [-WA]
DS =0018 00000000 ffffffff 00cf9300 DPL=0 DS   [-WA]
FS =0018 00000000 ffffffff 00cf9300 DPL=0 DS   [-WA]
GS =0018 00000000 ffffffff 00cf9300 DPL=0 DS   [-WA]
LDT=0000 00000000 0000ffff 00008200 DPL=0 LDT
TR =0000 00000000 0000ffff 00008b00 DPL=0 TSS32-busy
GDT=     000010b0 00000020
IDT=     001295e0 000007ff
CR0=00000011 CR2=00000000 CR3=00000000 CR4=00000000
DR0=00000000 DR1=00000000 DR2=00000000 DR3=00000000 
DR6=ffff0ff0 DR7=00000400
CCS=00000044 CCD=00000000 CCO=EFLAGS
EFER=0000000000000000
Servicing hardware INT=0x20
   602: v=20 e=0000 i=0 cpl=0 IP=0010:00100994 pc=00100994 SP=0018:001048d4 env->regs[R_EAX]=0000001c
EAX=0000001c EBX=00000000 ECX=00001900 EDX=00102844
ESI=001027c0 EDI=00000000 EBP=001048e4 ESP=001048d4
EIP=00100994 EFL=00000296 [--S-AP-] CPL=0 II=0 A20=1 SMM=0 HLT=0
ES =0018 00000000 ffffffff 00cf9300 DPL=0 DS   [-WA]
CS =0010 00000000 ffffffff 00cf9a00 DPL=0 CS32 [-R-]
SS =0018 00000000 ffffffff 00cf9300 DPL=0 DS   [-WA]
DS =0018 00000000 ffffffff 00cf9300 DPL=0 DS   [-WA]
FS =0018 00000000 ffffffff 00cf9300 DPL=0 DS   [-WA]
GS =0018 00000000 ffffffff 00cf9300 DPL=0 DS   [-WA]
LDT=0000 00000000 0000ffff 00008200 DPL=0 LDT
TR =0000 00000000 0000ffff 00008b00 DPL=0 TSS32-busy
GDT=     000010b0 00000020
IDT=     001295e0 000007ff
CR0=00000011 CR2=00000000 CR3=00000000 CR4=00000000
DR0=00000000 DR1=00000000 DR2=00000000 DR3=00000000 
DR6=ffff0ff0 DR7=00000400
CCS=00000094 CCD=ffffffff CCO=EFLAGS
EFER=0000000000000000
Servicing hardware INT=0x20
   603: v=20 e=0000 i=0 cpl=0 IP=0010:001019bc pc=001019bc SP=0018:0012dd64 env->regs[R_EAX]=001bc318
EAX=001bc318 EBX=0074b2ed ECX=003029f4 EDX=fd08e524
ESI=0012dd78 EDI=00000000 EBP=0012dd68 ESP=0012dd64
EIP=001019bc EFL=00200287 [--S--PC] CPL=0 II=0 A20=1 SMM=0 HLT=0
ES =0018 00000000 ffffffff 00cf9300 DPL=0 DS   [-WA]
CS =0010 00000000 ffffffff 00cf9a00 DPL=0 CS32 [-R-]
SS =0018 00000000 ffffffff 00cf9300 DPL=0 DS   [-WA]
DS =0018 00000000 ffffffff 00cf9300 DPL=0 DS   [-WA]
FS =0018 00000000 ffffffff 00cf9300 DPL=0 DS   [-WA]
GS =0018 00000000 ffffffff 00cf9300 DPL=0 DS   [-WA]
LDT=0000 00000000 0000ffff 00008200 DPL=0 LDT
TR =0000 00000000 0000ffff 00008b00 DPL=0 TSS32-busy
GDT=     000010b0 00000020
IDT=     001295e0 000007ff
CR0=00000011 CR2=00000000 CR3=00000000 CR4=00000000
DR0=00000000 DR1=00000000 DR2=00000000 DR3=00000000 
DR6=ffff0ff0 DR7=00000400
CCS=00000085 CCD=ffeb9924 CCO=EFLAGS
EFER=0000000000000000
Servicing hardware INT=0x20
   604: v=20 e=0000 i=0 cpl=0 IP=0010:00101196 pc=00101196 SP=0018:00103c44 env->regs[R_EAX]=0000001a
EAX=0000001a EBX=00103d28 ECX=0000004e EDX=0000f962
ESI=00102844 EDI=0000000d EBP=00103c54 ESP=00103c44
EIP=00101196 EFL=00000287 [--S--PC] CPL=0 II=0 A20=1 SMM=0 HLT=0
ES =0018 00000000 ffffffff 00cf9300 DPL=0 DS   [-WA]
CS =0010 00000000 ffffffff 00cf9a00 DPL=0 CS32 [-R-]
SS =0018 00000000 ffffffff 00cf9300 DPL=0 DS   [-WA]
DS =0018 00000000 ffffffff 00cf9300 DPL=0 DS   [-WA]
FS =0018 00000000 ffffffff 00cf9300 DPL=0 DS   [-WA]
GS =0018 00000000 ffffffff 00cf9300 DPL=0 DS   [-WA]
LDT=0000 00000000 0000ffff 00008200 DPL=0 LDT
TR =0000 00000000 0000ffff 00008b00 DPL=0 TSS32-busy
GDT=     000010b0 00000020
IDT=     001295e0 000007ff
CR0=00000011 CR2=00000000 CR3=00000000 CR4=00000000
DR0=00000000 DR1=00000000 DR2=00000000 DR3=00000000 
DR6=ffff0ff0 DR7=00000400
CCS=00000085 CCD=fffffff3 CCO=EFLAGS
EFER=0000000000000000
Servicing hardware INT=0x20
   605: v=20 e=0000 i=0 cpl=0 IP=0010:00100994 pc=00100994 SP=0018:001048d4 env->regs[R_EAX]=0000001c
EAX=0000001c EBX=00000000 ECX=00001900 EDX=00102844
ESI=001027c0 EDI=00000000 EBP=001048e4 ESP=001048d4
EIP=00100994 EFL=00000296 [--S-AP-] CPL=0 II=0 A20=1 SMM=0 HLT=0
ES =0018 00000000 ffffffff 00cf9300 DPL=0 DS   [-WA]
CS =0010 00000000 ffffffff 00cf9a00 DPL=0 CS32 [-R-]
SS =0018 00000000 ffffffff 00cf9300 DPL=0 DS   [-WA]
DS =0018 00000000 ffffffff 00cf9300 DPL=0 DS   [-WA]
FS =0018 00000000 ffffffff 00cf9300 DPL=0 DS   [-WA]
GS =0018 00000000 ffffffff 00cf9300 DPL=0 DS   [-WA]
LDT=0000 00000000 0000ffff 00008200 DPL=0 LDT
TR =0000 00000000 0000ffff 00008b00 DPL=0 TSS32-busy
GDT=     000010b0 00000020
IDT=     001295e0 000007ff
CR0=00000011 CR2=00000000 CR3=00000000 CR4=00000000
DR0=00000000 DR1=00000000 DR2=00000000 DR3=00000000 
DR6=ffff0ff0 DR7=00000400
CCS=00000094 CCD=ffffffff CCO=EFLAGS
EFER=0000000000000000
Servicing hardware INT=0x20
   606: v=20 e=0000 i=0 cpl=0 IP=0010:00101c7d pc=00101c7d SP=0018:0012dd20 env->regs[R_EAX]=00102844
EAX=00102844 EBX=00010000 ECX=000b8000 EDX=00000001
ESI=00000000 EDI=00000000 EBP=0012dd68 ESP=0012dd20
EIP=00101c7d EFL=00200246 [---Z-P-] CPL=0 II=0 A20=1 SMM=0 HLT=0
ES =0018 00000000 ffffffff 00cf9300 DPL=0 DS   [-WA]
CS =0010 00000000 ffffffff 00cf9a00 DPL=0 CS32 [-R-]
SS =0018 00000000 ffffffff 00cf9300 DPL=0 DS   [-WA]
DS =0018 00000000 ffffffff 00cf9300 DPL=0 DS   [-WA]
FS =0018 00000000 ffffffff 00cf9300 DPL=0 DS   [-WA]
GS =0018 00000000 ffffffff 00cf9300 DPL=0 DS   [-WA]
LDT=0000 00000000 0000ffff 00008200 DPL=0 LDT
TR =0000 00000000 0000ffff 00008b00 DPL=0 TSS32-busy
GDT=     000010b0 00000020
IDT=     001295e0 000007ff
CR0=00000011 CR2=00000000 CR3=00000000 CR4=00000000
DR0=00000000 DR1=00000000 DR2=00000000 DR3=00000000 
DR6=ffff0ff0 DR7=00000400
CCS=00000044 CCD=00000000 CCO=EFLAGS
EFER=0000000000000000
Servicing hardware INT=0x20
   607: v=20 e=0000 i=0 cpl=0 IP=0010:00101268 pc=00101268 SP=0018:00103c5c env->regs[R_EAX]=00102844
EAX=00102844 EBX=001034e8 ECX=00000c68 EDX=001034ac
ESI=00102880 EDI=00000002 EBP=00103c94 ESP=00103c5c
EIP=00101268 EFL=00000202 [-------] CPL=0 II=0 A20=1 SMM=0 HLT=0
ES =0018 00000000 ffffffff 00cf9300 DPL=0 DS   [-WA]
CS =0010 00000000 ffffffff 00cf9a00 DPL=0 CS32 [-R-]
SS =0018 00000000 ffffffff 00cf9300 DPL=0 DS   [-WA]
DS =0018 00000000 ffffffff 00cf9300 DPL=0 DS   [-WA]
FS =0018 00000000 ffffffff 00cf9300 DPL=0 DS   [-WA]
GS =0018 00000000 ffffffff 00cf9300 DPL=0 DS   [-WA]
LDT=0000 00000000 0000ffff 00008200 DPL=0 LDT
TR =0000 00000000 0000ffff 00008b00 DPL=0 TSS32-busy
GDT=     000010b0 00000020
IDT=     001295e0 000007ff
CR0=00000011 CR2=00000000 CR3=00000000 CR4=00000000
DR0=00000000 DR1=00000000 DR2=00000000 DR3=00000000 
DR6=ffff0ff0 DR7=00000400
CCS=00000000 CCD=00000067 CCO=EFLAGS
EFER=0000000000000000
Servicing hardware INT=0x20
   608: v=20 e=0000 i=0 cpl=0 IP=0010:00100994 pc=00100994 SP=0018:001048d4 env->regs[R_EAX]=0000001c
EAX=0000001c EBX=00000000 ECX=00001900 EDX=00102844
ESI=001027c0 EDI=00000000 EBP=001048e4 ESP=001048d4
EIP=00100994 EFL=00000296 [--S-AP-] CPL=0 II=0 A20=1 SMM=0 HLT=0
ES =0018 00000000 ffffffff 00cf9300 DPL=0 DS   [-WA]
CS =0010 00000000 ffffffff 00cf9a00 DPL=0 CS32 [-R-]
SS =0018 00000000 ffffffff 00cf9300 DPL=0 DS   [-WA]
DS =0018 00000000 ffffffff 00cf9300 DPL=0 DS   [-WA]
FS =0018 00000000 ffffffff 00cf9300 DPL=0 DS   [-WA]
GS =0018 00000000 ffffffff 00cf9300 DPL=0 DS   [-WA]
LDT=0000 00000000 0000ffff 00008200 DPL=0 LDT
TR =0000 00000000 0000ffff 00008b00 DPL=0 TSS32-busy
GDT=     000010b0 00000020
IDT=     001295e0 000007ff
CR0=00000011 CR2=00000000 CR3=00000000 CR4=00000000
DR0=00000000 DR1=00000000 DR2=00000000 DR3=00000000 
DR6=ffff0ff0 DR7=00000400
CCS=00000094 CCD=ffffffff CCO=EFLAGS
EFER=0000000000000000
Servicing hardware INT=0x20
   609: v=20 e=0000 i=0 cpl=0 IP=0010:001019b8 pc=001019b8 SP=0018:0012dd64 env->regs[R_EAX]=0023ce50
EAX=0023ce50 EBX=006e96c2 ECX=003029f4 EDX=fd10f05c
ESI=0012dd78 EDI=00000000 EBP=0012dd68 ESP=0012dd64
EIP=001019b8 EFL=00200216 [----AP-] CPL=0 II=0 A20=1 SMM=0 HLT=0
ES =0018 00000000 ffffffff 00cf9300 DPL=0 DS   [-WA]
CS =0010 00000000 ffffffff 00cf9a00 DPL=0 CS32 [-R-]
SS =0018 00000000 ffffffff 00cf9300 DPL=0 DS   [-WA]
DS =0018 00000000 ffffffff 00cf9300 DPL=0 DS   [-WA]
FS =0018 00000000 ffffffff 00cf9300 DPL=0 DS   [-WA]
GS =0018 00000000 ffffffff 00cf9300 DPL=0 DS   [-WA]
LDT=0000 00000000 0000ffff 00008200 DPL=0 LDT
TR =0000 00000000 0000ffff 00008b00 DPL=0 TSS32-busy
GDT=     000010b0 00000020
IDT=     001295e0 000007ff
CR0=00000011 CR2=00000000 CR3=00000000 CR4=00000000
DR0=00000000 DR1=00000000 DR2=00000000 DR3=00000000 
DR6=ffff0ff0 DR7=00000400
CCS=00000014 CCD=0023ce50 CCO=EFLAGS
EFER=0000000000000000
Servicing hardware INT=0x20
   610: v=20 e=0000 i=0 cpl=0 IP=0010:0010122f pc=0010122f SP=0018:00103c5c env->regs[R_EAX]=00102844
EAX=00102844 EBX=0000003c ECX=00001046 EDX=00006961
ESI=00102880 EDI=00000072 EBP=00103c94 ESP=00103c5c
EIP=0010122f EFL=00000212 [----A--] CPL=0 II=0 A20=1 SMM=0 HLT=0
ES =0018 00000000 ffffffff 00cf9300 DPL=0 DS   [-WA]
CS =0010 00000000 ffffffff 00cf9a00 DPL=0 CS32 [-R-]
SS =0018 00000000 ffffffff 00cf9300 DPL=0 DS   [-WA]
DS =0018 00000000 ffffffff 00cf9300 DPL=0 DS   [-WA]
FS =0018 00000000 ffffffff 00cf9300 DPL=0 DS   [-WA]
GS =0018 00000000 ffffffff 00cf9300 DPL=0 DS   [-WA]
LDT=0000 00000000 0000ffff 00008200 DPL=0 LDT
TR =0000 00000000 0000ffff 00008b00 DPL=0 TSS32-busy
GDT=     000010b0 00000020
IDT=     001295e0 000007ff
CR0=00000011 CR2=00000000 CR3=00000000 CR4=00000000
DR0=00000000 DR1=00000000 DR2=00000000 DR3=00000000 
DR6=ffff0ff0 DR7=00000400
CCS=00000010 CCD=00000068 CCO=EFLAGS
EFER=0000000000000000
Servicing hardware INT=0x20
   611: v=20 e=0000 i=0 cpl=0 IP=0010:00100994 pc=00100994 SP=0018:001048d4 env->regs[R_EAX]=0000001c
EAX=0000001c EBX=00000000 ECX=00001900 EDX=00102844
ESI=001027c0 EDI=00000000 EBP=001048e4 ESP=001048d4
EIP=00100994 EFL=00000296 [--S-AP-] CPL=0 II=0 A20=1 SMM=0 HLT=0
ES =0018 00000000 ffffffff 00cf9300 DPL=0 DS   [-WA]
CS =0010 00000000 ffffffff 00cf9a00 DPL=0 CS32 [-R-]
SS =0018 00000000 ffffffff 00cf9300 DPL=0 DS   [-WA]
DS =0018 00000000 ffffffff 00cf9300 DPL=0 DS   [-WA]
FS =0018 00000000 ffffffff 00cf9300 DPL=0 DS   [-WA]
GS =0018 00000000 ffffffff 00cf9300 DPL=0 DS   [-WA]
LDT=0000 00000000 0000ffff 00008200 DPL=0 LDT
TR =0000 00000000 0000ffff 00008b00 DPL=0 TSS32-busy
GDT=     000010b0 00000020
IDT=     001295e0 000007ff
CR0=00000011 CR2=00000000 CR3=00000000 CR4=00000000
DR0=00000000 DR1=00000000 DR2=00000000 DR3=00000000 
DR6=ffff0ff0 DR7=00000400
CCS=00000094 CCD=ffffffff CCO=EFLAGS
EFER=0000000000000000
Servicing hardware INT=0x20
   612: v=20 e=0000 i=0 cpl=0 IP=0010:001019b8 pc=001019b8 SP=0018:0012dd64 env->regs[R_EAX]=002de004
EAX=002de004 EBX=006e96c2 ECX=003029f4 EDX=fd1b0210
ESI=0012dd78 EDI=00000000 EBP=0012dd68 ESP=0012dd64
EIP=001019b8 EFL=00200202 [-------] CPL=0 II=0 A20=1 SMM=0 HLT=0
ES =0018 00000000 ffffffff 00cf9300 DPL=0 DS   [-WA]
CS =0010 00000000 ffffffff 00cf9a00 DPL=0 CS32 [-R-]
SS =0018 00000000 ffffffff 00cf9300 DPL=0 DS   [-WA]
DS =0018 00000000 ffffffff 00cf9300 DPL=0 DS   [-WA]
FS =0018 00000000 ffffffff 00cf9300 DPL=0 DS   [-WA]
GS =0018 00000000 ffffffff 00cf9300 DPL=0 DS   [-WA]
LDT=0000 00000000 0000ffff 00008200 DPL=0 LDT
TR =0000 00000000 0000ffff 00008b00 DPL=0 TSS32-busy
GDT=     000010b0 00000020
IDT=     001295e0 000007ff
CR0=00000011 CR2=00000000 CR3=00000000 CR4=00000000
DR0=00000000 DR1=00000000 DR2=00000000 DR3=00000000 
DR6=ffff0ff0 DR7=00000400
CCS=00000000 CCD=002de004 CCO=EFLAGS
EFER=0000000000000000
Servicing hardware INT=0x20
   613: v=20 e=0000 i=0 cpl=0 IP=0010:00101304 pc=00101304 SP=0018:00103c9c env->regs[R_EAX]=0000000a
EAX=0000000a EBX=00100073 ECX=00001056 EDX=00001120
ESI=0010006f EDI=00000000 EBP=00103cb4 ESP=00103c9c
EIP=00101304 EFL=00000246 [---Z-P-] CPL=0 II=0 A20=1 SMM=0 HLT=0
ES =0018 00000000 ffffffff 00cf9300 DPL=0 DS   [-WA]
CS =0010 00000000 ffffffff 00cf9a00 DPL=0 CS32 [-R-]
SS =0018 00000000 ffffffff 00cf9300 DPL=0 DS   [-WA]
DS =0018 00000000 ffffffff 00cf9300 DPL=0 DS   [-WA]
FS =0018 00000000 ffffffff 00cf9300 DPL=0 DS   [-WA]
GS =0018 00000000 ffffffff 00cf9300 DPL=0 DS   [-WA]
LDT=0000 00000000 0000ffff 00008200 DPL=0 LDT
TR =0000 00000000 0000ffff 00008b00 DPL=0 TSS32-busy
GDT=     000010b0 00000020
IDT=     001295e0 000007ff
CR0=00000011 CR2=00000000 CR3=00000000 CR4=00000000
DR0=00000000 DR1=00000000 DR2=00000000 DR3=00000000 
DR6=ffff0ff0 DR7=00000400
CCS=00000044 CCD=00000000 CCO=EFLAGS
EFER=0000000000000000
Servicing hardware INT=0x20
   614: v=20 e=0000 i=0 cpl=0 IP=0010:00100994 pc=00100994 SP=0018:001048d4 env->regs[R_EAX]=0000001c
EAX=0000001c EBX=00000000 ECX=00001900 EDX=00102844
ESI=001027c0 EDI=00000000 EBP=001048e4 ESP=001048d4
EIP=00100994 EFL=00000296 [--S-AP-] CPL=0 II=0 A20=1 SMM=0 HLT=0
ES =0018 00000000 ffffffff 00cf9300 DPL=0 DS   [-WA]
CS =0010 00000000 ffffffff 00cf9a00 DPL=0 CS32 [-R-]
SS =0018 00000000 ffffffff 00cf9300 DPL=0 DS   [-WA]
DS =0018 00000000 ffffffff 00cf9300 DPL=0 DS   [-WA]
FS =0018 00000000 ffffffff 00cf9300 DPL=0 DS   [-WA]
GS =0018 00000000 ffffffff 00cf9300 DPL=0 DS   [-WA]
LDT=0000 00000000 0000ffff 00008200 DPL=0 LDT
TR =0000 00000000 0000ffff 00008b00 DPL=0 TSS32-busy
GDT=     000010b0 00000020
IDT=     001295e0 000007ff
CR0=00000011 CR2=00000000 CR3=00000000 CR4=00000000
DR0=00000000 DR1=00000000 DR2=00000000 DR3=00000000 
DR6=ffff0ff0 DR7=00000400
CCS=00000094 CCD=ffffffff CCO=EFLAGS
EFER=0000000000000000
Servicing hardware INT=0x20
   615: v=20 e=0000 i=0 cpl=0 IP=0010:00101c7d pc=00101c7d SP=0018:0012dd20 env->regs[R_EAX]=00102844
EAX=00102844 EBX=00010000 ECX=000b8000 EDX=000006fb
ESI=00000000 EDI=00000000 EBP=0012dd68 ESP=0012dd20
EIP=00101c7d EFL=00200287 [--S--PC] CPL=0 II=0 A20=1 SMM=0 HLT=0
ES =0018 00000000 ffffffff 00cf9300 DPL=0 DS   [-WA]
CS =0010 00000000 ffffffff 00cf9a00 DPL=0 CS32 [-R-]
SS =0018 00000000 ffffffff 00cf9300 DPL=0 DS   [-WA]
DS =0018 00000000 ffffffff 00cf9300 DPL=0 DS   [-WA]
FS =0018 00000000 ffffffff 00cf9300 DPL=0 DS   [-WA]
GS =0018 00000000 ffffffff 00cf9300 DPL=0 DS   [-WA]
LDT=0000 00000000 0000ffff 00008200 DPL=0 LDT
TR =0000 00000000 0000ffff 00008b00 DPL=0 TSS32-busy
GDT=     000010b0 00000020
IDT=     001295e0 000007ff
CR0=00000011 CR2=00000000 CR3=00000000 CR4=00000000
DR0=00000000 DR1=00000000 DR2=00000000 DR3=00000000 
DR6=ffff0ff0 DR7=00000400
CCS=00000085 CCD=fffff75a CCO=EFLAGS
EFER=0000000000000000
Servicing hardware INT=0x20
   616: v=20 e=0000 i=0 cpl=0 IP=0010:001012c2 pc=001012c2 SP=0018:00103c5c env->regs[R_EAX]=00000005
EAX=00000005 EBX=001034e8 ECX=0000104c EDX=00008d62
ESI=00102880 EDI=00000062 EBP=00103c94 ESP=00103c5c
EIP=001012c2 EFL=00000293 [--S-A-C] CPL=0 II=0 A20=1 SMM=0 HLT=0
ES =0018 00000000 ffffffff 00cf9300 DPL=0 DS   [-WA]
CS =0010 00000000 ffffffff 00cf9a00 DPL=0 CS32 [-R-]
SS =0018 00000000 ffffffff 00cf9300 DPL=0 DS   [-WA]
DS =0018 00000000 ffffffff 00cf9300 DPL=0 DS   [-WA]
FS =0018 00000000 ffffffff 00cf9300 DPL=0 DS   [-WA]
GS =0018 00000000 ffffffff 00cf9300 DPL=0 DS   [-WA]
LDT=0000 00000000 0000ffff 00008200 DPL=0 LDT
TR =0000 00000000 0000ffff 00008b00 DPL=0 TSS32-busy
GDT=     000010b0 00000020
IDT=     001295e0 000007ff
CR0=00000011 CR2=00000000 CR3=00000000 CR4=00000000
DR0=00000000 DR1=00000000 DR2=00000000 DR3=00000000 
DR6=ffff0ff0 DR7=00000400
CCS=00000091 CCD=ffffffec CCO=EFLAGS
EFER=0000000000000000
Servicing hardware INT=0x20
   617: v=20 e=0000 i=0 cpl=0 IP=0010:00100994 pc=00100994 SP=0018:001048d4 env->regs[R_EAX]=0000001c
EAX=0000001c EBX=00000000 ECX=00001900 EDX=00102844
ESI=001027c0 EDI=00000000 EBP=001048e4 ESP=001048d4
EIP=00100994 EFL=00000296 [--S-AP-] CPL=0 II=0 A20=1 SMM=0 HLT=0
ES =0018 00000000 ffffffff 00cf9300 DPL=0 DS   [-WA]
CS =0010 00000000 ffffffff 00cf9a00 DPL=0 CS32 [-R-]
SS =0018 00000000 ffffffff 00cf9300 DPL=0 DS   [-WA]
DS =0018 00000000 ffffffff 00cf9300 DPL=0 DS   [-WA]
FS =0018 00000000 ffffffff 00cf9300 DPL=0 DS   [-WA]
GS =0018 00000000 ffffffff 00cf9300 DPL=0 DS   [-WA]
LDT=0000 00000000 0000ffff 00008200 DPL=0 LDT
TR =0000 00000000 0000ffff 00008b00 DPL=0 TSS32-busy
GDT=     000010b0 00000020
IDT=     001295e0 000007ff
CR0=00000011 CR2=00000000 CR3=00000000 CR4=00000000
DR0=00000000 DR1=00000000 DR2=00000000 DR3=00000000 
DR6=ffff0ff0 DR7=00000400
CCS=00000094 CCD=ffffffff CCO=EFLAGS
EFER=0000000000000000
Servicing hardware INT=0x20
   618: v=20 e=0000 i=0 cpl=0 IP=0010:001019b8 pc=001019b8 SP=0018:0012dd64 env->regs[R_EAX]=002c18f0
EAX=002c18f0 EBX=006e96c2 ECX=003029f4 EDX=fd193afc
ESI=0012dd78 EDI=00000000 EBP=0012dd68 ESP=0012dd64
EIP=001019b8 EFL=00200216 [----AP-] CPL=0 II=0 A20=1 SMM=0 HLT=0
ES =0018 00000000 ffffffff 00cf9300 DPL=0 DS   [-WA]
CS =0010 00000000 ffffffff 00cf9a00 DPL=0 CS32 [-R-]
SS =0018 00000000 ffffffff 00cf9300 DPL=0 DS   [-WA]
DS =0018 00000000 ffffffff 00cf9300 DPL=0 DS   [-WA]
FS =0018 00000000 ffffffff 00cf9300 DPL=0 DS   [-WA]
GS =0018 00000000 ffffffff 00cf9300 DPL=0 DS   [-WA]
LDT=0000 00000000 0000ffff 00008200 DPL=0 LDT
TR =0000 00000000 0000ffff 00008b00 DPL=0 TSS32-busy
GDT=     000010b0 00000020
IDT=     001295e0 000007ff
CR0=00000011 CR2=00000000 CR3=00000000 CR4=00000000
DR0=00000000 DR1=00000000 DR2=00000000 DR3=00000000 
DR6=ffff0ff0 DR7=00000400
CCS=00000014 CCD=002c18f0 CCO=EFLAGS
EFER=0000000000000000
Servicing hardware INT=0x20
   619: v=20 e=0000 i=0 cpl=0 IP=0010:001011e2 pc=001011e2 SP=0018:00103c98 env->regs[R_EAX]=001011e2
EAX=001011e2 EBX=00100072 ECX=0000106c EDX=00003f6f
ESI=0010006f EDI=00000000 EBP=00103cb4 ESP=00103c98
EIP=001011e2 EFL=00000206 [-----P-] CPL=0 II=0 A20=1 SMM=0 HLT=0
ES =0018 00000000 ffffffff 00cf9300 DPL=0 DS   [-WA]
CS =0010 00000000 ffffffff 00cf9a00 DPL=0 CS32 [-R-]
SS =0018 00000000 ffffffff 00cf9300 DPL=0 DS   [-WA]
DS =0018 00000000 ffffffff 00cf9300 DPL=0 DS   [-WA]
FS =0018 00000000 ffffffff 00cf9300 DPL=0 DS   [-WA]
GS =0018 00000000 ffffffff 00cf9300 DPL=0 DS   [-WA]
LDT=0000 00000000 0000ffff 00008200 DPL=0 LDT
TR =0000 00000000 0000ffff 00008b00 DPL=0 TSS32-busy
GDT=     000010b0 00000020
IDT=     001295e0 000007ff
CR0=00000011 CR2=00000000 CR3=00000000 CR4=00000000
DR0=00000000 DR1=00000000 DR2=00000000 DR3=00000000 
DR6=ffff0ff0 DR7=00000400
CCS=00000004 CCD=00103ca0 CCO=EFLAGS
EFER=0000000000000000
Servicing hardware INT=0x20
   620: v=20 e=0000 i=0 cpl=0 IP=0010:00100994 pc=00100994 SP=0018:001048d4 env->regs[R_EAX]=0000001c
EAX=0000001c EBX=00000000 ECX=00001900 EDX=00102844
ESI=001027c0 EDI=00000000 EBP=001048e4 ESP=001048d4
EIP=00100994 EFL=00000296 [--S-AP-] CPL=0 II=0 A20=1 SMM=0 HLT=0
ES =0018 00000000 ffffffff 00cf9300 DPL=0 DS   [-WA]
CS =0010 00000000 ffffffff 00cf9a00 DPL=0 CS32 [-R-]
SS =0018 00000000 ffffffff 00cf9300 DPL=0 DS   [-WA]
DS =0018 00000000 ffffffff 00cf9300 DPL=0 DS   [-WA]
FS =0018 00000000 ffffffff 00cf9300 DPL=0 DS   [-WA]
GS =0018 00000000 ffffffff 00cf9300 DPL=0 DS   [-WA]
LDT=0000 00000000 0000ffff 00008200 DPL=0 LDT
TR =0000 00000000 0000ffff 00008b00 DPL=0 TSS32-busy
GDT=     000010b0 00000020
IDT=     001295e0 000007ff
CR0=00000011 CR2=00000000 CR3=00000000 CR4=00000000
DR0=00000000 DR1=00000000 DR2=00000000 DR3=00000000 
DR6=ffff0ff0 DR7=00000400
CCS=00000094 CCD=ffffffff CCO=EFLAGS
EFER=0000000000000000
Servicing hardware INT=0x20
   621: v=20 e=0000 i=0 cpl=0 IP=0010:001019b8 pc=001019b8 SP=0018:0012dd64 env->regs[R_EAX]=002c3df8
EAX=002c3df8 EBX=006e96c2 ECX=003029f4 EDX=fd196004
ESI=0012dd78 EDI=00000000 EBP=0012dd68 ESP=0012dd64
EIP=001019b8 EFL=00200202 [-------] CPL=0 II=0 A20=1 SMM=0 HLT=0
ES =0018 00000000 ffffffff 00cf9300 DPL=0 DS   [-WA]
CS =0010 00000000 ffffffff 00cf9a00 DPL=0 CS32 [-R-]
SS =0018 00000000 ffffffff 00cf9300 DPL=0 DS   [-WA]
DS =0018 00000000 ffffffff 00cf9300 DPL=0 DS   [-WA]
FS =0018 00000000 ffffffff 00cf9300 DPL=0 DS   [-WA]
GS =0018 00000000 ffffffff 00cf9300 DPL=0 DS   [-WA]
LDT=0000 00000000 0000ffff 00008200 DPL=0 LDT
TR =0000 00000000 0000ffff 00008b00 DPL=0 TSS32-busy
GDT=     000010b0 00000020
IDT=     001295e0 000007ff
CR0=00000011 CR2=00000000 CR3=00000000 CR4=00000000
DR0=00000000 DR1=00000000 DR2=00000000 DR3=00000000 
DR6=ffff0ff0 DR7=00000400
CCS=00000000 CCD=002c3df8 CCO=EFLAGS
EFER=0000000000000000
Servicing hardware INT=0x20
   622: v=20 e=0000 i=0 cpl=0 IP=0010:00101196 pc=00101196 SP=0018:00103c44 env->regs[R_EAX]=0000009c
EAX=0000009c EBX=00103d28 ECX=00000152 EDX=0000536f
ESI=00102844 EDI=0000000d EBP=00103c54 ESP=00103c44
EIP=00101196 EFL=00000287 [--S--PC] CPL=0 II=0 A20=1 SMM=0 HLT=0
ES =0018 00000000 ffffffff 00cf9300 DPL=0 DS   [-WA]
CS =0010 00000000 ffffffff 00cf9a00 DPL=0 CS32 [-R-]
SS =0018 00000000 ffffffff 00cf9300 DPL=0 DS   [-WA]
DS =0018 00000000 ffffffff 00cf9300 DPL=0 DS   [-WA]
FS =0018 00000000 ffffffff 00cf9300 DPL=0 DS   [-WA]
GS =0018 00000000 ffffffff 00cf9300 DPL=0 DS   [-WA]
LDT=0000 00000000 0000ffff 00008200 DPL=0 LDT
TR =0000 00000000 0000ffff 00008b00 DPL=0 TSS32-busy
GDT=     000010b0 00000020
IDT=     001295e0 000007ff
CR0=00000011 CR2=00000000 CR3=00000000 CR4=00000000
DR0=00000000 DR1=00000000 DR2=00000000 DR3=00000000 
DR6=ffff0ff0 DR7=00000400
CCS=00000085 CCD=fffffff3 CCO=EFLAGS
EFER=0000000000000000
Servicing hardware INT=0x20
   623: v=20 e=0000 i=0 cpl=0 IP=0010:00100994 pc=00100994 SP=0018:001048d4 env->regs[R_EAX]=0000001c
EAX=0000001c EBX=00000000 ECX=00001900 EDX=00102844
ESI=001027c0 EDI=00000000 EBP=001048e4 ESP=001048d4
EIP=00100994 EFL=00000296 [--S-AP-] CPL=0 II=0 A20=1 SMM=0 HLT=0
ES =0018 00000000 ffffffff 00cf9300 DPL=0 DS   [-WA]
CS =0010 00000000 ffffffff 00cf9a00 DPL=0 CS32 [-R-]
SS =0018 00000000 ffffffff 00cf9300 DPL=0 DS   [-WA]
DS =0018 00000000 ffffffff 00cf9300 DPL=0 DS   [-WA]
FS =0018 00000000 ffffffff 00cf9300 DPL=0 DS   [-WA]
GS =0018 00000000 ffffffff 00cf9300 DPL=0 DS   [-WA]
LDT=0000 00000000 0000ffff 00008200 DPL=0 LDT
TR =0000 00000000 0000ffff 00008b00 DPL=0 TSS32-busy
GDT=     000010b0 00000020
IDT=     001295e0 000007ff
CR0=00000011 CR2=00000000 CR3=00000000 CR4=00000000
DR0=00000000 DR1=00000000 DR2=00000000 DR3=00000000 
DR6=ffff0ff0 DR7=00000400
CCS=00000094 CCD=ffffffff CCO=EFLAGS
EFER=0000000000000000
Servicing hardware INT=0x20
   624: v=20 e=0000 i=0 cpl=0 IP=0010:00101c4f pc=00101c4f SP=0018:0012dd20 env->regs[R_EAX]=00102844
EAX=00102844 EBX=00010000 ECX=00075300 EDX=00032a87
ESI=0012ddf4 EDI=00000000 EBP=0012dd68 ESP=0012dd20
EIP=00101c4f EFL=00200287 [--S--PC] CPL=0 II=0 A20=1 SMM=0 HLT=0
ES =0018 00000000 ffffffff 00cf9300 DPL=0 DS   [-WA]
CS =0010 00000000 ffffffff 00cf9a00 DPL=0 CS32 [-R-]
SS =0018 00000000 ffffffff 00cf9300 DPL=0 DS   [-WA]
DS =0018 00000000 ffffffff 00cf9300 DPL=0 DS   [-WA]
FS =0018 00000000 ffffffff 00cf9300 DPL=0 DS   [-WA]
GS =0018 00000000 ffffffff 00cf9300 DPL=0 DS   [-WA]
LDT=0000 00000000 0000ffff 00008200 DPL=0 LDT
TR =0000 00000000 0000ffff 00008b00 DPL=0 TSS32-busy
GDT=     000010b0 00000020
IDT=     001295e0 000007ff
CR0=00000011 CR2=00000000 CR3=00000000 CR4=00000000
DR0=00000000 DR1=00000000 DR2=00000000 DR3=00000000 
DR6=ffff0ff0 DR7=00000400
CCS=00000085 CCD=fffbd787 CCO=EFLAGS
EFER=0000000000000000
Servicing hardware INT=0x20
   625: v=20 e=0000 i=0 cpl=0 IP=0010:001012e3 pc=001012e3 SP=0018:00103c5c env->regs[R_EAX]=00000010
EAX=00000010 EBX=001034e8 ECX=00001062 EDX=00006366
ESI=00102880 EDI=00000066 EBP=00103c94 ESP=00103c5c
EIP=001012e3 EFL=00000246 [---Z-P-] CPL=0 II=0 A20=1 SMM=0 HLT=0
ES =0018 00000000 ffffffff 00cf9300 DPL=0 DS   [-WA]
CS =0010 00000000 ffffffff 00cf9a00 DPL=0 CS32 [-R-]
SS =0018 00000000 ffffffff 00cf9300 DPL=0 DS   [-WA]
DS =0018 00000000 ffffffff 00cf9300 DPL=0 DS   [-WA]
FS =0018 00000000 ffffffff 00cf9300 DPL=0 DS   [-WA]
GS =0018 00000000 ffffffff 00cf9300 DPL=0 DS   [-WA]
LDT=0000 00000000 0000ffff 00008200 DPL=0 LDT
TR =0000 00000000 0000ffff 00008b00 DPL=0 TSS32-busy
GDT=     000010b0 00000020
IDT=     001295e0 000007ff
CR0=00000011 CR2=00000000 CR3=00000000 CR4=00000000
DR0=00000000 DR1=00000000 DR2=00000000 DR3=00000000 
DR6=ffff0ff0 DR7=00000400
CCS=00000044 CCD=00000000 CCO=EFLAGS
EFER=0000000000000000
Servicing hardware INT=0x20
   626: v=20 e=0000 i=0 cpl=0 IP=0010:00100994 pc=00100994 SP=0018:001048d4 env->regs[R_EAX]=0000001c
EAX=0000001c EBX=00000000 ECX=00001900 EDX=00102844
ESI=001027c0 EDI=00000000 EBP=001048e4 ESP=001048d4
EIP=00100994 EFL=00000296 [--S-AP-] CPL=0 II=0 A20=1 SMM=0 HLT=0
ES =0018 00000000 ffffffff 00cf9300 DPL=0 DS   [-WA]
CS =0010 00000000 ffffffff 00cf9a00 DPL=0 CS32 [-R-]
SS =0018 00000000 ffffffff 00cf9300 DPL=0 DS   [-WA]
DS =0018 00000000 ffffffff 00cf9300 DPL=0 DS   [-WA]
FS =0018 00000000 ffffffff 00cf9300 DPL=0 DS   [-WA]
GS =0018 00000000 ffffffff 00cf9300 DPL=0 DS   [-WA]
LDT=0000 00000000 0000ffff 00008200 DPL=0 LDT
TR =0000 00000000 0000ffff 00008b00 DPL=0 TSS32-busy
GDT=     000010b0 00000020
IDT=     001295e0 000007ff
CR0=00000011 CR2=00000000 CR3=00000000 CR4=00000000
DR0=00000000 DR1=00000000 DR2=00000000 DR3=00000000 
DR6=ffff0ff0 DR7=00000400
CCS=00000094 CCD=ffffffff CCO=EFLAGS
EFER=0000000000000000
Servicing hardware INT=0x20
   627: v=20 e=0000 i=0 cpl=0 IP=0010:00101c7d pc=00101c7d SP=0018:0012dd20 env->regs[R_EAX]=00102844
EAX=00102844 EBX=00010000 ECX=000b8000 EDX=00000001
ESI=00000000 EDI=00000000 EBP=0012dd68 ESP=0012dd20
EIP=00101c7d EFL=00200246 [---Z-P-] CPL=0 II=0 A20=1 SMM=0 HLT=0
ES =0018 00000000 ffffffff 00cf9300 DPL=0 DS   [-WA]
CS =0010 00000000 ffffffff 00cf9a00 DPL=0 CS32 [-R-]
SS =0018 00000000 ffffffff 00cf9300 DPL=0 DS   [-WA]
DS =0018 00000000 ffffffff 00cf9300 DPL=0 DS   [-WA]
FS =0018 00000000 ffffffff 00cf9300 DPL=0 DS   [-WA]
GS =0018 00000000 ffffffff 00cf9300 DPL=0 DS   [-WA]
LDT=0000 00000000 0000ffff 00008200 DPL=0 LDT
TR =0000 00000000 0000ffff 00008b00 DPL=0 TSS32-busy
GDT=     000010b0 00000020
IDT=     001295e0 000007ff
CR0=00000011 CR2=00000000 CR3=00000000 CR4=00000000
DR0=00000000 DR1=00000000 DR2=00000000 DR3=00000000 
DR6=ffff0ff0 DR7=00000400
CCS=00000044 CCD=00000000 CCO=EFLAGS
EFER=0000000000000000
Servicing hardware INT=0x20
   628: v=20 e=0000 i=0 cpl=0 IP=0010:00100bd2 pc=00100bd2 SP=0018:00103cbc env->regs[R_EAX]=00000000
EAX=00000000 EBX=0012dd8c ECX=0000106e EDX=0000ab72
ESI=0010006f EDI=00000000 EBP=00103cd4 ESP=00103cbc
EIP=00100bd2 EFL=00000246 [---Z-P-] CPL=0 II=0 A20=1 SMM=0 HLT=0
ES =0018 00000000 ffffffff 00cf9300 DPL=0 DS   [-WA]
CS =0010 00000000 ffffffff 00cf9a00 DPL=0 CS32 [-R-]
SS =0018 00000000 ffffffff 00cf9300 DPL=0 DS   [-WA]
DS =0018 00000000 ffffffff 00cf9300 DPL=0 DS   [-WA]
FS =0018 00000000 ffffffff 00cf9300 DPL=0 DS   [-WA]
GS =0018 00000000 ffffffff 00cf9300 DPL=0 DS   [-WA]
LDT=0000 00000000 0000ffff 00008200 DPL=0 LDT
TR =0000 00000000 0000ffff 00008b00 DPL=0 TSS32-busy
GDT=     000010b0 00000020
IDT=     001295e0 000007ff
CR0=00000011 CR2=00000000 CR3=00000000 CR4=00000000
DR0=00000000 DR1=00000000 DR2=00000000 DR3=00000000 
DR6=ffff0ff0 DR7=00000400
CCS=00000044 CCD=00000000 CCO=EFLAGS
EFER=0000000000000000
Servicing hardware INT=0x20
   629: v=20 e=0000 i=0 cpl=0 IP=0010:00100994 pc=00100994 SP=0018:001048d4 env->regs[R_EAX]=0000001c
EAX=0000001c EBX=00000000 ECX=00001900 EDX=00102844
ESI=001027c0 EDI=00000000 EBP=001048e4 ESP=001048d4
EIP=00100994 EFL=00000296 [--S-AP-] CPL=0 II=0 A20=1 SMM=0 HLT=0
ES =0018 00000000 ffffffff 00cf9300 DPL=0 DS   [-WA]
CS =0010 00000000 ffffffff 00cf9a00 DPL=0 CS32 [-R-]
SS =0018 00000000 ffffffff 00cf9300 DPL=0 DS   [-WA]
DS =0018 00000000 ffffffff 00cf9300 DPL=0 DS   [-WA]
FS =0018 00000000 ffffffff 00cf9300 DPL=0 DS   [-WA]
GS =0018 00000000 ffffffff 00cf9300 DPL=0 DS   [-WA]
LDT=0000 00000000 0000ffff 00008200 DPL=0 LDT
TR =0000 00000000 0000ffff 00008b00 DPL=0 TSS32-busy
GDT=     000010b0 00000020
IDT=     001295e0 000007ff
CR0=00000011 CR2=00000000 CR3=00000000 CR4=00000000
DR0=00000000 DR1=00000000 DR2=00000000 DR3=00000000 
DR6=ffff0ff0 DR7=00000400
CCS=00000094 CCD=ffffffff CCO=EFLAGS
EFER=0000000000000000
Servicing hardware INT=0x20
   630: v=20 e=0000 i=0 cpl=0 IP=0010:001019b8 pc=001019b8 SP=0018:0012dd64 env->regs[R_EAX]=00300df4
EAX=00300df4 EBX=006e96c2 ECX=003029f4 EDX=fd1d3000
ESI=0012dd78 EDI=00000000 EBP=0012dd68 ESP=0012dd64
EIP=001019b8 EFL=00200202 [-------] CPL=0 II=0 A20=1 SMM=0 HLT=0
ES =0018 00000000 ffffffff 00cf9300 DPL=0 DS   [-WA]
CS =0010 00000000 ffffffff 00cf9a00 DPL=0 CS32 [-R-]
SS =0018 00000000 ffffffff 00cf9300 DPL=0 DS   [-WA]
DS =0018 00000000 ffffffff 00cf9300 DPL=0 DS   [-WA]
FS =0018 00000000 ffffffff 00cf9300 DPL=0 DS   [-WA]
GS =0018 00000000 ffffffff 00cf9300 DPL=0 DS   [-WA]
LDT=0000 00000000 0000ffff 00008200 DPL=0 LDT
TR =0000 00000000 0000ffff 00008b00 DPL=0 TSS32-busy
GDT=     000010b0 00000020
IDT=     001295e0 000007ff
CR0=00000011 CR2=00000000 CR3=00000000 CR4=00000000
DR0=00000000 DR1=00000000 DR2=00000000 DR3=00000000 
DR6=ffff0ff0 DR7=00000400
CCS=00000000 CCD=00300df4 CCO=EFLAGS
EFER=0000000000000000
Servicing hardware INT=0x20
   631: v=20 e=0000 i=0 cpl=0 IP=0010:001012ad pc=001012ad SP=0018:00103c5c env->regs[R_EAX]=0000001a
EAX=0000001a EBX=001034e8 ECX=00001076 EDX=0000f36f
ESI=00102880 EDI=0000006f EBP=00103c94 ESP=00103c5c
EIP=001012ad EFL=00000202 [-------] CPL=0 II=0 A20=1 SMM=0 HLT=0
ES =0018 00000000 ffffffff 00cf9300 DPL=0 DS   [-WA]
CS =0010 00000000 ffffffff 00cf9a00 DPL=0 CS32 [-R-]
SS =0018 00000000 ffffffff 00cf9300 DPL=0 DS   [-WA]
DS =0018 00000000 ffffffff 00cf9300 DPL=0 DS   [-WA]
FS =0018 00000000 ffffffff 00cf9300 DPL=0 DS   [-WA]
GS =0018 00000000 ffffffff 00cf9300 DPL=0 DS   [-WA]
LDT=0000 00000000 0000ffff 00008200 DPL=0 LDT
TR =0000 00000000 0000ffff 00008b00 DPL=0 TSS32-busy
GDT=     000010b0 00000020
IDT=     001295e0 000007ff
CR0=00000011 CR2=00000000 CR3=00000000 CR4=00000000
DR0=00000000 DR1=00000000 DR2=00000000 DR3=00000000 
DR6=ffff0ff0 DR7=00000400
CCS=00000000 CCD=00000001 CCO=EFLAGS
EFER=0000000000000000
Servicing hardware INT=0x20
   632: v=20 e=0000 i=0 cpl=0 IP=0010:00100994 pc=00100994 SP=0018:001048d4 env->regs[R_EAX]=0000001c
EAX=0000001c EBX=00000000 ECX=00001900 EDX=00102844
ESI=001027c0 EDI=00000000 EBP=001048e4 ESP=001048d4
EIP=00100994 EFL=00000296 [--S-AP-] CPL=0 II=0 A20=1 SMM=0 HLT=0
ES =0018 00000000 ffffffff 00cf9300 DPL=0 DS   [-WA]
CS =0010 00000000 ffffffff 00cf9a00 DPL=0 CS32 [-R-]
SS =0018 00000000 ffffffff 00cf9300 DPL=0 DS   [-WA]
DS =0018 00000000 ffffffff 00cf9300 DPL=0 DS   [-WA]
FS =0018 00000000 ffffffff 00cf9300 DPL=0 DS   [-WA]
GS =0018 00000000 ffffffff 00cf9300 DPL=0 DS   [-WA]
LDT=0000 00000000 0000ffff 00008200 DPL=0 LDT
TR =0000 00000000 0000ffff 00008b00 DPL=0 TSS32-busy
GDT=     000010b0 00000020
IDT=     001295e0 000007ff
CR0=00000011 CR2=00000000 CR3=00000000 CR4=00000000
DR0=00000000 DR1=00000000 DR2=00000000 DR3=00000000 
DR6=ffff0ff0 DR7=00000400
CCS=00000094 CCD=ffffffff CCO=EFLAGS
EFER=0000000000000000
Servicing hardware INT=0x20
   633: v=20 e=0000 i=0 cpl=0 IP=0010:00101c7d pc=00101c7d SP=0018:0012dd20 env->regs[R_EAX]=00102844
EAX=00102844 EBX=00010000 ECX=000b8000 EDX=0000065b
ESI=00000000 EDI=00000000 EBP=0012dd68 ESP=0012dd20
EIP=00101c7d EFL=00200283 [--S---C] CPL=0 II=0 A20=1 SMM=0 HLT=0
ES =0018 00000000 ffffffff 00cf9300 DPL=0 DS   [-WA]
CS =0010 00000000 ffffffff 00cf9a00 DPL=0 CS32 [-R-]
SS =0018 00000000 ffffffff 00cf9300 DPL=0 DS   [-WA]
DS =0018 00000000 ffffffff 00cf9300 DPL=0 DS   [-WA]
FS =0018 00000000 ffffffff 00cf9300 DPL=0 DS   [-WA]
GS =0018 00000000 ffffffff 00cf9300 DPL=0 DS   [-WA]
LDT=0000 00000000 0000ffff 00008200 DPL=0 LDT
TR =0000 00000000 0000ffff 00008b00 DPL=0 TSS32-busy
GDT=     000010b0 00000020
IDT=     001295e0 000007ff
CR0=00000011 CR2=00000000 CR3=00000000 CR4=00000000
DR0=00000000 DR1=00000000 DR2=00000000 DR3=00000000 
DR6=ffff0ff0 DR7=00000400
CCS=00000081 CCD=fffff6ba CCO=EFLAGS
EFER=0000000000000000
Servicing hardware INT=0x20
   634: v=20 e=0000 i=0 cpl=0 IP=0010:001012d9 pc=001012d9 SP=0018:00103c5c env->regs[R_EAX]=00000001
EAX=00000001 EBX=001034e8 ECX=00000410 EDX=0000001a
ESI=00102880 EDI=00000066 EBP=00103c94 ESP=00103c5c
EIP=001012d9 EFL=00000246 [---Z-P-] CPL=0 II=0 A20=1 SMM=0 HLT=0
ES =0018 00000000 ffffffff 00cf9300 DPL=0 DS   [-WA]
CS =0010 00000000 ffffffff 00cf9a00 DPL=0 CS32 [-R-]
SS =0018 00000000 ffffffff 00cf9300 DPL=0 DS   [-WA]
DS =0018 00000000 ffffffff 00cf9300 DPL=0 DS   [-WA]
FS =0018 00000000 ffffffff 00cf9300 DPL=0 DS   [-WA]
GS =0018 00000000 ffffffff 00cf9300 DPL=0 DS   [-WA]
LDT=0000 00000000 0000ffff 00008200 DPL=0 LDT
TR =0000 00000000 0000ffff 00008b00 DPL=0 TSS32-busy
GDT=     000010b0 00000020
IDT=     001295e0 000007ff
CR0=00000011 CR2=00000000 CR3=00000000 CR4=00000000
DR0=00000000 DR1=00000000 DR2=00000000 DR3=00000000 
DR6=ffff0ff0 DR7=00000400
CCS=00000044 CCD=00000000 CCO=EFLAGS
EFER=0000000000000000
Servicing hardware INT=0x20
   635: v=20 e=0000 i=0 cpl=0 IP=0010:00100994 pc=00100994 SP=0018:001048d4 env->regs[R_EAX]=0000001c
EAX=0000001c EBX=00000000 ECX=00001900 EDX=00102844
ESI=001027c0 EDI=00000000 EBP=001048e4 ESP=001048d4
EIP=00100994 EFL=00000296 [--S-AP-] CPL=0 II=0 A20=1 SMM=0 HLT=0
ES =0018 00000000 ffffffff 00cf9300 DPL=0 DS   [-WA]
CS =0010 00000000 ffffffff 00cf9a00 DPL=0 CS32 [-R-]
SS =0018 00000000 ffffffff 00cf9300 DPL=0 DS   [-WA]
DS =0018 00000000 ffffffff 00cf9300 DPL=0 DS   [-WA]
FS =0018 00000000 ffffffff 00cf9300 DPL=0 DS   [-WA]
GS =0018 00000000 ffffffff 00cf9300 DPL=0 DS   [-WA]
LDT=0000 00000000 0000ffff 00008200 DPL=0 LDT
TR =0000 00000000 0000ffff 00008b00 DPL=0 TSS32-busy
GDT=     000010b0 00000020
IDT=     001295e0 000007ff
CR0=00000011 CR2=00000000 CR3=00000000 CR4=00000000
DR0=00000000 DR1=00000000 DR2=00000000 DR3=00000000 
DR6=ffff0ff0 DR7=00000400
CCS=00000094 CCD=ffffffff CCO=EFLAGS
EFER=0000000000000000
Servicing hardware INT=0x20
   636: v=20 e=0000 i=0 cpl=0 IP=0010:001019b8 pc=001019b8 SP=0018:0012dd64 env->regs[R_EAX]=0019c77c
EAX=0019c77c EBX=00007f7f ECX=003029f4 EDX=fd06e988
ESI=0012dd78 EDI=00000000 EBP=0012dd68 ESP=0012dd64
EIP=001019b8 EFL=00200202 [-------] CPL=0 II=0 A20=1 SMM=0 HLT=0
ES =0018 00000000 ffffffff 00cf9300 DPL=0 DS   [-WA]
CS =0010 00000000 ffffffff 00cf9a00 DPL=0 CS32 [-R-]
SS =0018 00000000 ffffffff 00cf9300 DPL=0 DS   [-WA]
DS =0018 00000000 ffffffff 00cf9300 DPL=0 DS   [-WA]
FS =0018 00000000 ffffffff 00cf9300 DPL=0 DS   [-WA]
GS =0018 00000000 ffffffff 00cf9300 DPL=0 DS   [-WA]
LDT=0000 00000000 0000ffff 00008200 DPL=0 LDT
TR =0000 00000000 0000ffff 00008b00 DPL=0 TSS32-busy
GDT=     000010b0 00000020
IDT=     001295e0 000007ff
CR0=00000011 CR2=00000000 CR3=00000000 CR4=00000000
DR0=00000000 DR1=00000000 DR2=00000000 DR3=00000000 
DR6=ffff0ff0 DR7=00000400
CCS=00000000 CCD=0019c77c CCO=EFLAGS
EFER=0000000000000000
Servicing hardware INT=0x20
   637: v=20 e=0000 i=0 cpl=0 IP=0010:00101196 pc=00101196 SP=0018:00103c44 env->regs[R_EAX]=000000d0
EAX=000000d0 EBX=00103d28 ECX=000001ac EDX=0000816f
ESI=00102844 EDI=00000006 EBP=00103c54 ESP=00103c44
EIP=00101196 EFL=00000293 [--S-A-C] CPL=0 II=0 A20=1 SMM=0 HLT=0
ES =0018 00000000 ffffffff 00cf9300 DPL=0 DS   [-WA]
CS =0010 00000000 ffffffff 00cf9a00 DPL=0 CS32 [-R-]
SS =0018 00000000 ffffffff 00cf9300 DPL=0 DS   [-WA]
DS =0018 00000000 ffffffff 00cf9300 DPL=0 DS   [-WA]
FS =0018 00000000 ffffffff 00cf9300 DPL=0 DS   [-WA]
GS =0018 00000000 ffffffff 00cf9300 DPL=0 DS   [-WA]
LDT=0000 00000000 0000ffff 00008200 DPL=0 LDT
TR =0000 00000000 0000ffff 00008b00 DPL=0 TSS32-busy
GDT=     000010b0 00000020
IDT=     001295e0 000007ff
CR0=00000011 CR2=00000000 CR3=00000000 CR4=00000000
DR0=00000000 DR1=00000000 DR2=00000000 DR3=00000000 
DR6=ffff0ff0 DR7=00000400
CCS=00000091 CCD=ffffffec CCO=EFLAGS
EFER=0000000000000000
Servicing hardware INT=0x20
   638: v=20 e=0000 i=0 cpl=0 IP=0010:00100994 pc=00100994 SP=0018:001048d4 env->regs[R_EAX]=0000001c
EAX=0000001c EBX=00000000 ECX=00001900 EDX=00102844
ESI=001027c0 EDI=00000000 EBP=001048e4 ESP=001048d4
EIP=00100994 EFL=00000296 [--S-AP-] CPL=0 II=0 A20=1 SMM=0 HLT=0
ES =0018 00000000 ffffffff 00cf9300 DPL=0 DS   [-WA]
CS =0010 00000000 ffffffff 00cf9a00 DPL=0 CS32 [-R-]
SS =0018 00000000 ffffffff 00cf9300 DPL=0 DS   [-WA]
DS =0018 00000000 ffffffff 00cf9300 DPL=0 DS   [-WA]
FS =0018 00000000 ffffffff 00cf9300 DPL=0 DS   [-WA]
GS =0018 00000000 ffffffff 00cf9300 DPL=0 DS   [-WA]
LDT=0000 00000000 0000ffff 00008200 DPL=0 LDT
TR =0000 00000000 0000ffff 00008b00 DPL=0 TSS32-busy
GDT=     000010b0 00000020
IDT=     001295e0 000007ff
CR0=00000011 CR2=00000000 CR3=00000000 CR4=00000000
DR0=00000000 DR1=00000000 DR2=00000000 DR3=00000000 
DR6=ffff0ff0 DR7=00000400
CCS=00000094 CCD=ffffffff CCO=EFLAGS
EFER=0000000000000000
Servicing hardware INT=0x20
   639: v=20 e=0000 i=0 cpl=0 IP=0010:00101c44 pc=00101c44 SP=0018:0012dd20 env->regs[R_EAX]=00102844
EAX=00102844 EBX=00010000 ECX=00075300 EDX=0005372a
ESI=0012ddf4 EDI=00000000 EBP=0012dd68 ESP=0012dd20
EIP=00101c44 EFL=00200203 [------C] CPL=0 II=0 A20=1 SMM=0 HLT=0
ES =0018 00000000 ffffffff 00cf9300 DPL=0 DS   [-WA]
CS =0010 00000000 ffffffff 00cf9a00 DPL=0 CS32 [-R-]
SS =0018 00000000 ffffffff 00cf9300 DPL=0 DS   [-WA]
DS =0018 00000000 ffffffff 00cf9300 DPL=0 DS   [-WA]
FS =0018 00000000 ffffffff 00cf9300 DPL=0 DS   [-WA]
GS =0018 00000000 ffffffff 00cf9300 DPL=0 DS   [-WA]
LDT=0000 00000000 0000ffff 00008200 DPL=0 LDT
TR =0000 00000000 0000ffff 00008b00 DPL=0 TSS32-busy
GDT=     000010b0 00000020
IDT=     001295e0 000007ff
CR0=00000011 CR2=00000000 CR3=00000000 CR4=00000000
DR0=00000000 DR1=00000000 DR2=00000000 DR3=00000000 
DR6=ffff0ff0 DR7=00000400
CCS=00000001 CCD=0005372a CCO=EFLAGS
EFER=0000000000000000
Servicing hardware INT=0x20
   640: v=20 e=0000 i=0 cpl=0 IP=0010:00101304 pc=00101304 SP=0018:00103c9c env->regs[R_EAX]=00000002
EAX=00000002 EBX=00100076 ECX=00001046 EDX=00004f72
ESI=0010006f EDI=00000000 EBP=00103cb4 ESP=00103c9c
EIP=00101304 EFL=00000246 [---Z-P-] CPL=0 II=0 A20=1 SMM=0 HLT=0
ES =0018 00000000 ffffffff 00cf9300 DPL=0 DS   [-WA]
CS =0010 00000000 ffffffff 00cf9a00 DPL=0 CS32 [-R-]
SS =0018 00000000 ffffffff 00cf9300 DPL=0 DS   [-WA]
DS =0018 00000000 ffffffff 00cf9300 DPL=0 DS   [-WA]
FS =0018 00000000 ffffffff 00cf9300 DPL=0 DS   [-WA]
GS =0018 00000000 ffffffff 00cf9300 DPL=0 DS   [-WA]
LDT=0000 00000000 0000ffff 00008200 DPL=0 LDT
TR =0000 00000000 0000ffff 00008b00 DPL=0 TSS32-busy
GDT=     000010b0 00000020
IDT=     001295e0 000007ff
CR0=00000011 CR2=00000000 CR3=00000000 CR4=00000000
DR0=00000000 DR1=00000000 DR2=00000000 DR3=00000000 
DR6=ffff0ff0 DR7=00000400
CCS=00000044 CCD=00000000 CCO=EFLAGS
EFER=0000000000000000
Servicing hardware INT=0x20
   641: v=20 e=0000 i=0 cpl=0 IP=0010:00100994 pc=00100994 SP=0018:001048d4 env->regs[R_EAX]=0000001c
EAX=0000001c EBX=00000000 ECX=00001900 EDX=00102844
ESI=001027c0 EDI=00000000 EBP=001048e4 ESP=001048d4
EIP=00100994 EFL=00000296 [--S-AP-] CPL=0 II=0 A20=1 SMM=0 HLT=0
ES =0018 00000000 ffffffff 00cf9300 DPL=0 DS   [-WA]
CS =0010 00000000 ffffffff 00cf9a00 DPL=0 CS32 [-R-]
SS =0018 00000000 ffffffff 00cf9300 DPL=0 DS   [-WA]
DS =0018 00000000 ffffffff 00cf9300 DPL=0 DS   [-WA]
FS =0018 00000000 ffffffff 00cf9300 DPL=0 DS   [-WA]
GS =0018 00000000 ffffffff 00cf9300 DPL=0 DS   [-WA]
LDT=0000 00000000 0000ffff 00008200 DPL=0 LDT
TR =0000 00000000 0000ffff 00008b00 DPL=0 TSS32-busy
GDT=     000010b0 00000020
IDT=     001295e0 000007ff
CR0=00000011 CR2=00000000 CR3=00000000 CR4=00000000
DR0=00000000 DR1=00000000 DR2=00000000 DR3=00000000 
DR6=ffff0ff0 DR7=00000400
CCS=00000094 CCD=ffffffff CCO=EFLAGS
EFER=0000000000000000
Servicing hardware INT=0x20
   642: v=20 e=0000 i=0 cpl=0 IP=0010:001019b8 pc=001019b8 SP=0018:0012dd64 env->regs[R_EAX]=00195614
EAX=00195614 EBX=00007f00 ECX=003029f4 EDX=fd067820
ESI=0012dd78 EDI=00000000 EBP=0012dd68 ESP=0012dd64
EIP=001019b8 EFL=00200206 [-----P-] CPL=0 II=0 A20=1 SMM=0 HLT=0
ES =0018 00000000 ffffffff 00cf9300 DPL=0 DS   [-WA]
CS =0010 00000000 ffffffff 00cf9a00 DPL=0 CS32 [-R-]
SS =0018 00000000 ffffffff 00cf9300 DPL=0 DS   [-WA]
DS =0018 00000000 ffffffff 00cf9300 DPL=0 DS   [-WA]
FS =0018 00000000 ffffffff 00cf9300 DPL=0 DS   [-WA]
GS =0018 00000000 ffffffff 00cf9300 DPL=0 DS   [-WA]
LDT=0000 00000000 0000ffff 00008200 DPL=0 LDT
TR =0000 00000000 0000ffff 00008b00 DPL=0 TSS32-busy
GDT=     000010b0 00000020
IDT=     001295e0 000007ff
CR0=00000011 CR2=00000000 CR3=00000000 CR4=00000000
DR0=00000000 DR1=00000000 DR2=00000000 DR3=00000000 
DR6=ffff0ff0 DR7=00000400
CCS=00000004 CCD=00195614 CCO=EFLAGS
EFER=0000000000000000
Servicing hardware INT=0x20
   643: v=20 e=0000 i=0 cpl=0 IP=0010:001011c9 pc=001011c9 SP=0018:00103c44 env->regs[R_EAX]=0000db20
EAX=0000db20 EBX=00103d28 ECX=00000410 EDX=00000001
ESI=00102844 EDI=0000001a EBP=00103c54 ESP=00103c44
EIP=001011c9 EFL=00000297 [--S-APC] CPL=0 II=0 A20=1 SMM=0 HLT=0
ES =0018 00000000 ffffffff 00cf9300 DPL=0 DS   [-WA]
CS =0010 00000000 ffffffff 00cf9a00 DPL=0 CS32 [-R-]
SS =0018 00000000 ffffffff 00cf9300 DPL=0 DS   [-WA]
DS =0018 00000000 ffffffff 00cf9300 DPL=0 DS   [-WA]
FS =0018 00000000 ffffffff 00cf9300 DPL=0 DS   [-WA]
GS =0018 00000000 ffffffff 00cf9300 DPL=0 DS   [-WA]
LDT=0000 00000000 0000ffff 00008200 DPL=0 LDT
TR =0000 00000000 0000ffff 00008b00 DPL=0 TSS32-busy
GDT=     000010b0 00000020
IDT=     001295e0 000007ff
CR0=00000011 CR2=00000000 CR3=00000000 CR4=00000000
DR0=00000000 DR1=00000000 DR2=00000000 DR3=00000000 
DR6=ffff0ff0 DR7=00000400
CCS=00000095 CCD=ffffffe7 CCO=EFLAGS
EFER=0000000000000000
Servicing hardware INT=0x20
   644: v=20 e=0000 i=0 cpl=0 IP=0010:00100994 pc=00100994 SP=0018:001048d4 env->regs[R_EAX]=0000001c
EAX=0000001c EBX=00000000 ECX=00001900 EDX=00102844
ESI=001027c0 EDI=00000000 EBP=001048e4 ESP=001048d4
EIP=00100994 EFL=00000296 [--S-AP-] CPL=0 II=0 A20=1 SMM=0 HLT=0
ES =0018 00000000 ffffffff 00cf9300 DPL=0 DS   [-WA]
CS =0010 00000000 ffffffff 00cf9a00 DPL=0 CS32 [-R-]
SS =0018 00000000 ffffffff 00cf9300 DPL=0 DS   [-WA]
DS =0018 00000000 ffffffff 00cf9300 DPL=0 DS   [-WA]
FS =0018 00000000 ffffffff 00cf9300 DPL=0 DS   [-WA]
GS =0018 00000000 ffffffff 00cf9300 DPL=0 DS   [-WA]
LDT=0000 00000000 0000ffff 00008200 DPL=0 LDT
TR =0000 00000000 0000ffff 00008b00 DPL=0 TSS32-busy
GDT=     000010b0 00000020
IDT=     001295e0 000007ff
CR0=00000011 CR2=00000000 CR3=00000000 CR4=00000000
DR0=00000000 DR1=00000000 DR2=00000000 DR3=00000000 
DR6=ffff0ff0 DR7=00000400
CCS=00000094 CCD=ffffffff CCO=EFLAGS
EFER=0000000000000000
Servicing hardware INT=0x20
   645: v=20 e=0000 i=0 cpl=0 IP=0010:00101c4f pc=00101c4f SP=0018:0012dd20 env->regs[R_EAX]=00102844
EAX=00102844 EBX=00010000 ECX=00075300 EDX=0005a78f
ESI=0012ddf4 EDI=00000000 EBP=0012dd68 ESP=0012dd20
EIP=00101c4f EFL=00200283 [--S---C] CPL=0 II=0 A20=1 SMM=0 HLT=0
ES =0018 00000000 ffffffff 00cf9300 DPL=0 DS   [-WA]
CS =0010 00000000 ffffffff 00cf9a00 DPL=0 CS32 [-R-]
SS =0018 00000000 ffffffff 00cf9300 DPL=0 DS   [-WA]
DS =0018 00000000 ffffffff 00cf9300 DPL=0 DS   [-WA]
FS =0018 00000000 ffffffff 00cf9300 DPL=0 DS   [-WA]
GS =0018 00000000 ffffffff 00cf9300 DPL=0 DS   [-WA]
LDT=0000 00000000 0000ffff 00008200 DPL=0 LDT
TR =0000 00000000 0000ffff 00008b00 DPL=0 TSS32-busy
GDT=     000010b0 00000020
IDT=     001295e0 000007ff
CR0=00000011 CR2=00000000 CR3=00000000 CR4=00000000
DR0=00000000 DR1=00000000 DR2=00000000 DR3=00000000 
DR6=ffff0ff0 DR7=00000400
CCS=00000081 CCD=fffe548f CCO=EFLAGS
EFER=0000000000000000
Servicing hardware INT=0x20
   646: v=20 e=0000 i=0 cpl=0 IP=0010:00101196 pc=00101196 SP=0018:00103c44 env->regs[R_EAX]=00000186
EAX=00000186 EBX=00103d28 ECX=0000033a EDX=00001966
ESI=00102844 EDI=00000017 EBP=00103c54 ESP=00103c44
EIP=00101196 EFL=00000293 [--S-A-C] CPL=0 II=0 A20=1 SMM=0 HLT=0
ES =0018 00000000 ffffffff 00cf9300 DPL=0 DS   [-WA]
CS =0010 00000000 ffffffff 00cf9a00 DPL=0 CS32 [-R-]
SS =0018 00000000 ffffffff 00cf9300 DPL=0 DS   [-WA]
DS =0018 00000000 ffffffff 00cf9300 DPL=0 DS   [-WA]
FS =0018 00000000 ffffffff 00cf9300 DPL=0 DS   [-WA]
GS =0018 00000000 ffffffff 00cf9300 DPL=0 DS   [-WA]
LDT=0000 00000000 0000ffff 00008200 DPL=0 LDT
TR =0000 00000000 0000ffff 00008b00 DPL=0 TSS32-busy
GDT=     000010b0 00000020
IDT=     001295e0 000007ff
CR0=00000011 CR2=00000000 CR3=00000000 CR4=00000000
DR0=00000000 DR1=00000000 DR2=00000000 DR3=00000000 
DR6=ffff0ff0 DR7=00000400
CCS=00000091 CCD=fffffffd CCO=EFLAGS
EFER=0000000000000000
Servicing hardware INT=0x20
   647: v=20 e=0000 i=0 cpl=0 IP=0010:00100994 pc=00100994 SP=0018:001048d4 env->regs[R_EAX]=0000001c
EAX=0000001c EBX=00000000 ECX=00001900 EDX=00102844
ESI=001027c0 EDI=00000000 EBP=001048e4 ESP=001048d4
EIP=00100994 EFL=00000296 [--S-AP-] CPL=0 II=0 A20=1 SMM=0 HLT=0
ES =0018 00000000 ffffffff 00cf9300 DPL=0 DS   [-WA]
CS =0010 00000000 ffffffff 00cf9a00 DPL=0 CS32 [-R-]
SS =0018 00000000 ffffffff 00cf9300 DPL=0 DS   [-WA]
DS =0018 00000000 ffffffff 00cf9300 DPL=0 DS   [-WA]
FS =0018 00000000 ffffffff 00cf9300 DPL=0 DS   [-WA]
GS =0018 00000000 ffffffff 00cf9300 DPL=0 DS   [-WA]
LDT=0000 00000000 0000ffff 00008200 DPL=0 LDT
TR =0000 00000000 0000ffff 00008b00 DPL=0 TSS32-busy
GDT=     000010b0 00000020
IDT=     001295e0 000007ff
CR0=00000011 CR2=00000000 CR3=00000000 CR4=00000000
DR0=00000000 DR1=00000000 DR2=00000000 DR3=00000000 
DR6=ffff0ff0 DR7=00000400
CCS=00000094 CCD=ffffffff CCO=EFLAGS
EFER=0000000000000000
Servicing hardware INT=0x20
   648: v=20 e=0000 i=0 cpl=0 IP=0010:001016c3 pc=001016c3 SP=0018:0012dc9c env->regs[R_EAX]=00004e58
EAX=00004e58 EBX=00000320 ECX=00000005 EDX=00000001
ESI=00000008 EDI=00141754 EBP=0012dcc8 ESP=0012dc9c
EIP=001016c3 EFL=00200293 [--S-A-C] CPL=0 II=0 A20=1 SMM=0 HLT=0
ES =0018 00000000 ffffffff 00cf9300 DPL=0 DS   [-WA]
CS =0010 00000000 ffffffff 00cf9a00 DPL=0 CS32 [-R-]
SS =0018 00000000 ffffffff 00cf9300 DPL=0 DS   [-WA]
DS =0018 00000000 ffffffff 00cf9300 DPL=0 DS   [-WA]
FS =0018 00000000 ffffffff 00cf9300 DPL=0 DS   [-WA]
GS =0018 00000000 ffffffff 00cf9300 DPL=0 DS   [-WA]
LDT=0000 00000000 0000ffff 00008200 DPL=0 LDT
TR =0000 00000000 0000ffff 00008b00 DPL=0 TSS32-busy
GDT=     000010b0 00000020
IDT=     001295e0 000007ff
CR0=00000011 CR2=00000000 CR3=00000000 CR4=00000000
DR0=00000000 DR1=00000000 DR2=00000000 DR3=00000000 
DR6=ffff0ff0 DR7=00000400
CCS=00000091 CCD=fffffffd CCO=EFLAGS
EFER=0000000000000000
Servicing hardware INT=0x20
   649: v=20 e=0000 i=0 cpl=0 IP=0010:00101196 pc=00101196 SP=0018:00103c44 env->regs[R_EAX]=00000104
EAX=00000104 EBX=00103d28 ECX=0000021c EDX=0000216f
ESI=00102844 EDI=0000000a EBP=00103c54 ESP=00103c44
EIP=00101196 EFL=00000287 [--S--PC] CPL=0 II=0 A20=1 SMM=0 HLT=0
ES =0018 00000000 ffffffff 00cf9300 DPL=0 DS   [-WA]
CS =0010 00000000 ffffffff 00cf9a00 DPL=0 CS32 [-R-]
SS =0018 00000000 ffffffff 00cf9300 DPL=0 DS   [-WA]
DS =0018 00000000 ffffffff 00cf9300 DPL=0 DS   [-WA]
FS =0018 00000000 ffffffff 00cf9300 DPL=0 DS   [-WA]
GS =0018 00000000 ffffffff 00cf9300 DPL=0 DS   [-WA]
LDT=0000 00000000 0000ffff 00008200 DPL=0 LDT
TR =0000 00000000 0000ffff 00008b00 DPL=0 TSS32-busy
GDT=     000010b0 00000020
IDT=     001295e0 000007ff
CR0=00000011 CR2=00000000 CR3=00000000 CR4=00000000
DR0=00000000 DR1=00000000 DR2=00000000 DR3=00000000 
DR6=ffff0ff0 DR7=00000400
CCS=00000085 CCD=fffffff0 CCO=EFLAGS
EFER=0000000000000000
Servicing hardware INT=0x20
   650: v=20 e=0000 i=0 cpl=0 IP=0010:00100994 pc=00100994 SP=0018:001048d4 env->regs[R_EAX]=0000001c
EAX=0000001c EBX=00000000 ECX=00001900 EDX=00102844
ESI=001027c0 EDI=00000000 EBP=001048e4 ESP=001048d4
EIP=00100994 EFL=00000296 [--S-AP-] CPL=0 II=0 A20=1 SMM=0 HLT=0
ES =0018 00000000 ffffffff 00cf9300 DPL=0 DS   [-WA]
CS =0010 00000000 ffffffff 00cf9a00 DPL=0 CS32 [-R-]
SS =0018 00000000 ffffffff 00cf9300 DPL=0 DS   [-WA]
DS =0018 00000000 ffffffff 00cf9300 DPL=0 DS   [-WA]
FS =0018 00000000 ffffffff 00cf9300 DPL=0 DS   [-WA]
GS =0018 00000000 ffffffff 00cf9300 DPL=0 DS   [-WA]
LDT=0000 00000000 0000ffff 00008200 DPL=0 LDT
TR =0000 00000000 0000ffff 00008b00 DPL=0 TSS32-busy
GDT=     000010b0 00000020
IDT=     001295e0 000007ff
CR0=00000011 CR2=00000000 CR3=00000000 CR4=00000000
DR0=00000000 DR1=00000000 DR2=00000000 DR3=00000000 
DR6=ffff0ff0 DR7=00000400
CCS=00000094 CCD=ffffffff CCO=EFLAGS
EFER=0000000000000000
Servicing hardware INT=0x20
   651: v=20 e=0000 i=0 cpl=0 IP=0010:00101c44 pc=00101c44 SP=0018:0012dd20 env->regs[R_EAX]=00102844
EAX=00102844 EBX=00010000 ECX=00075300 EDX=0004224d
ESI=0012ddf4 EDI=00000000 EBP=0012dd68 ESP=0012dd20
EIP=00101c44 EFL=00200207 [-----PC] CPL=0 II=0 A20=1 SMM=0 HLT=0
ES =0018 00000000 ffffffff 00cf9300 DPL=0 DS   [-WA]
CS =0010 00000000 ffffffff 00cf9a00 DPL=0 CS32 [-R-]
SS =0018 00000000 ffffffff 00cf9300 DPL=0 DS   [-WA]
DS =0018 00000000 ffffffff 00cf9300 DPL=0 DS   [-WA]
FS =0018 00000000 ffffffff 00cf9300 DPL=0 DS   [-WA]
GS =0018 00000000 ffffffff 00cf9300 DPL=0 DS   [-WA]
LDT=0000 00000000 0000ffff 00008200 DPL=0 LDT
TR =0000 00000000 0000ffff 00008b00 DPL=0 TSS32-busy
GDT=     000010b0 00000020
IDT=     001295e0 000007ff
CR0=00000011 CR2=00000000 CR3=00000000 CR4=00000000
DR0=00000000 DR1=00000000 DR2=00000000 DR3=00000000 
DR6=ffff0ff0 DR7=00000400
CCS=00000005 CCD=0004224d CCO=EFLAGS
EFER=0000000000000000
Servicing hardware INT=0x20
   652: v=20 e=0000 i=0 cpl=0 IP=0010:0010122f pc=0010122f SP=0018:00103c5c env->regs[R_EAX]=00102844
EAX=00102844 EBX=0000003c ECX=00001058 EDX=00000b6f
ESI=00102880 EDI=0000006f EBP=00103c94 ESP=00103c5c
EIP=0010122f EFL=00000206 [-----P-] CPL=0 II=0 A20=1 SMM=0 HLT=0
ES =0018 00000000 ffffffff 00cf9300 DPL=0 DS   [-WA]
CS =0010 00000000 ffffffff 00cf9a00 DPL=0 CS32 [-R-]
SS =0018 00000000 ffffffff 00cf9300 DPL=0 DS   [-WA]
DS =0018 00000000 ffffffff 00cf9300 DPL=0 DS   [-WA]
FS =0018 00000000 ffffffff 00cf9300 DPL=0 DS   [-WA]
GS =0018 00000000 ffffffff 00cf9300 DPL=0 DS   [-WA]
LDT=0000 00000000 0000ffff 00008200 DPL=0 LDT
TR =0000 00000000 0000ffff 00008b00 DPL=0 TSS32-busy
GDT=     000010b0 00000020
IDT=     001295e0 000007ff
CR0=00000011 CR2=00000000 CR3=00000000 CR4=00000000
DR0=00000000 DR1=00000000 DR2=00000000 DR3=00000000 
DR6=ffff0ff0 DR7=00000400
CCS=00000004 CCD=00000065 CCO=EFLAGS
EFER=0000000000000000
Servicing hardware INT=0x20
   653: v=20 e=0000 i=0 cpl=0 IP=0010:00100994 pc=00100994 SP=0018:001048d4 env->regs[R_EAX]=0000001c
EAX=0000001c EBX=00000000 ECX=00001900 EDX=00102844
ESI=001027c0 EDI=00000000 EBP=001048e4 ESP=001048d4
EIP=00100994 EFL=00000296 [--S-AP-] CPL=0 II=0 A20=1 SMM=0 HLT=0
ES =0018 00000000 ffffffff 00cf9300 DPL=0 DS   [-WA]
CS =0010 00000000 ffffffff 00cf9a00 DPL=0 CS32 [-R-]
SS =0018 00000000 ffffffff 00cf9300 DPL=0 DS   [-WA]
DS =0018 00000000 ffffffff 00cf9300 DPL=0 DS   [-WA]
FS =0018 00000000 ffffffff 00cf9300 DPL=0 DS   [-WA]
GS =0018 00000000 ffffffff 00cf9300 DPL=0 DS   [-WA]
LDT=0000 00000000 0000ffff 00008200 DPL=0 LDT
TR =0000 00000000 0000ffff 00008b00 DPL=0 TSS32-busy
GDT=     000010b0 00000020
IDT=     001295e0 000007ff
CR0=00000011 CR2=00000000 CR3=00000000 CR4=00000000
DR0=00000000 DR1=00000000 DR2=00000000 DR3=00000000 
DR6=ffff0ff0 DR7=00000400
CCS=00000094 CCD=ffffffff CCO=EFLAGS
EFER=0000000000000000
Servicing hardware INT=0x20
   654: v=20 e=0000 i=0 cpl=0 IP=0010:001019bc pc=001019bc SP=0018:0012dd64 env->regs[R_EAX]=0019a294
EAX=0019a294 EBX=00000000 ECX=003029f4 EDX=fd06c4a0
ESI=0012dd78 EDI=00000000 EBP=0012dd68 ESP=0012dd64
EIP=001019bc EFL=00200287 [--S--PC] CPL=0 II=0 A20=1 SMM=0 HLT=0
ES =0018 00000000 ffffffff 00cf9300 DPL=0 DS   [-WA]
CS =0010 00000000 ffffffff 00cf9a00 DPL=0 CS32 [-R-]
SS =0018 00000000 ffffffff 00cf9300 DPL=0 DS   [-WA]
DS =0018 00000000 ffffffff 00cf9300 DPL=0 DS   [-WA]
FS =0018 00000000 ffffffff 00cf9300 DPL=0 DS   [-WA]
GS =0018 00000000 ffffffff 00cf9300 DPL=0 DS   [-WA]
LDT=0000 00000000 0000ffff 00008200 DPL=0 LDT
TR =0000 00000000 0000ffff 00008b00 DPL=0 TSS32-busy
GDT=     000010b0 00000020
IDT=     001295e0 000007ff
CR0=00000011 CR2=00000000 CR3=00000000 CR4=00000000
DR0=00000000 DR1=00000000 DR2=00000000 DR3=00000000 
DR6=ffff0ff0 DR7=00000400
CCS=00000085 CCD=ffe978a0 CCO=EFLAGS
EFER=0000000000000000
Servicing hardware INT=0x20
   655: v=20 e=0000 i=0 cpl=0 IP=0010:00101196 pc=00101196 SP=0018:00103c44 env->regs[R_EAX]=00000152
EAX=00000152 EBX=00103d28 ECX=000002cc EDX=00004b6f
ESI=00102844 EDI=00000014 EBP=00103c54 ESP=00103c44
EIP=00101196 EFL=00000297 [--S-APC] CPL=0 II=0 A20=1 SMM=0 HLT=0
ES =0018 00000000 ffffffff 00cf9300 DPL=0 DS   [-WA]
CS =0010 00000000 ffffffff 00cf9a00 DPL=0 CS32 [-R-]
SS =0018 00000000 ffffffff 00cf9300 DPL=0 DS   [-WA]
DS =0018 00000000 ffffffff 00cf9300 DPL=0 DS   [-WA]
FS =0018 00000000 ffffffff 00cf9300 DPL=0 DS   [-WA]
GS =0018 00000000 ffffffff 00cf9300 DPL=0 DS   [-WA]
LDT=0000 00000000 0000ffff 00008200 DPL=0 LDT
TR =0000 00000000 0000ffff 00008b00 DPL=0 TSS32-busy
GDT=     000010b0 00000020
IDT=     001295e0 000007ff
CR0=00000011 CR2=00000000 CR3=00000000 CR4=00000000
DR0=00000000 DR1=00000000 DR2=00000000 DR3=00000000 
DR6=ffff0ff0 DR7=00000400
CCS=00000095 CCD=fffffffa CCO=EFLAGS
EFER=0000000000000000
Servicing hardware INT=0x20
   656: v=20 e=0000 i=0 cpl=0 IP=0010:00100994 pc=00100994 SP=0018:001048d4 env->regs[R_EAX]=0000001c
EAX=0000001c EBX=00000000 ECX=00001900 EDX=00102844
ESI=001027c0 EDI=00000000 EBP=001048e4 ESP=001048d4
EIP=00100994 EFL=00000296 [--S-AP-] CPL=0 II=0 A20=1 SMM=0 HLT=0
ES =0018 00000000 ffffffff 00cf9300 DPL=0 DS   [-WA]
CS =0010 00000000 ffffffff 00cf9a00 DPL=0 CS32 [-R-]
SS =0018 00000000 ffffffff 00cf9300 DPL=0 DS   [-WA]
DS =0018 00000000 ffffffff 00cf9300 DPL=0 DS   [-WA]
FS =0018 00000000 ffffffff 00cf9300 DPL=0 DS   [-WA]
GS =0018 00000000 ffffffff 00cf9300 DPL=0 DS   [-WA]
LDT=0000 00000000 0000ffff 00008200 DPL=0 LDT
TR =0000 00000000 0000ffff 00008b00 DPL=0 TSS32-busy
GDT=     000010b0 00000020
IDT=     001295e0 000007ff
CR0=00000011 CR2=00000000 CR3=00000000 CR4=00000000
DR0=00000000 DR1=00000000 DR2=00000000 DR3=00000000 
DR6=ffff0ff0 DR7=00000400
CCS=00000094 CCD=ffffffff CCO=EFLAGS
EFER=0000000000000000
Servicing hardware INT=0x20
   657: v=20 e=0000 i=0 cpl=0 IP=0010:00101c44 pc=00101c44 SP=0018:0012dd20 env->regs[R_EAX]=00102844
EAX=00102844 EBX=00010000 ECX=00075300 EDX=00005b1f
ESI=0012ddf4 EDI=00000000 EBP=0012dd68 ESP=0012dd20
EIP=00101c44 EFL=00200203 [------C] CPL=0 II=0 A20=1 SMM=0 HLT=0
ES =0018 00000000 ffffffff 00cf9300 DPL=0 DS   [-WA]
CS =0010 00000000 ffffffff 00cf9a00 DPL=0 CS32 [-R-]
SS =0018 00000000 ffffffff 00cf9300 DPL=0 DS   [-WA]
DS =0018 00000000 ffffffff 00cf9300 DPL=0 DS   [-WA]
FS =0018 00000000 ffffffff 00cf9300 DPL=0 DS   [-WA]
GS =0018 00000000 ffffffff 00cf9300 DPL=0 DS   [-WA]
LDT=0000 00000000 0000ffff 00008200 DPL=0 LDT
TR =0000 00000000 0000ffff 00008b00 DPL=0 TSS32-busy
GDT=     000010b0 00000020
IDT=     001295e0 000007ff
CR0=00000011 CR2=00000000 CR3=00000000 CR4=00000000
DR0=00000000 DR1=00000000 DR2=00000000 DR3=00000000 
DR6=ffff0ff0 DR7=00000400
CCS=00000001 CCD=00005b1f CCO=EFLAGS
EFER=0000000000000000
Servicing hardware INT=0x20
   658: v=20 e=0000 i=0 cpl=0 IP=0010:00101191 pc=00101191 SP=0018:00103c44 env->regs[R_EAX]=000000d0
EAX=000000d0 EBX=00103d28 ECX=000001a0 EDX=00006520
ESI=00102844 EDI=0000001a EBP=00103c54 ESP=00103c44
EIP=00101191 EFL=00000293 [--S-A-C] CPL=0 II=0 A20=1 SMM=0 HLT=0
ES =0018 00000000 ffffffff 00cf9300 DPL=0 DS   [-WA]
CS =0010 00000000 ffffffff 00cf9a00 DPL=0 CS32 [-R-]
SS =0018 00000000 ffffffff 00cf9300 DPL=0 DS   [-WA]
DS =0018 00000000 ffffffff 00cf9300 DPL=0 DS   [-WA]
FS =0018 00000000 ffffffff 00cf9300 DPL=0 DS   [-WA]
GS =0018 00000000 ffffffff 00cf9300 DPL=0 DS   [-WA]
LDT=0000 00000000 0000ffff 00008200 DPL=0 LDT
TR =0000 00000000 0000ffff 00008b00 DPL=0 TSS32-busy
GDT=     000010b0 00000020
IDT=     001295e0 000007ff
CR0=00000011 CR2=00000000 CR3=00000000 CR4=00000000
DR0=00000000 DR1=00000000 DR2=00000000 DR3=00000000 
DR6=ffff0ff0 DR7=00000400
CCS=00000091 CCD=fffffec8 CCO=EFLAGS
EFER=0000000000000000
Servicing hardware INT=0x20
   659: v=20 e=0000 i=0 cpl=0 IP=0010:00100994 pc=00100994 SP=0018:001048d4 env->regs[R_EAX]=0000001c
EAX=0000001c EBX=00000000 ECX=00001900 EDX=00102844
ESI=001027c0 EDI=00000000 EBP=001048e4 ESP=001048d4
EIP=00100994 EFL=00000296 [--S-AP-] CPL=0 II=0 A20=1 SMM=0 HLT=0
ES =0018 00000000 ffffffff 00cf9300 DPL=0 DS   [-WA]
CS =0010 00000000 ffffffff 00cf9a00 DPL=0 CS32 [-R-]
SS =0018 00000000 ffffffff 00cf9300 DPL=0 DS   [-WA]
DS =0018 00000000 ffffffff 00cf9300 DPL=0 DS   [-WA]
FS =0018 00000000 ffffffff 00cf9300 DPL=0 DS   [-WA]
GS =0018 00000000 ffffffff 00cf9300 DPL=0 DS   [-WA]
LDT=0000 00000000 0000ffff 00008200 DPL=0 LDT
TR =0000 00000000 0000ffff 00008b00 DPL=0 TSS32-busy
GDT=     000010b0 00000020
IDT=     001295e0 000007ff
CR0=00000011 CR2=00000000 CR3=00000000 CR4=00000000
DR0=00000000 DR1=00000000 DR2=00000000 DR3=00000000 
DR6=ffff0ff0 DR7=00000400
CCS=00000094 CCD=ffffffff CCO=EFLAGS
EFER=0000000000000000
Servicing hardware INT=0x20
   660: v=20 e=0000 i=0 cpl=0 IP=0010:00101c7d pc=00101c7d SP=0018:0012dd20 env->regs[R_EAX]=00102844
EAX=00102844 EBX=00010000 ECX=000b8000 EDX=0000093d
ESI=00000000 EDI=00000000 EBP=0012dd68 ESP=0012dd20
EIP=00101c7d EFL=00200287 [--S--PC] CPL=0 II=0 A20=1 SMM=0 HLT=0
ES =0018 00000000 ffffffff 00cf9300 DPL=0 DS   [-WA]
CS =0010 00000000 ffffffff 00cf9a00 DPL=0 CS32 [-R-]
SS =0018 00000000 ffffffff 00cf9300 DPL=0 DS   [-WA]
DS =0018 00000000 ffffffff 00cf9300 DPL=0 DS   [-WA]
FS =0018 00000000 ffffffff 00cf9300 DPL=0 DS   [-WA]
GS =0018 00000000 ffffffff 00cf9300 DPL=0 DS   [-WA]
LDT=0000 00000000 0000ffff 00008200 DPL=0 LDT
TR =0000 00000000 0000ffff 00008b00 DPL=0 TSS32-busy
GDT=     000010b0 00000020
IDT=     001295e0 000007ff
CR0=00000011 CR2=00000000 CR3=00000000 CR4=00000000
DR0=00000000 DR1=00000000 DR2=00000000 DR3=00000000 
DR6=ffff0ff0 DR7=00000400
CCS=00000085 CCD=fffff99c CCO=EFLAGS
EFER=0000000000000000
Servicing hardware INT=0x20
   661: v=20 e=0000 i=0 cpl=0 IP=0010:001012a5 pc=001012a5 SP=0018:00103c5c env->regs[R_EAX]=00000017
EAX=00000017 EBX=001034e8 ECX=00001070 EDX=0000736f
ESI=00102880 EDI=0000006f EBP=00103c94 ESP=00103c5c
EIP=001012a5 EFL=00000293 [--S-A-C] CPL=0 II=0 A20=1 SMM=0 HLT=0
ES =0018 00000000 ffffffff 00cf9300 DPL=0 DS   [-WA]
CS =0010 00000000 ffffffff 00cf9a00 DPL=0 CS32 [-R-]
SS =0018 00000000 ffffffff 00cf9300 DPL=0 DS   [-WA]
DS =0018 00000000 ffffffff 00cf9300 DPL=0 DS   [-WA]
FS =0018 00000000 ffffffff 00cf9300 DPL=0 DS   [-WA]
GS =0018 00000000 ffffffff 00cf9300 DPL=0 DS   [-WA]
LDT=0000 00000000 0000ffff 00008200 DPL=0 LDT
TR =0000 00000000 0000ffff 00008b00 DPL=0 TSS32-busy
GDT=     000010b0 00000020
IDT=     001295e0 000007ff
CR0=00000011 CR2=00000000 CR3=00000000 CR4=00000000
DR0=00000000 DR1=00000000 DR2=00000000 DR3=00000000 
DR6=ffff0ff0 DR7=00000400
CCS=00000091 CCD=fffffffe CCO=EFLAGS
EFER=0000000000000000
Servicing hardware INT=0x20
   662: v=20 e=0000 i=0 cpl=0 IP=0010:00100994 pc=00100994 SP=0018:001048d4 env->regs[R_EAX]=0000001c
EAX=0000001c EBX=00000000 ECX=00001900 EDX=00102844
ESI=001027c0 EDI=00000000 EBP=001048e4 ESP=001048d4
EIP=00100994 EFL=00000296 [--S-AP-] CPL=0 II=0 A20=1 SMM=0 HLT=0
ES =0018 00000000 ffffffff 00cf9300 DPL=0 DS   [-WA]
CS =0010 00000000 ffffffff 00cf9a00 DPL=0 CS32 [-R-]
SS =0018 00000000 ffffffff 00cf9300 DPL=0 DS   [-WA]
DS =0018 00000000 ffffffff 00cf9300 DPL=0 DS   [-WA]
FS =0018 00000000 ffffffff 00cf9300 DPL=0 DS   [-WA]
GS =0018 00000000 ffffffff 00cf9300 DPL=0 DS   [-WA]
LDT=0000 00000000 0000ffff 00008200 DPL=0 LDT
TR =0000 00000000 0000ffff 00008b00 DPL=0 TSS32-busy
GDT=     000010b0 00000020
IDT=     001295e0 000007ff
CR0=00000011 CR2=00000000 CR3=00000000 CR4=00000000
DR0=00000000 DR1=00000000 DR2=00000000 DR3=00000000 
DR6=ffff0ff0 DR7=00000400
CCS=00000094 CCD=ffffffff CCO=EFLAGS
EFER=0000000000000000
Servicing hardware INT=0x20
   663: v=20 e=0000 i=0 cpl=0 IP=0010:00101c7d pc=00101c7d SP=0018:0012dd20 env->regs[R_EAX]=00102844
EAX=00102844 EBX=00010000 ECX=000b8000 EDX=00000359
ESI=00000000 EDI=00000000 EBP=0012dd68 ESP=0012dd20
EIP=00101c7d EFL=00200287 [--S--PC] CPL=0 II=0 A20=1 SMM=0 HLT=0
ES =0018 00000000 ffffffff 00cf9300 DPL=0 DS   [-WA]
CS =0010 00000000 ffffffff 00cf9a00 DPL=0 CS32 [-R-]
SS =0018 00000000 ffffffff 00cf9300 DPL=0 DS   [-WA]
DS =0018 00000000 ffffffff 00cf9300 DPL=0 DS   [-WA]
FS =0018 00000000 ffffffff 00cf9300 DPL=0 DS   [-WA]
GS =0018 00000000 ffffffff 00cf9300 DPL=0 DS   [-WA]
LDT=0000 00000000 0000ffff 00008200 DPL=0 LDT
TR =0000 00000000 0000ffff 00008b00 DPL=0 TSS32-busy
GDT=     000010b0 00000020
IDT=     001295e0 000007ff
CR0=00000011 CR2=00000000 CR3=00000000 CR4=00000000
DR0=00000000 DR1=00000000 DR2=00000000 DR3=00000000 
DR6=ffff0ff0 DR7=00000400
CCS=00000085 CCD=fffff3b8 CCO=EFLAGS
EFER=0000000000000000
Servicing hardware INT=0x20
   664: v=20 e=0000 i=0 cpl=0 IP=0010:00101196 pc=00101196 SP=0018:00103c44 env->regs[R_EAX]=0000004e
EAX=0000004e EBX=00103d28 ECX=000000a6 EDX=0000736f
ESI=00102844 EDI=00000005 EBP=00103c54 ESP=00103c44
EIP=00101196 EFL=00000297 [--S-APC] CPL=0 II=0 A20=1 SMM=0 HLT=0
ES =0018 00000000 ffffffff 00cf9300 DPL=0 DS   [-WA]
CS =0010 00000000 ffffffff 00cf9a00 DPL=0 CS32 [-R-]
SS =0018 00000000 ffffffff 00cf9300 DPL=0 DS   [-WA]
DS =0018 00000000 ffffffff 00cf9300 DPL=0 DS   [-WA]
FS =0018 00000000 ffffffff 00cf9300 DPL=0 DS   [-WA]
GS =0018 00000000 ffffffff 00cf9300 DPL=0 DS   [-WA]
LDT=0000 00000000 0000ffff 00008200 DPL=0 LDT
TR =0000 00000000 0000ffff 00008b00 DPL=0 TSS32-busy
GDT=     000010b0 00000020
IDT=     001295e0 000007ff
CR0=00000011 CR2=00000000 CR3=00000000 CR4=00000000
DR0=00000000 DR1=00000000 DR2=00000000 DR3=00000000 
DR6=ffff0ff0 DR7=00000400
CCS=00000095 CCD=ffffffeb CCO=EFLAGS
EFER=0000000000000000
Servicing hardware INT=0x20
   665: v=20 e=0000 i=0 cpl=0 IP=0010:00100994 pc=00100994 SP=0018:001048d4 env->regs[R_EAX]=0000001c
EAX=0000001c EBX=00000000 ECX=00001900 EDX=00102844
ESI=001027c0 EDI=00000000 EBP=001048e4 ESP=001048d4
EIP=00100994 EFL=00000296 [--S-AP-] CPL=0 II=0 A20=1 SMM=0 HLT=0
ES =0018 00000000 ffffffff 00cf9300 DPL=0 DS   [-WA]
CS =0010 00000000 ffffffff 00cf9a00 DPL=0 CS32 [-R-]
SS =0018 00000000 ffffffff 00cf9300 DPL=0 DS   [-WA]
DS =0018 00000000 ffffffff 00cf9300 DPL=0 DS   [-WA]
FS =0018 00000000 ffffffff 00cf9300 DPL=0 DS   [-WA]
GS =0018 00000000 ffffffff 00cf9300 DPL=0 DS   [-WA]
LDT=0000 00000000 0000ffff 00008200 DPL=0 LDT
TR =0000 00000000 0000ffff 00008b00 DPL=0 TSS32-busy
GDT=     000010b0 00000020
IDT=     001295e0 000007ff
CR0=00000011 CR2=00000000 CR3=00000000 CR4=00000000
DR0=00000000 DR1=00000000 DR2=00000000 DR3=00000000 
DR6=ffff0ff0 DR7=00000400
CCS=00000094 CCD=ffffffff CCO=EFLAGS
EFER=0000000000000000
Servicing hardware INT=0x20
   666: v=20 e=0000 i=0 cpl=0 IP=0010:001019b8 pc=001019b8 SP=0018:0012dd64 env->regs[R_EAX]=00202df8
EAX=00202df8 EBX=006e96c2 ECX=003029f4 EDX=fd0d5004
ESI=0012dd78 EDI=00000000 EBP=0012dd68 ESP=0012dd64
EIP=001019b8 EFL=00200202 [-------] CPL=0 II=0 A20=1 SMM=0 HLT=0
ES =0018 00000000 ffffffff 00cf9300 DPL=0 DS   [-WA]
CS =0010 00000000 ffffffff 00cf9a00 DPL=0 CS32 [-R-]
SS =0018 00000000 ffffffff 00cf9300 DPL=0 DS   [-WA]
DS =0018 00000000 ffffffff 00cf9300 DPL=0 DS   [-WA]
FS =0018 00000000 ffffffff 00cf9300 DPL=0 DS   [-WA]
GS =0018 00000000 ffffffff 00cf9300 DPL=0 DS   [-WA]
LDT=0000 00000000 0000ffff 00008200 DPL=0 LDT
TR =0000 00000000 0000ffff 00008b00 DPL=0 TSS32-busy
GDT=     000010b0 00000020
IDT=     001295e0 000007ff
CR0=00000011 CR2=00000000 CR3=00000000 CR4=00000000
DR0=00000000 DR1=00000000 DR2=00000000 DR3=00000000 
DR6=ffff0ff0 DR7=00000400
CCS=00000000 CCD=00202df8 CCO=EFLAGS
EFER=0000000000000000
Servicing hardware INT=0x20
   667: v=20 e=0000 i=0 cpl=0 IP=0010:001011e2 pc=001011e2 SP=0018:00103c98 env->regs[R_EAX]=001011e2
EAX=001011e2 EBX=00100072 ECX=00001070 EDX=00008f6f
ESI=0010006f EDI=00000000 EBP=00103cb4 ESP=00103c98
EIP=001011e2 EFL=00000206 [-----P-] CPL=0 II=0 A20=1 SMM=0 HLT=0
ES =0018 00000000 ffffffff 00cf9300 DPL=0 DS   [-WA]
CS =0010 00000000 ffffffff 00cf9a00 DPL=0 CS32 [-R-]
SS =0018 00000000 ffffffff 00cf9300 DPL=0 DS   [-WA]
DS =0018 00000000 ffffffff 00cf9300 DPL=0 DS   [-WA]
FS =0018 00000000 ffffffff 00cf9300 DPL=0 DS   [-WA]
GS =0018 00000000 ffffffff 00cf9300 DPL=0 DS   [-WA]
LDT=0000 00000000 0000ffff 00008200 DPL=0 LDT
TR =0000 00000000 0000ffff 00008b00 DPL=0 TSS32-busy
GDT=     000010b0 00000020
IDT=     001295e0 000007ff
CR0=00000011 CR2=00000000 CR3=00000000 CR4=00000000
DR0=00000000 DR1=00000000 DR2=00000000 DR3=00000000 
DR6=ffff0ff0 DR7=00000400
CCS=00000004 CCD=00103ca0 CCO=EFLAGS
EFER=0000000000000000
Servicing hardware INT=0x20
   668: v=20 e=0000 i=0 cpl=0 IP=0010:00100994 pc=00100994 SP=0018:001048d4 env->regs[R_EAX]=0000001c
EAX=0000001c EBX=00000000 ECX=00001900 EDX=00102844
ESI=001027c0 EDI=00000000 EBP=001048e4 ESP=001048d4
EIP=00100994 EFL=00000296 [--S-AP-] CPL=0 II=0 A20=1 SMM=0 HLT=0
ES =0018 00000000 ffffffff 00cf9300 DPL=0 DS   [-WA]
CS =0010 00000000 ffffffff 00cf9a00 DPL=0 CS32 [-R-]
SS =0018 00000000 ffffffff 00cf9300 DPL=0 DS   [-WA]
DS =0018 00000000 ffffffff 00cf9300 DPL=0 DS   [-WA]
FS =0018 00000000 ffffffff 00cf9300 DPL=0 DS   [-WA]
GS =0018 00000000 ffffffff 00cf9300 DPL=0 DS   [-WA]
LDT=0000 00000000 0000ffff 00008200 DPL=0 LDT
TR =0000 00000000 0000ffff 00008b00 DPL=0 TSS32-busy
GDT=     000010b0 00000020
IDT=     001295e0 000007ff
CR0=00000011 CR2=00000000 CR3=00000000 CR4=00000000
DR0=00000000 DR1=00000000 DR2=00000000 DR3=00000000 
DR6=ffff0ff0 DR7=00000400
CCS=00000094 CCD=ffffffff CCO=EFLAGS
EFER=0000000000000000
Servicing hardware INT=0x20
   669: v=20 e=0000 i=0 cpl=0 IP=0010:001019bc pc=001019bc SP=0018:0012dd64 env->regs[R_EAX]=0027e104
EAX=0027e104 EBX=006e96c2 ECX=003029f4 EDX=fd150310
ESI=0012dd78 EDI=00000000 EBP=0012dd68 ESP=0012dd64
EIP=001019bc EFL=00200283 [--S---C] CPL=0 II=0 A20=1 SMM=0 HLT=0
ES =0018 00000000 ffffffff 00cf9300 DPL=0 DS   [-WA]
CS =0010 00000000 ffffffff 00cf9a00 DPL=0 CS32 [-R-]
SS =0018 00000000 ffffffff 00cf9300 DPL=0 DS   [-WA]
DS =0018 00000000 ffffffff 00cf9300 DPL=0 DS   [-WA]
FS =0018 00000000 ffffffff 00cf9300 DPL=0 DS   [-WA]
GS =0018 00000000 ffffffff 00cf9300 DPL=0 DS   [-WA]
LDT=0000 00000000 0000ffff 00008200 DPL=0 LDT
TR =0000 00000000 0000ffff 00008b00 DPL=0 TSS32-busy
GDT=     000010b0 00000020
IDT=     001295e0 000007ff
CR0=00000011 CR2=00000000 CR3=00000000 CR4=00000000
DR0=00000000 DR1=00000000 DR2=00000000 DR3=00000000 
DR6=ffff0ff0 DR7=00000400
CCS=00000081 CCD=fff7b710 CCO=EFLAGS
EFER=0000000000000000
Servicing hardware INT=0x20
   670: v=20 e=0000 i=0 cpl=0 IP=0010:00101196 pc=00101196 SP=0018:00103c44 env->regs[R_EAX]=0000016c
EAX=0000016c EBX=00103d28 ECX=00000300 EDX=00008372
ESI=00102844 EDI=00000014 EBP=00103c54 ESP=00103c44
EIP=00101196 EFL=00000297 [--S-APC] CPL=0 II=0 A20=1 SMM=0 HLT=0
ES =0018 00000000 ffffffff 00cf9300 DPL=0 DS   [-WA]
CS =0010 00000000 ffffffff 00cf9a00 DPL=0 CS32 [-R-]
SS =0018 00000000 ffffffff 00cf9300 DPL=0 DS   [-WA]
DS =0018 00000000 ffffffff 00cf9300 DPL=0 DS   [-WA]
FS =0018 00000000 ffffffff 00cf9300 DPL=0 DS   [-WA]
GS =0018 00000000 ffffffff 00cf9300 DPL=0 DS   [-WA]
LDT=0000 00000000 0000ffff 00008200 DPL=0 LDT
TR =0000 00000000 0000ffff 00008b00 DPL=0 TSS32-busy
GDT=     000010b0 00000020
IDT=     001295e0 000007ff
CR0=00000011 CR2=00000000 CR3=00000000 CR4=00000000
DR0=00000000 DR1=00000000 DR2=00000000 DR3=00000000 
DR6=ffff0ff0 DR7=00000400
CCS=00000095 CCD=fffffffa CCO=EFLAGS
EFER=0000000000000000
Servicing hardware INT=0x20
   671: v=20 e=0000 i=0 cpl=0 IP=0010:00100994 pc=00100994 SP=0018:001048d4 env->regs[R_EAX]=0000001c
EAX=0000001c EBX=00000000 ECX=00001900 EDX=00102844
ESI=001027c0 EDI=00000000 EBP=001048e4 ESP=001048d4
EIP=00100994 EFL=00000296 [--S-AP-] CPL=0 II=0 A20=1 SMM=0 HLT=0
ES =0018 00000000 ffffffff 00cf9300 DPL=0 DS   [-WA]
CS =0010 00000000 ffffffff 00cf9a00 DPL=0 CS32 [-R-]
SS =0018 00000000 ffffffff 00cf9300 DPL=0 DS   [-WA]
DS =0018 00000000 ffffffff 00cf9300 DPL=0 DS   [-WA]
FS =0018 00000000 ffffffff 00cf9300 DPL=0 DS   [-WA]
GS =0018 00000000 ffffffff 00cf9300 DPL=0 DS   [-WA]
LDT=0000 00000000 0000ffff 00008200 DPL=0 LDT
TR =0000 00000000 0000ffff 00008b00 DPL=0 TSS32-busy
GDT=     000010b0 00000020
IDT=     001295e0 000007ff
CR0=00000011 CR2=00000000 CR3=00000000 CR4=00000000
DR0=00000000 DR1=00000000 DR2=00000000 DR3=00000000 
DR6=ffff0ff0 DR7=00000400
CCS=00000094 CCD=ffffffff CCO=EFLAGS
EFER=0000000000000000
Servicing hardware INT=0x20
   672: v=20 e=0000 i=0 cpl=0 IP=0010:00101146 pc=00101146 SP=0018:0012dcec env->regs[R_EAX]=001b8294
EAX=001b8294 EBX=0000000f ECX=0074b2ed EDX=000000e0
ESI=000000a9 EDI=000000b0 EBP=0012dd04 ESP=0012dcec
EIP=00101146 EFL=00200216 [----AP-] CPL=0 II=0 A20=1 SMM=0 HLT=0
ES =0018 00000000 ffffffff 00cf9300 DPL=0 DS   [-WA]
CS =0010 00000000 ffffffff 00cf9a00 DPL=0 CS32 [-R-]
SS =0018 00000000 ffffffff 00cf9300 DPL=0 DS   [-WA]
DS =0018 00000000 ffffffff 00cf9300 DPL=0 DS   [-WA]
FS =0018 00000000 ffffffff 00cf9300 DPL=0 DS   [-WA]
GS =0018 00000000 ffffffff 00cf9300 DPL=0 DS   [-WA]
LDT=0000 00000000 0000ffff 00008200 DPL=0 LDT
TR =0000 00000000 0000ffff 00008b00 DPL=0 TSS32-busy
GDT=     000010b0 00000020
IDT=     001295e0 000007ff
CR0=00000011 CR2=00000000 CR3=00000000 CR4=00000000
DR0=00000000 DR1=00000000 DR2=00000000 DR3=00000000 
DR6=ffff0ff0 DR7=00000400
CCS=00000014 CCD=000000d1 CCO=EFLAGS
EFER=0000000000000000
Servicing hardware INT=0x20
   673: v=20 e=0000 i=0 cpl=0 IP=0010:0010122f pc=0010122f SP=0018:00103c5c env->regs[R_EAX]=00102844
EAX=00102844 EBX=0000003c ECX=0000105c EDX=0000c96f
ESI=00102880 EDI=00000020 EBP=00103c94 ESP=00103c5c
EIP=0010122f EFL=00000212 [----A--] CPL=0 II=0 A20=1 SMM=0 HLT=0
ES =0018 00000000 ffffffff 00cf9300 DPL=0 DS   [-WA]
CS =0010 00000000 ffffffff 00cf9a00 DPL=0 CS32 [-R-]
SS =0018 00000000 ffffffff 00cf9300 DPL=0 DS   [-WA]
DS =0018 00000000 ffffffff 00cf9300 DPL=0 DS   [-WA]
FS =0018 00000000 ffffffff 00cf9300 DPL=0 DS   [-WA]
GS =0018 00000000 ffffffff 00cf9300 DPL=0 DS   [-WA]
LDT=0000 00000000 0000ffff 00008200 DPL=0 LDT
TR =0000 00000000 0000ffff 00008b00 DPL=0 TSS32-busy
GDT=     000010b0 00000020
IDT=     001295e0 000007ff
CR0=00000011 CR2=00000000 CR3=00000000 CR4=00000000
DR0=00000000 DR1=00000000 DR2=00000000 DR3=00000000 
DR6=ffff0ff0 DR7=00000400
CCS=00000010 CCD=00000016 CCO=EFLAGS
EFER=0000000000000000
Servicing hardware INT=0x20
   674: v=20 e=0000 i=0 cpl=0 IP=0010:00100994 pc=00100994 SP=0018:001048d4 env->regs[R_EAX]=0000001c
EAX=0000001c EBX=00000000 ECX=00001900 EDX=00102844
ESI=001027c0 EDI=00000000 EBP=001048e4 ESP=001048d4
EIP=00100994 EFL=00000296 [--S-AP-] CPL=0 II=0 A20=1 SMM=0 HLT=0
ES =0018 00000000 ffffffff 00cf9300 DPL=0 DS   [-WA]
CS =0010 00000000 ffffffff 00cf9a00 DPL=0 CS32 [-R-]
SS =0018 00000000 ffffffff 00cf9300 DPL=0 DS   [-WA]
DS =0018 00000000 ffffffff 00cf9300 DPL=0 DS   [-WA]
FS =0018 00000000 ffffffff 00cf9300 DPL=0 DS   [-WA]
GS =0018 00000000 ffffffff 00cf9300 DPL=0 DS   [-WA]
LDT=0000 00000000 0000ffff 00008200 DPL=0 LDT
TR =0000 00000000 0000ffff 00008b00 DPL=0 TSS32-busy
GDT=     000010b0 00000020
IDT=     001295e0 000007ff
CR0=00000011 CR2=00000000 CR3=00000000 CR4=00000000
DR0=00000000 DR1=00000000 DR2=00000000 DR3=00000000 
DR6=ffff0ff0 DR7=00000400
CCS=00000094 CCD=ffffffff CCO=EFLAGS
EFER=0000000000000000
Servicing hardware INT=0x20
   675: v=20 e=0000 i=0 cpl=0 IP=0010:001019b8 pc=001019b8 SP=0018:0012dd64 env->regs[R_EAX]=001e6904
EAX=001e6904 EBX=006e96c2 ECX=003029f4 EDX=fd0b8b10
ESI=0012dd78 EDI=00000000 EBP=0012dd68 ESP=0012dd64
EIP=001019b8 EFL=00200202 [-------] CPL=0 II=0 A20=1 SMM=0 HLT=0
ES =0018 00000000 ffffffff 00cf9300 DPL=0 DS   [-WA]
CS =0010 00000000 ffffffff 00cf9a00 DPL=0 CS32 [-R-]
SS =0018 00000000 ffffffff 00cf9300 DPL=0 DS   [-WA]
DS =0018 00000000 ffffffff 00cf9300 DPL=0 DS   [-WA]
FS =0018 00000000 ffffffff 00cf9300 DPL=0 DS   [-WA]
GS =0018 00000000 ffffffff 00cf9300 DPL=0 DS   [-WA]
LDT=0000 00000000 0000ffff 00008200 DPL=0 LDT
TR =0000 00000000 0000ffff 00008b00 DPL=0 TSS32-busy
GDT=     000010b0 00000020
IDT=     001295e0 000007ff
CR0=00000011 CR2=00000000 CR3=00000000 CR4=00000000
DR0=00000000 DR1=00000000 DR2=00000000 DR3=00000000 
DR6=ffff0ff0 DR7=00000400
CCS=00000000 CCD=001e6904 CCO=EFLAGS
EFER=0000000000000000
Servicing hardware INT=0x20
   676: v=20 e=0000 i=0 cpl=0 IP=0010:00101196 pc=00101196 SP=0018:00103c44 env->regs[R_EAX]=0000001a
EAX=0000001a EBX=00103d28 ECX=0000005a EDX=0000e962
ESI=00102844 EDI=00000013 EBP=00103c54 ESP=00103c44
EIP=00101196 EFL=00000297 [--S-APC] CPL=0 II=0 A20=1 SMM=0 HLT=0
ES =0018 00000000 ffffffff 00cf9300 DPL=0 DS   [-WA]
CS =0010 00000000 ffffffff 00cf9a00 DPL=0 CS32 [-R-]
SS =0018 00000000 ffffffff 00cf9300 DPL=0 DS   [-WA]
DS =0018 00000000 ffffffff 00cf9300 DPL=0 DS   [-WA]
FS =0018 00000000 ffffffff 00cf9300 DPL=0 DS   [-WA]
GS =0018 00000000 ffffffff 00cf9300 DPL=0 DS   [-WA]
LDT=0000 00000000 0000ffff 00008200 DPL=0 LDT
TR =0000 00000000 0000ffff 00008b00 DPL=0 TSS32-busy
GDT=     000010b0 00000020
IDT=     001295e0 000007ff
CR0=00000011 CR2=00000000 CR3=00000000 CR4=00000000
DR0=00000000 DR1=00000000 DR2=00000000 DR3=00000000 
DR6=ffff0ff0 DR7=00000400
CCS=00000095 CCD=fffffff9 CCO=EFLAGS
EFER=0000000000000000
Servicing hardware INT=0x20
   677: v=20 e=0000 i=0 cpl=0 IP=0010:00100994 pc=00100994 SP=0018:001048d4 env->regs[R_EAX]=0000001c
EAX=0000001c EBX=00000000 ECX=00001900 EDX=00102844
ESI=001027c0 EDI=00000000 EBP=001048e4 ESP=001048d4
EIP=00100994 EFL=00000296 [--S-AP-] CPL=0 II=0 A20=1 SMM=0 HLT=0
ES =0018 00000000 ffffffff 00cf9300 DPL=0 DS   [-WA]
CS =0010 00000000 ffffffff 00cf9a00 DPL=0 CS32 [-R-]
SS =0018 00000000 ffffffff 00cf9300 DPL=0 DS   [-WA]
DS =0018 00000000 ffffffff 00cf9300 DPL=0 DS   [-WA]
FS =0018 00000000 ffffffff 00cf9300 DPL=0 DS   [-WA]
GS =0018 00000000 ffffffff 00cf9300 DPL=0 DS   [-WA]
LDT=0000 00000000 0000ffff 00008200 DPL=0 LDT
TR =0000 00000000 0000ffff 00008b00 DPL=0 TSS32-busy
GDT=     000010b0 00000020
IDT=     001295e0 000007ff
CR0=00000011 CR2=00000000 CR3=00000000 CR4=00000000
DR0=00000000 DR1=00000000 DR2=00000000 DR3=00000000 
DR6=ffff0ff0 DR7=00000400
CCS=00000094 CCD=ffffffff CCO=EFLAGS
EFER=0000000000000000
Servicing hardware INT=0x20
   678: v=20 e=0000 i=0 cpl=0 IP=0010:00101c44 pc=00101c44 SP=0018:0012dd20 env->regs[R_EAX]=00102844
EAX=00102844 EBX=00010000 ECX=00075300 EDX=0006039e
ESI=0012ddf4 EDI=00000000 EBP=0012dd68 ESP=0012dd20
EIP=00101c44 EFL=00200203 [------C] CPL=0 II=0 A20=1 SMM=0 HLT=0
ES =0018 00000000 ffffffff 00cf9300 DPL=0 DS   [-WA]
CS =0010 00000000 ffffffff 00cf9a00 DPL=0 CS32 [-R-]
SS =0018 00000000 ffffffff 00cf9300 DPL=0 DS   [-WA]
DS =0018 00000000 ffffffff 00cf9300 DPL=0 DS   [-WA]
FS =0018 00000000 ffffffff 00cf9300 DPL=0 DS   [-WA]
GS =0018 00000000 ffffffff 00cf9300 DPL=0 DS   [-WA]
LDT=0000 00000000 0000ffff 00008200 DPL=0 LDT
TR =0000 00000000 0000ffff 00008b00 DPL=0 TSS32-busy
GDT=     000010b0 00000020
IDT=     001295e0 000007ff
CR0=00000011 CR2=00000000 CR3=00000000 CR4=00000000
DR0=00000000 DR1=00000000 DR2=00000000 DR3=00000000 
DR6=ffff0ff0 DR7=00000400
CCS=00000001 CCD=0006039e CCO=EFLAGS
EFER=0000000000000000
Servicing hardware INT=0x20
   679: v=20 e=0000 i=0 cpl=0 IP=0010:001012e3 pc=001012e3 SP=0018:00103c5c env->regs[R_EAX]=00000007
EAX=00000007 EBX=001034e8 ECX=00001050 EDX=00008d66
ESI=00102880 EDI=00000066 EBP=00103c94 ESP=00103c5c
EIP=001012e3 EFL=00000246 [---Z-P-] CPL=0 II=0 A20=1 SMM=0 HLT=0
ES =0018 00000000 ffffffff 00cf9300 DPL=0 DS   [-WA]
CS =0010 00000000 ffffffff 00cf9a00 DPL=0 CS32 [-R-]
SS =0018 00000000 ffffffff 00cf9300 DPL=0 DS   [-WA]
DS =0018 00000000 ffffffff 00cf9300 DPL=0 DS   [-WA]
FS =0018 00000000 ffffffff 00cf9300 DPL=0 DS   [-WA]
GS =0018 00000000 ffffffff 00cf9300 DPL=0 DS   [-WA]
LDT=0000 00000000 0000ffff 00008200 DPL=0 LDT
TR =0000 00000000 0000ffff 00008b00 DPL=0 TSS32-busy
GDT=     000010b0 00000020
IDT=     001295e0 000007ff
CR0=00000011 CR2=00000000 CR3=00000000 CR4=00000000
DR0=00000000 DR1=00000000 DR2=00000000 DR3=00000000 
DR6=ffff0ff0 DR7=00000400
CCS=00000044 CCD=00000000 CCO=EFLAGS
EFER=0000000000000000
Servicing hardware INT=0x20
   680: v=20 e=0000 i=0 cpl=0 IP=0010:00100994 pc=00100994 SP=0018:001048d4 env->regs[R_EAX]=0000001c
EAX=0000001c EBX=00000000 ECX=00001900 EDX=00102844
ESI=001027c0 EDI=00000000 EBP=001048e4 ESP=001048d4
EIP=00100994 EFL=00000296 [--S-AP-] CPL=0 II=0 A20=1 SMM=0 HLT=0
ES =0018 00000000 ffffffff 00cf9300 DPL=0 DS   [-WA]
CS =0010 00000000 ffffffff 00cf9a00 DPL=0 CS32 [-R-]
SS =0018 00000000 ffffffff 00cf9300 DPL=0 DS   [-WA]
DS =0018 00000000 ffffffff 00cf9300 DPL=0 DS   [-WA]
FS =0018 00000000 ffffffff 00cf9300 DPL=0 DS   [-WA]
GS =0018 00000000 ffffffff 00cf9300 DPL=0 DS   [-WA]
LDT=0000 00000000 0000ffff 00008200 DPL=0 LDT
TR =0000 00000000 0000ffff 00008b00 DPL=0 TSS32-busy
GDT=     000010b0 00000020
IDT=     001295e0 000007ff
CR0=00000011 CR2=00000000 CR3=00000000 CR4=00000000
DR0=00000000 DR1=00000000 DR2=00000000 DR3=00000000 
DR6=ffff0ff0 DR7=00000400
CCS=00000094 CCD=ffffffff CCO=EFLAGS
EFER=0000000000000000
Servicing hardware INT=0x20
   681: v=20 e=0000 i=0 cpl=0 IP=0010:001019bc pc=001019bc SP=0018:0012dd64 env->regs[R_EAX]=002ab510
EAX=002ab510 EBX=006e96c2 ECX=003029f4 EDX=fd17d71c
ESI=0012dd78 EDI=00000000 EBP=0012dd68 ESP=0012dd64
EIP=001019bc EFL=00200293 [--S-A-C] CPL=0 II=0 A20=1 SMM=0 HLT=0
ES =0018 00000000 ffffffff 00cf9300 DPL=0 DS   [-WA]
CS =0010 00000000 ffffffff 00cf9a00 DPL=0 CS32 [-R-]
SS =0018 00000000 ffffffff 00cf9300 DPL=0 DS   [-WA]
DS =0018 00000000 ffffffff 00cf9300 DPL=0 DS   [-WA]
FS =0018 00000000 ffffffff 00cf9300 DPL=0 DS   [-WA]
GS =0018 00000000 ffffffff 00cf9300 DPL=0 DS   [-WA]
LDT=0000 00000000 0000ffff 00008200 DPL=0 LDT
TR =0000 00000000 0000ffff 00008b00 DPL=0 TSS32-busy
GDT=     000010b0 00000020
IDT=     001295e0 000007ff
CR0=00000011 CR2=00000000 CR3=00000000 CR4=00000000
DR0=00000000 DR1=00000000 DR2=00000000 DR3=00000000 
DR6=ffff0ff0 DR7=00000400
CCS=00000091 CCD=fffa8b1c CCO=EFLAGS
EFER=0000000000000000
Servicing hardware INT=0x20
   682: v=20 e=0000 i=0 cpl=0 IP=0010:00101ef4 pc=00101ef4 SP=0018:00103c94 env->regs[R_EAX]=0000006f
EAX=0000006f EBX=00100071 ECX=00001072 EDX=00001766
ESI=0010006f EDI=00000000 EBP=00103cb4 ESP=00103c94
EIP=00101ef4 EFL=00000206 [-----P-] CPL=0 II=0 A20=1 SMM=0 HLT=0
ES =0018 00000000 ffffffff 00cf9300 DPL=0 DS   [-WA]
CS =0010 00000000 ffffffff 00cf9a00 DPL=0 CS32 [-R-]
SS =0018 00000000 ffffffff 00cf9300 DPL=0 DS   [-WA]
DS =0018 00000000 ffffffff 00cf9300 DPL=0 DS   [-WA]
FS =0018 00000000 ffffffff 00cf9300 DPL=0 DS   [-WA]
GS =0018 00000000 ffffffff 00cf9300 DPL=0 DS   [-WA]
LDT=0000 00000000 0000ffff 00008200 DPL=0 LDT
TR =0000 00000000 0000ffff 00008b00 DPL=0 TSS32-busy
GDT=     000010b0 00000020
IDT=     001295e0 000007ff
CR0=00000011 CR2=00000000 CR3=00000000 CR4=00000000
DR0=00000000 DR1=00000000 DR2=00000000 DR3=00000000 
DR6=ffff0ff0 DR7=00000400
CCS=00000004 CCD=00103ca0 CCO=EFLAGS
EFER=0000000000000000
Servicing hardware INT=0x20
   683: v=20 e=0000 i=0 cpl=0 IP=0010:00100994 pc=00100994 SP=0018:001048d4 env->regs[R_EAX]=0000001c
EAX=0000001c EBX=00000000 ECX=00001900 EDX=00102844
ESI=001027c0 EDI=00000000 EBP=001048e4 ESP=001048d4
EIP=00100994 EFL=00000296 [--S-AP-] CPL=0 II=0 A20=1 SMM=0 HLT=0
ES =0018 00000000 ffffffff 00cf9300 DPL=0 DS   [-WA]
CS =0010 00000000 ffffffff 00cf9a00 DPL=0 CS32 [-R-]
SS =0018 00000000 ffffffff 00cf9300 DPL=0 DS   [-WA]
DS =0018 00000000 ffffffff 00cf9300 DPL=0 DS   [-WA]
FS =0018 00000000 ffffffff 00cf9300 DPL=0 DS   [-WA]
GS =0018 00000000 ffffffff 00cf9300 DPL=0 DS   [-WA]
LDT=0000 00000000 0000ffff 00008200 DPL=0 LDT
TR =0000 00000000 0000ffff 00008b00 DPL=0 TSS32-busy
GDT=     000010b0 00000020
IDT=     001295e0 000007ff
CR0=00000011 CR2=00000000 CR3=00000000 CR4=00000000
DR0=00000000 DR1=00000000 DR2=00000000 DR3=00000000 
DR6=ffff0ff0 DR7=00000400
CCS=00000094 CCD=ffffffff CCO=EFLAGS
EFER=0000000000000000
Servicing hardware INT=0x20
   684: v=20 e=0000 i=0 cpl=0 IP=0010:001019b8 pc=001019b8 SP=0018:0012dd64 env->regs[R_EAX]=002ceb1c
EAX=002ceb1c EBX=006e96c2 ECX=003029f4 EDX=fd1a0d28
ESI=0012dd78 EDI=00000000 EBP=0012dd68 ESP=0012dd64
EIP=001019b8 EFL=00200202 [-------] CPL=0 II=0 A20=1 SMM=0 HLT=0
ES =0018 00000000 ffffffff 00cf9300 DPL=0 DS   [-WA]
CS =0010 00000000 ffffffff 00cf9a00 DPL=0 CS32 [-R-]
SS =0018 00000000 ffffffff 00cf9300 DPL=0 DS   [-WA]
DS =0018 00000000 ffffffff 00cf9300 DPL=0 DS   [-WA]
FS =0018 00000000 ffffffff 00cf9300 DPL=0 DS   [-WA]
GS =0018 00000000 ffffffff 00cf9300 DPL=0 DS   [-WA]
LDT=0000 00000000 0000ffff 00008200 DPL=0 LDT
TR =0000 00000000 0000ffff 00008b00 DPL=0 TSS32-busy
GDT=     000010b0 00000020
IDT=     001295e0 000007ff
CR0=00000011 CR2=00000000 CR3=00000000 CR4=00000000
DR0=00000000 DR1=00000000 DR2=00000000 DR3=00000000 
DR6=ffff0ff0 DR7=00000400
CCS=00000000 CCD=002ceb1c CCO=EFLAGS
EFER=0000000000000000
Servicing hardware INT=0x20
   685: v=20 e=0000 i=0 cpl=0 IP=0010:001011a8 pc=001011a8 SP=0018:00103c44 env->regs[R_EAX]=000001ba
EAX=000001ba EBX=00103d28 ECX=000003a8 EDX=0000e366
ESI=00102844 EDI=0000001a EBP=00103c54 ESP=00103c44
EIP=001011a8 EFL=00000246 [---Z-P-] CPL=0 II=0 A20=1 SMM=0 HLT=0
ES =0018 00000000 ffffffff 00cf9300 DPL=0 DS   [-WA]
CS =0010 00000000 ffffffff 00cf9a00 DPL=0 CS32 [-R-]
SS =0018 00000000 ffffffff 00cf9300 DPL=0 DS   [-WA]
DS =0018 00000000 ffffffff 00cf9300 DPL=0 DS   [-WA]
FS =0018 00000000 ffffffff 00cf9300 DPL=0 DS   [-WA]
GS =0018 00000000 ffffffff 00cf9300 DPL=0 DS   [-WA]
LDT=0000 00000000 0000ffff 00008200 DPL=0 LDT
TR =0000 00000000 0000ffff 00008b00 DPL=0 TSS32-busy
GDT=     000010b0 00000020
IDT=     001295e0 000007ff
CR0=00000011 CR2=00000000 CR3=00000000 CR4=00000000
DR0=00000000 DR1=00000000 DR2=00000000 DR3=00000000 
DR6=ffff0ff0 DR7=00000400
CCS=00000044 CCD=00000000 CCO=EFLAGS
EFER=0000000000000000
Servicing hardware INT=0x20
   686: v=20 e=0000 i=0 cpl=0 IP=0010:00100994 pc=00100994 SP=0018:001048d4 env->regs[R_EAX]=0000001c
EAX=0000001c EBX=00000000 ECX=00001900 EDX=00102844
ESI=001027c0 EDI=00000000 EBP=001048e4 ESP=001048d4
EIP=00100994 EFL=00000296 [--S-AP-] CPL=0 II=0 A20=1 SMM=0 HLT=0
ES =0018 00000000 ffffffff 00cf9300 DPL=0 DS   [-WA]
CS =0010 00000000 ffffffff 00cf9a00 DPL=0 CS32 [-R-]
SS =0018 00000000 ffffffff 00cf9300 DPL=0 DS   [-WA]
DS =0018 00000000 ffffffff 00cf9300 DPL=0 DS   [-WA]
FS =0018 00000000 ffffffff 00cf9300 DPL=0 DS   [-WA]
GS =0018 00000000 ffffffff 00cf9300 DPL=0 DS   [-WA]
LDT=0000 00000000 0000ffff 00008200 DPL=0 LDT
TR =0000 00000000 0000ffff 00008b00 DPL=0 TSS32-busy
GDT=     000010b0 00000020
IDT=     001295e0 000007ff
CR0=00000011 CR2=00000000 CR3=00000000 CR4=00000000
DR0=00000000 DR1=00000000 DR2=00000000 DR3=00000000 
DR6=ffff0ff0 DR7=00000400
CCS=00000094 CCD=ffffffff CCO=EFLAGS
EFER=0000000000000000
Servicing hardware INT=0x20
   687: v=20 e=0000 i=0 cpl=0 IP=0010:00101c7d pc=00101c7d SP=0018:0012dd20 env->regs[R_EAX]=00102844
EAX=00102844 EBX=00010000 ECX=000b8000 EDX=00000e47
ESI=00000000 EDI=00000000 EBP=0012dd68 ESP=0012dd20
EIP=00101c7d EFL=00200287 [--S--PC] CPL=0 II=0 A20=1 SMM=0 HLT=0
ES =0018 00000000 ffffffff 00cf9300 DPL=0 DS   [-WA]
CS =0010 00000000 ffffffff 00cf9a00 DPL=0 CS32 [-R-]
SS =0018 00000000 ffffffff 00cf9300 DPL=0 DS   [-WA]
DS =0018 00000000 ffffffff 00cf9300 DPL=0 DS   [-WA]
FS =0018 00000000 ffffffff 00cf9300 DPL=0 DS   [-WA]
GS =0018 00000000 ffffffff 00cf9300 DPL=0 DS   [-WA]
LDT=0000 00000000 0000ffff 00008200 DPL=0 LDT
TR =0000 00000000 0000ffff 00008b00 DPL=0 TSS32-busy
GDT=     000010b0 00000020
IDT=     001295e0 000007ff
CR0=00000011 CR2=00000000 CR3=00000000 CR4=00000000
DR0=00000000 DR1=00000000 DR2=00000000 DR3=00000000 
DR6=ffff0ff0 DR7=00000400
CCS=00000085 CCD=fffffea6 CCO=EFLAGS
EFER=0000000000000000
Servicing hardware INT=0x20
   688: v=20 e=0000 i=0 cpl=0 IP=0010:00101196 pc=00101196 SP=0018:00103c44 env->regs[R_EAX]=000000d0
EAX=000000d0 EBX=00103d28 ECX=000001b2 EDX=0000f562
ESI=00102844 EDI=00000009 EBP=00103c54 ESP=00103c44
EIP=00101196 EFL=00000293 [--S-A-C] CPL=0 II=0 A20=1 SMM=0 HLT=0
ES =0018 00000000 ffffffff 00cf9300 DPL=0 DS   [-WA]
CS =0010 00000000 ffffffff 00cf9a00 DPL=0 CS32 [-R-]
SS =0018 00000000 ffffffff 00cf9300 DPL=0 DS   [-WA]
DS =0018 00000000 ffffffff 00cf9300 DPL=0 DS   [-WA]
FS =0018 00000000 ffffffff 00cf9300 DPL=0 DS   [-WA]
GS =0018 00000000 ffffffff 00cf9300 DPL=0 DS   [-WA]
LDT=0000 00000000 0000ffff 00008200 DPL=0 LDT
TR =0000 00000000 0000ffff 00008b00 DPL=0 TSS32-busy
GDT=     000010b0 00000020
IDT=     001295e0 000007ff
CR0=00000011 CR2=00000000 CR3=00000000 CR4=00000000
DR0=00000000 DR1=00000000 DR2=00000000 DR3=00000000 
DR6=ffff0ff0 DR7=00000400
CCS=00000091 CCD=ffffffef CCO=EFLAGS
EFER=0000000000000000
Servicing hardware INT=0x20
   689: v=20 e=0000 i=0 cpl=0 IP=0010:00100994 pc=00100994 SP=0018:001048d4 env->regs[R_EAX]=0000001c
EAX=0000001c EBX=00000000 ECX=00001900 EDX=00102844
ESI=001027c0 EDI=00000000 EBP=001048e4 ESP=001048d4
EIP=00100994 EFL=00000296 [--S-AP-] CPL=0 II=0 A20=1 SMM=0 HLT=0
ES =0018 00000000 ffffffff 00cf9300 DPL=0 DS   [-WA]
CS =0010 00000000 ffffffff 00cf9a00 DPL=0 CS32 [-R-]
SS =0018 00000000 ffffffff 00cf9300 DPL=0 DS   [-WA]
DS =0018 00000000 ffffffff 00cf9300 DPL=0 DS   [-WA]
FS =0018 00000000 ffffffff 00cf9300 DPL=0 DS   [-WA]
GS =0018 00000000 ffffffff 00cf9300 DPL=0 DS   [-WA]
LDT=0000 00000000 0000ffff 00008200 DPL=0 LDT
TR =0000 00000000 0000ffff 00008b00 DPL=0 TSS32-busy
GDT=     000010b0 00000020
IDT=     001295e0 000007ff
CR0=00000011 CR2=00000000 CR3=00000000 CR4=00000000
DR0=00000000 DR1=00000000 DR2=00000000 DR3=00000000 
DR6=ffff0ff0 DR7=00000400
CCS=00000094 CCD=ffffffff CCO=EFLAGS
EFER=0000000000000000
Servicing hardware INT=0x20
   690: v=20 e=0000 i=0 cpl=0 IP=0010:001019b8 pc=001019b8 SP=0018:0012dd64 env->regs[R_EAX]=0029ebf4
EAX=0029ebf4 EBX=006e96c2 ECX=003029f4 EDX=fd170e00
ESI=0012dd78 EDI=00000000 EBP=0012dd68 ESP=0012dd64
EIP=001019b8 EFL=00200202 [-------] CPL=0 II=0 A20=1 SMM=0 HLT=0
ES =0018 00000000 ffffffff 00cf9300 DPL=0 DS   [-WA]
CS =0010 00000000 ffffffff 00cf9a00 DPL=0 CS32 [-R-]
SS =0018 00000000 ffffffff 00cf9300 DPL=0 DS   [-WA]
DS =0018 00000000 ffffffff 00cf9300 DPL=0 DS   [-WA]
FS =0018 00000000 ffffffff 00cf9300 DPL=0 DS   [-WA]
GS =0018 00000000 ffffffff 00cf9300 DPL=0 DS   [-WA]
LDT=0000 00000000 0000ffff 00008200 DPL=0 LDT
TR =0000 00000000 0000ffff 00008b00 DPL=0 TSS32-busy
GDT=     000010b0 00000020
IDT=     001295e0 000007ff
CR0=00000011 CR2=00000000 CR3=00000000 CR4=00000000
DR0=00000000 DR1=00000000 DR2=00000000 DR3=00000000 
DR6=ffff0ff0 DR7=00000400
CCS=00000000 CCD=0029ebf4 CCO=EFLAGS
EFER=0000000000000000
Servicing hardware INT=0x20
   691: v=20 e=0000 i=0 cpl=0 IP=0010:00101196 pc=00101196 SP=0018:00103c44 env->regs[R_EAX]=000000d0
EAX=000000d0 EBX=00103d28 ECX=000001b6 EDX=00003b61
ESI=00102844 EDI=0000000b EBP=00103c54 ESP=00103c44
EIP=00101196 EFL=00000283 [--S---C] CPL=0 II=0 A20=1 SMM=0 HLT=0
ES =0018 00000000 ffffffff 00cf9300 DPL=0 DS   [-WA]
CS =0010 00000000 ffffffff 00cf9a00 DPL=0 CS32 [-R-]
SS =0018 00000000 ffffffff 00cf9300 DPL=0 DS   [-WA]
DS =0018 00000000 ffffffff 00cf9300 DPL=0 DS   [-WA]
FS =0018 00000000 ffffffff 00cf9300 DPL=0 DS   [-WA]
GS =0018 00000000 ffffffff 00cf9300 DPL=0 DS   [-WA]
LDT=0000 00000000 0000ffff 00008200 DPL=0 LDT
TR =0000 00000000 0000ffff 00008b00 DPL=0 TSS32-busy
GDT=     000010b0 00000020
IDT=     001295e0 000007ff
CR0=00000011 CR2=00000000 CR3=00000000 CR4=00000000
DR0=00000000 DR1=00000000 DR2=00000000 DR3=00000000 
DR6=ffff0ff0 DR7=00000400
CCS=00000081 CCD=fffffff1 CCO=EFLAGS
EFER=0000000000000000
Servicing hardware INT=0x20
   692: v=20 e=0000 i=0 cpl=0 IP=0010:00100994 pc=00100994 SP=0018:001048d4 env->regs[R_EAX]=0000001c
EAX=0000001c EBX=00000000 ECX=00001900 EDX=00102844
ESI=001027c0 EDI=00000000 EBP=001048e4 ESP=001048d4
EIP=00100994 EFL=00000296 [--S-AP-] CPL=0 II=0 A20=1 SMM=0 HLT=0
ES =0018 00000000 ffffffff 00cf9300 DPL=0 DS   [-WA]
CS =0010 00000000 ffffffff 00cf9a00 DPL=0 CS32 [-R-]
SS =0018 00000000 ffffffff 00cf9300 DPL=0 DS   [-WA]
DS =0018 00000000 ffffffff 00cf9300 DPL=0 DS   [-WA]
FS =0018 00000000 ffffffff 00cf9300 DPL=0 DS   [-WA]
GS =0018 00000000 ffffffff 00cf9300 DPL=0 DS   [-WA]
LDT=0000 00000000 0000ffff 00008200 DPL=0 LDT
TR =0000 00000000 0000ffff 00008b00 DPL=0 TSS32-busy
GDT=     000010b0 00000020
IDT=     001295e0 000007ff
CR0=00000011 CR2=00000000 CR3=00000000 CR4=00000000
DR0=00000000 DR1=00000000 DR2=00000000 DR3=00000000 
DR6=ffff0ff0 DR7=00000400
CCS=00000094 CCD=ffffffff CCO=EFLAGS
EFER=0000000000000000
Servicing hardware INT=0x20
   693: v=20 e=0000 i=0 cpl=0 IP=0010:00101c7d pc=00101c7d SP=0018:0012dd20 env->regs[R_EAX]=00102844
EAX=00102844 EBX=00010000 ECX=000b8000 EDX=00000001
ESI=00000000 EDI=00000000 EBP=0012dd68 ESP=0012dd20
EIP=00101c7d EFL=00200246 [---Z-P-] CPL=0 II=0 A20=1 SMM=0 HLT=0
ES =0018 00000000 ffffffff 00cf9300 DPL=0 DS   [-WA]
CS =0010 00000000 ffffffff 00cf9a00 DPL=0 CS32 [-R-]
SS =0018 00000000 ffffffff 00cf9300 DPL=0 DS   [-WA]
DS =0018 00000000 ffffffff 00cf9300 DPL=0 DS   [-WA]
FS =0018 00000000 ffffffff 00cf9300 DPL=0 DS   [-WA]
GS =0018 00000000 ffffffff 00cf9300 DPL=0 DS   [-WA]
LDT=0000 00000000 0000ffff 00008200 DPL=0 LDT
TR =0000 00000000 0000ffff 00008b00 DPL=0 TSS32-busy
GDT=     000010b0 00000020
IDT=     001295e0 000007ff
CR0=00000011 CR2=00000000 CR3=00000000 CR4=00000000
DR0=00000000 DR1=00000000 DR2=00000000 DR3=00000000 
DR6=ffff0ff0 DR7=00000400
CCS=00000044 CCD=00000000 CCO=EFLAGS
EFER=0000000000000000
Servicing hardware INT=0x20
   694: v=20 e=0000 i=0 cpl=0 IP=0010:001011c9 pc=001011c9 SP=0018:00103c44 env->regs[R_EAX]=00003b20
EAX=00003b20 EBX=00103d28 ECX=00000410 EDX=00000011
ESI=00102844 EDI=0000001a EBP=00103c54 ESP=00103c44
EIP=001011c9 EFL=00000293 [--S-A-C] CPL=0 II=0 A20=1 SMM=0 HLT=0
ES =0018 00000000 ffffffff 00cf9300 DPL=0 DS   [-WA]
CS =0010 00000000 ffffffff 00cf9a00 DPL=0 CS32 [-R-]
SS =0018 00000000 ffffffff 00cf9300 DPL=0 DS   [-WA]
DS =0018 00000000 ffffffff 00cf9300 DPL=0 DS   [-WA]
FS =0018 00000000 ffffffff 00cf9300 DPL=0 DS   [-WA]
GS =0018 00000000 ffffffff 00cf9300 DPL=0 DS   [-WA]
LDT=0000 00000000 0000ffff 00008200 DPL=0 LDT
TR =0000 00000000 0000ffff 00008b00 DPL=0 TSS32-busy
GDT=     000010b0 00000020
IDT=     001295e0 000007ff
CR0=00000011 CR2=00000000 CR3=00000000 CR4=00000000
DR0=00000000 DR1=00000000 DR2=00000000 DR3=00000000 
DR6=ffff0ff0 DR7=00000400
CCS=00000091 CCD=fffffff7 CCO=EFLAGS
EFER=0000000000000000
Servicing hardware INT=0x20
   695: v=20 e=0000 i=0 cpl=0 IP=0010:00100994 pc=00100994 SP=0018:001048d4 env->regs[R_EAX]=0000001c
EAX=0000001c EBX=00000000 ECX=00001900 EDX=00102844
ESI=001027c0 EDI=00000000 EBP=001048e4 ESP=001048d4
EIP=00100994 EFL=00000296 [--S-AP-] CPL=0 II=0 A20=1 SMM=0 HLT=0
ES =0018 00000000 ffffffff 00cf9300 DPL=0 DS   [-WA]
CS =0010 00000000 ffffffff 00cf9a00 DPL=0 CS32 [-R-]
SS =0018 00000000 ffffffff 00cf9300 DPL=0 DS   [-WA]
DS =0018 00000000 ffffffff 00cf9300 DPL=0 DS   [-WA]
FS =0018 00000000 ffffffff 00cf9300 DPL=0 DS   [-WA]
GS =0018 00000000 ffffffff 00cf9300 DPL=0 DS   [-WA]
LDT=0000 00000000 0000ffff 00008200 DPL=0 LDT
TR =0000 00000000 0000ffff 00008b00 DPL=0 TSS32-busy
GDT=     000010b0 00000020
IDT=     001295e0 000007ff
CR0=00000011 CR2=00000000 CR3=00000000 CR4=00000000
DR0=00000000 DR1=00000000 DR2=00000000 DR3=00000000 
DR6=ffff0ff0 DR7=00000400
CCS=00000094 CCD=ffffffff CCO=EFLAGS
EFER=0000000000000000
Servicing hardware INT=0x20
   696: v=20 e=0000 i=0 cpl=0 IP=0010:001019bc pc=001019bc SP=0018:0012dd64 env->regs[R_EAX]=001751e0
EAX=001751e0 EBX=00000000 ECX=003029f4 EDX=fd0473ec
ESI=0012dd78 EDI=00000000 EBP=0012dd68 ESP=0012dd64
EIP=001019bc EFL=00200293 [--S-A-C] CPL=0 II=0 A20=1 SMM=0 HLT=0
ES =0018 00000000 ffffffff 00cf9300 DPL=0 DS   [-WA]
CS =0010 00000000 ffffffff 00cf9a00 DPL=0 CS32 [-R-]
SS =0018 00000000 ffffffff 00cf9300 DPL=0 DS   [-WA]
DS =0018 00000000 ffffffff 00cf9300 DPL=0 DS   [-WA]
FS =0018 00000000 ffffffff 00cf9300 DPL=0 DS   [-WA]
GS =0018 00000000 ffffffff 00cf9300 DPL=0 DS   [-WA]
LDT=0000 00000000 0000ffff 00008200 DPL=0 LDT
TR =0000 00000000 0000ffff 00008b00 DPL=0 TSS32-busy
GDT=     000010b0 00000020
IDT=     001295e0 000007ff
CR0=00000011 CR2=00000000 CR3=00000000 CR4=00000000
DR0=00000000 DR1=00000000 DR2=00000000 DR3=00000000 
DR6=ffff0ff0 DR7=00000400
CCS=00000091 CCD=ffe727ec CCO=EFLAGS
EFER=0000000000000000
Servicing hardware INT=0x20
   697: v=20 e=0000 i=0 cpl=0 IP=0010:001011c9 pc=001011c9 SP=0018:00103c44 env->regs[R_EAX]=0000c920
EAX=0000c920 EBX=00103d28 ECX=00000410 EDX=00000018
ESI=00102844 EDI=0000001a EBP=00103c54 ESP=00103c44
EIP=001011c9 EFL=00000293 [--S-A-C] CPL=0 II=0 A20=1 SMM=0 HLT=0
ES =0018 00000000 ffffffff 00cf9300 DPL=0 DS   [-WA]
CS =0010 00000000 ffffffff 00cf9a00 DPL=0 CS32 [-R-]
SS =0018 00000000 ffffffff 00cf9300 DPL=0 DS   [-WA]
DS =0018 00000000 ffffffff 00cf9300 DPL=0 DS   [-WA]
FS =0018 00000000 ffffffff 00cf9300 DPL=0 DS   [-WA]
GS =0018 00000000 ffffffff 00cf9300 DPL=0 DS   [-WA]
LDT=0000 00000000 0000ffff 00008200 DPL=0 LDT
TR =0000 00000000 0000ffff 00008b00 DPL=0 TSS32-busy
GDT=     000010b0 00000020
IDT=     001295e0 000007ff
CR0=00000011 CR2=00000000 CR3=00000000 CR4=00000000
DR0=00000000 DR1=00000000 DR2=00000000 DR3=00000000 
DR6=ffff0ff0 DR7=00000400
CCS=00000091 CCD=fffffffe CCO=EFLAGS
EFER=0000000000000000
Servicing hardware INT=0x20
   698: v=20 e=0000 i=0 cpl=0 IP=0010:00100994 pc=00100994 SP=0018:001048d4 env->regs[R_EAX]=0000001c
EAX=0000001c EBX=00000000 ECX=00001900 EDX=00102844
ESI=001027c0 EDI=00000000 EBP=001048e4 ESP=001048d4
EIP=00100994 EFL=00000296 [--S-AP-] CPL=0 II=0 A20=1 SMM=0 HLT=0
ES =0018 00000000 ffffffff 00cf9300 DPL=0 DS   [-WA]
CS =0010 00000000 ffffffff 00cf9a00 DPL=0 CS32 [-R-]
SS =0018 00000000 ffffffff 00cf9300 DPL=0 DS   [-WA]
DS =0018 00000000 ffffffff 00cf9300 DPL=0 DS   [-WA]
FS =0018 00000000 ffffffff 00cf9300 DPL=0 DS   [-WA]
GS =0018 00000000 ffffffff 00cf9300 DPL=0 DS   [-WA]
LDT=0000 00000000 0000ffff 00008200 DPL=0 LDT
TR =0000 00000000 0000ffff 00008b00 DPL=0 TSS32-busy
GDT=     000010b0 00000020
IDT=     001295e0 000007ff
CR0=00000011 CR2=00000000 CR3=00000000 CR4=00000000
DR0=00000000 DR1=00000000 DR2=00000000 DR3=00000000 
DR6=ffff0ff0 DR7=00000400
CCS=00000094 CCD=ffffffff CCO=EFLAGS
EFER=0000000000000000
Servicing hardware INT=0x20
   699: v=20 e=0000 i=0 cpl=0 IP=0010:00101c44 pc=00101c44 SP=0018:0012dd20 env->regs[R_EAX]=00102844
EAX=00102844 EBX=00010000 ECX=00075300 EDX=00048cda
ESI=0012ddf4 EDI=00000000 EBP=0012dd68 ESP=0012dd20
EIP=00101c44 EFL=00200203 [------C] CPL=0 II=0 A20=1 SMM=0 HLT=0
ES =0018 00000000 ffffffff 00cf9300 DPL=0 DS   [-WA]
CS =0010 00000000 ffffffff 00cf9a00 DPL=0 CS32 [-R-]
SS =0018 00000000 ffffffff 00cf9300 DPL=0 DS   [-WA]
DS =0018 00000000 ffffffff 00cf9300 DPL=0 DS   [-WA]
FS =0018 00000000 ffffffff 00cf9300 DPL=0 DS   [-WA]
GS =0018 00000000 ffffffff 00cf9300 DPL=0 DS   [-WA]
LDT=0000 00000000 0000ffff 00008200 DPL=0 LDT
TR =0000 00000000 0000ffff 00008b00 DPL=0 TSS32-busy
GDT=     000010b0 00000020
IDT=     001295e0 000007ff
CR0=00000011 CR2=00000000 CR3=00000000 CR4=00000000
DR0=00000000 DR1=00000000 DR2=00000000 DR3=00000000 
DR6=ffff0ff0 DR7=00000400
CCS=00000001 CCD=00048cda CCO=EFLAGS
EFER=0000000000000000
Servicing hardware INT=0x20
   700: v=20 e=0000 i=0 cpl=0 IP=0010:0010122f pc=0010122f SP=0018:00103c5c env->regs[R_EAX]=00102844
EAX=00102844 EBX=0000003c ECX=00001054 EDX=00004361
ESI=00102880 EDI=00000072 EBP=00103c94 ESP=00103c5c
EIP=0010122f EFL=00000212 [----A--] CPL=0 II=0 A20=1 SMM=0 HLT=0
ES =0018 00000000 ffffffff 00cf9300 DPL=0 DS   [-WA]
CS =0010 00000000 ffffffff 00cf9a00 DPL=0 CS32 [-R-]
SS =0018 00000000 ffffffff 00cf9300 DPL=0 DS   [-WA]
DS =0018 00000000 ffffffff 00cf9300 DPL=0 DS   [-WA]
FS =0018 00000000 ffffffff 00cf9300 DPL=0 DS   [-WA]
GS =0018 00000000 ffffffff 00cf9300 DPL=0 DS   [-WA]
LDT=0000 00000000 0000ffff 00008200 DPL=0 LDT
TR =0000 00000000 0000ffff 00008b00 DPL=0 TSS32-busy
GDT=     000010b0 00000020
IDT=     001295e0 000007ff
CR0=00000011 CR2=00000000 CR3=00000000 CR4=00000000
DR0=00000000 DR1=00000000 DR2=00000000 DR3=00000000 
DR6=ffff0ff0 DR7=00000400
CCS=00000010 CCD=00000068 CCO=EFLAGS
EFER=0000000000000000
Servicing hardware INT=0x20
   701: v=20 e=0000 i=0 cpl=0 IP=0010:00100994 pc=00100994 SP=0018:001048d4 env->regs[R_EAX]=0000001c
EAX=0000001c EBX=00000000 ECX=00001900 EDX=00102844
ESI=001027c0 EDI=00000000 EBP=001048e4 ESP=001048d4
EIP=00100994 EFL=00000296 [--S-AP-] CPL=0 II=0 A20=1 SMM=0 HLT=0
ES =0018 00000000 ffffffff 00cf9300 DPL=0 DS   [-WA]
CS =0010 00000000 ffffffff 00cf9a00 DPL=0 CS32 [-R-]
SS =0018 00000000 ffffffff 00cf9300 DPL=0 DS   [-WA]
DS =0018 00000000 ffffffff 00cf9300 DPL=0 DS   [-WA]
FS =0018 00000000 ffffffff 00cf9300 DPL=0 DS   [-WA]
GS =0018 00000000 ffffffff 00cf9300 DPL=0 DS   [-WA]
LDT=0000 00000000 0000ffff 00008200 DPL=0 LDT
TR =0000 00000000 0000ffff 00008b00 DPL=0 TSS32-busy
GDT=     000010b0 00000020
IDT=     001295e0 000007ff
CR0=00000011 CR2=00000000 CR3=00000000 CR4=00000000
DR0=00000000 DR1=00000000 DR2=00000000 DR3=00000000 
DR6=ffff0ff0 DR7=00000400
CCS=00000094 CCD=ffffffff CCO=EFLAGS
EFER=0000000000000000
Servicing hardware INT=0x20
   702: v=20 e=0000 i=0 cpl=0 IP=0010:001019b8 pc=001019b8 SP=0018:0012dd64 env->regs[R_EAX]=001afc70
EAX=001afc70 EBX=00000000 ECX=003029f4 EDX=fd081e7c
ESI=0012dd78 EDI=00000000 EBP=0012dd68 ESP=0012dd64
EIP=001019b8 EFL=00200212 [----A--] CPL=0 II=0 A20=1 SMM=0 HLT=0
ES =0018 00000000 ffffffff 00cf9300 DPL=0 DS   [-WA]
CS =0010 00000000 ffffffff 00cf9a00 DPL=0 CS32 [-R-]
SS =0018 00000000 ffffffff 00cf9300 DPL=0 DS   [-WA]
DS =0018 00000000 ffffffff 00cf9300 DPL=0 DS   [-WA]
FS =0018 00000000 ffffffff 00cf9300 DPL=0 DS   [-WA]
GS =0018 00000000 ffffffff 00cf9300 DPL=0 DS   [-WA]
LDT=0000 00000000 0000ffff 00008200 DPL=0 LDT
TR =0000 00000000 0000ffff 00008b00 DPL=0 TSS32-busy
GDT=     000010b0 00000020
IDT=     001295e0 000007ff
CR0=00000011 CR2=00000000 CR3=00000000 CR4=00000000
DR0=00000000 DR1=00000000 DR2=00000000 DR3=00000000 
DR6=ffff0ff0 DR7=00000400
CCS=00000010 CCD=001afc70 CCO=EFLAGS
EFER=0000000000000000
Servicing hardware INT=0x20
   703: v=20 e=0000 i=0 cpl=0 IP=0010:001011c9 pc=001011c9 SP=0018:00103c44 env->regs[R_EAX]=00005720
EAX=00005720 EBX=00103d28 ECX=00000410 EDX=00000001
ESI=00102844 EDI=0000001a EBP=00103c54 ESP=00103c44
EIP=001011c9 EFL=00000297 [--S-APC] CPL=0 II=0 A20=1 SMM=0 HLT=0
ES =0018 00000000 ffffffff 00cf9300 DPL=0 DS   [-WA]
CS =0010 00000000 ffffffff 00cf9a00 DPL=0 CS32 [-R-]
SS =0018 00000000 ffffffff 00cf9300 DPL=0 DS   [-WA]
DS =0018 00000000 ffffffff 00cf9300 DPL=0 DS   [-WA]
FS =0018 00000000 ffffffff 00cf9300 DPL=0 DS   [-WA]
GS =0018 00000000 ffffffff 00cf9300 DPL=0 DS   [-WA]
LDT=0000 00000000 0000ffff 00008200 DPL=0 LDT
TR =0000 00000000 0000ffff 00008b00 DPL=0 TSS32-busy
GDT=     000010b0 00000020
IDT=     001295e0 000007ff
CR0=00000011 CR2=00000000 CR3=00000000 CR4=00000000
DR0=00000000 DR1=00000000 DR2=00000000 DR3=00000000 
DR6=ffff0ff0 DR7=00000400
CCS=00000095 CCD=ffffffe7 CCO=EFLAGS
EFER=0000000000000000
Servicing hardware INT=0x20
   704: v=20 e=0000 i=0 cpl=0 IP=0010:00100994 pc=00100994 SP=0018:001048d4 env->regs[R_EAX]=0000001c
EAX=0000001c EBX=00000000 ECX=00001900 EDX=00102844
ESI=001027c0 EDI=00000000 EBP=001048e4 ESP=001048d4
EIP=00100994 EFL=00000296 [--S-AP-] CPL=0 II=0 A20=1 SMM=0 HLT=0
ES =0018 00000000 ffffffff 00cf9300 DPL=0 DS   [-WA]
CS =0010 00000000 ffffffff 00cf9a00 DPL=0 CS32 [-R-]
SS =0018 00000000 ffffffff 00cf9300 DPL=0 DS   [-WA]
DS =0018 00000000 ffffffff 00cf9300 DPL=0 DS   [-WA]
FS =0018 00000000 ffffffff 00cf9300 DPL=0 DS   [-WA]
GS =0018 00000000 ffffffff 00cf9300 DPL=0 DS   [-WA]
LDT=0000 00000000 0000ffff 00008200 DPL=0 LDT
TR =0000 00000000 0000ffff 00008b00 DPL=0 TSS32-busy
GDT=     000010b0 00000020
IDT=     001295e0 000007ff
CR0=00000011 CR2=00000000 CR3=00000000 CR4=00000000
DR0=00000000 DR1=00000000 DR2=00000000 DR3=00000000 
DR6=ffff0ff0 DR7=00000400
CCS=00000094 CCD=ffffffff CCO=EFLAGS
EFER=0000000000000000
Servicing hardware INT=0x20
   705: v=20 e=0000 i=0 cpl=0 IP=0010:00101c4f pc=00101c4f SP=0018:0012dd20 env->regs[R_EAX]=00102844
EAX=00102844 EBX=00010000 ECX=00075300 EDX=000413db
ESI=0012ddf4 EDI=00000000 EBP=0012dd68 ESP=0012dd20
EIP=00101c4f EFL=00200287 [--S--PC] CPL=0 II=0 A20=1 SMM=0 HLT=0
ES =0018 00000000 ffffffff 00cf9300 DPL=0 DS   [-WA]
CS =0010 00000000 ffffffff 00cf9a00 DPL=0 CS32 [-R-]
SS =0018 00000000 ffffffff 00cf9300 DPL=0 DS   [-WA]
DS =0018 00000000 ffffffff 00cf9300 DPL=0 DS   [-WA]
FS =0018 00000000 ffffffff 00cf9300 DPL=0 DS   [-WA]
GS =0018 00000000 ffffffff 00cf9300 DPL=0 DS   [-WA]
LDT=0000 00000000 0000ffff 00008200 DPL=0 LDT
TR =0000 00000000 0000ffff 00008b00 DPL=0 TSS32-busy
GDT=     000010b0 00000020
IDT=     001295e0 000007ff
CR0=00000011 CR2=00000000 CR3=00000000 CR4=00000000
DR0=00000000 DR1=00000000 DR2=00000000 DR3=00000000 
DR6=ffff0ff0 DR7=00000400
CCS=00000085 CCD=fffcc0db CCO=EFLAGS
EFER=0000000000000000
Servicing hardware INT=0x20
   706: v=20 e=0000 i=0 cpl=0 IP=0010:001012a5 pc=001012a5 SP=0018:00103c5c env->regs[R_EAX]=00000017
EAX=00000017 EBX=001034e8 ECX=00001070 EDX=00007f20
ESI=00102880 EDI=00000020 EBP=00103c94 ESP=00103c5c
EIP=001012a5 EFL=00000293 [--S-A-C] CPL=0 II=0 A20=1 SMM=0 HLT=0
ES =0018 00000000 ffffffff 00cf9300 DPL=0 DS   [-WA]
CS =0010 00000000 ffffffff 00cf9a00 DPL=0 CS32 [-R-]
SS =0018 00000000 ffffffff 00cf9300 DPL=0 DS   [-WA]
DS =0018 00000000 ffffffff 00cf9300 DPL=0 DS   [-WA]
FS =0018 00000000 ffffffff 00cf9300 DPL=0 DS   [-WA]
GS =0018 00000000 ffffffff 00cf9300 DPL=0 DS   [-WA]
LDT=0000 00000000 0000ffff 00008200 DPL=0 LDT
TR =0000 00000000 0000ffff 00008b00 DPL=0 TSS32-busy
GDT=     000010b0 00000020
IDT=     001295e0 000007ff
CR0=00000011 CR2=00000000 CR3=00000000 CR4=00000000
DR0=00000000 DR1=00000000 DR2=00000000 DR3=00000000 
DR6=ffff0ff0 DR7=00000400
CCS=00000091 CCD=fffffffe CCO=EFLAGS
EFER=0000000000000000
Servicing hardware INT=0x20
   707: v=20 e=0000 i=0 cpl=0 IP=0010:00100994 pc=00100994 SP=0018:001048d4 env->regs[R_EAX]=0000001c
EAX=0000001c EBX=00000000 ECX=00001900 EDX=00102844
ESI=001027c0 EDI=00000000 EBP=001048e4 ESP=001048d4
EIP=00100994 EFL=00000296 [--S-AP-] CPL=0 II=0 A20=1 SMM=0 HLT=0
ES =0018 00000000 ffffffff 00cf9300 DPL=0 DS   [-WA]
CS =0010 00000000 ffffffff 00cf9a00 DPL=0 CS32 [-R-]
SS =0018 00000000 ffffffff 00cf9300 DPL=0 DS   [-WA]
DS =0018 00000000 ffffffff 00cf9300 DPL=0 DS   [-WA]
FS =0018 00000000 ffffffff 00cf9300 DPL=0 DS   [-WA]
GS =0018 00000000 ffffffff 00cf9300 DPL=0 DS   [-WA]
LDT=0000 00000000 0000ffff 00008200 DPL=0 LDT
TR =0000 00000000 0000ffff 00008b00 DPL=0 TSS32-busy
GDT=     000010b0 00000020
IDT=     001295e0 000007ff
CR0=00000011 CR2=00000000 CR3=00000000 CR4=00000000
DR0=00000000 DR1=00000000 DR2=00000000 DR3=00000000 
DR6=ffff0ff0 DR7=00000400
CCS=00000094 CCD=ffffffff CCO=EFLAGS
EFER=0000000000000000
Servicing hardware INT=0x20
   708: v=20 e=0000 i=0 cpl=0 IP=0010:00101146 pc=00101146 SP=0018:0012dcec env->regs[R_EAX]=0014e5d4
EAX=0014e5d4 EBX=00000036 ECX=0074b2ed EDX=000000e0
ESI=00000021 EDI=000000b0 EBP=0012dd04 ESP=0012dcec
EIP=00101146 EFL=00200216 [----AP-] CPL=0 II=0 A20=1 SMM=0 HLT=0
ES =0018 00000000 ffffffff 00cf9300 DPL=0 DS   [-WA]
CS =0010 00000000 ffffffff 00cf9a00 DPL=0 CS32 [-R-]
SS =0018 00000000 ffffffff 00cf9300 DPL=0 DS   [-WA]
DS =0018 00000000 ffffffff 00cf9300 DPL=0 DS   [-WA]
FS =0018 00000000 ffffffff 00cf9300 DPL=0 DS   [-WA]
GS =0018 00000000 ffffffff 00cf9300 DPL=0 DS   [-WA]
LDT=0000 00000000 0000ffff 00008200 DPL=0 LDT
TR =0000 00000000 0000ffff 00008b00 DPL=0 TSS32-busy
GDT=     000010b0 00000020
IDT=     001295e0 000007ff
CR0=00000011 CR2=00000000 CR3=00000000 CR4=00000000
DR0=00000000 DR1=00000000 DR2=00000000 DR3=00000000 
DR6=ffff0ff0 DR7=00000400
CCS=00000014 CCD=000000aa CCO=EFLAGS
EFER=0000000000000000
Servicing hardware INT=0x20
   709: v=20 e=0000 i=0 cpl=0 IP=0010:001011a8 pc=001011a8 SP=0018:00103c44 env->regs[R_EAX]=0000009c
EAX=0000009c EBX=00103d28 ECX=0000016c EDX=0000df6f
ESI=00102844 EDI=0000001a EBP=00103c54 ESP=00103c44
EIP=001011a8 EFL=00000246 [---Z-P-] CPL=0 II=0 A20=1 SMM=0 HLT=0
ES =0018 00000000 ffffffff 00cf9300 DPL=0 DS   [-WA]
CS =0010 00000000 ffffffff 00cf9a00 DPL=0 CS32 [-R-]
SS =0018 00000000 ffffffff 00cf9300 DPL=0 DS   [-WA]
DS =0018 00000000 ffffffff 00cf9300 DPL=0 DS   [-WA]
FS =0018 00000000 ffffffff 00cf9300 DPL=0 DS   [-WA]
GS =0018 00000000 ffffffff 00cf9300 DPL=0 DS   [-WA]
LDT=0000 00000000 0000ffff 00008200 DPL=0 LDT
TR =0000 00000000 0000ffff 00008b00 DPL=0 TSS32-busy
GDT=     000010b0 00000020
IDT=     001295e0 000007ff
CR0=00000011 CR2=00000000 CR3=00000000 CR4=00000000
DR0=00000000 DR1=00000000 DR2=00000000 DR3=00000000 
DR6=ffff0ff0 DR7=00000400
CCS=00000044 CCD=00000000 CCO=EFLAGS
EFER=0000000000000000
Servicing hardware INT=0x20
   710: v=20 e=0000 i=0 cpl=0 IP=0010:00100994 pc=00100994 SP=0018:001048d4 env->regs[R_EAX]=0000001c
EAX=0000001c EBX=00000000 ECX=00001900 EDX=00102844
ESI=001027c0 EDI=00000000 EBP=001048e4 ESP=001048d4
EIP=00100994 EFL=00000296 [--S-AP-] CPL=0 II=0 A20=1 SMM=0 HLT=0
ES =0018 00000000 ffffffff 00cf9300 DPL=0 DS   [-WA]
CS =0010 00000000 ffffffff 00cf9a00 DPL=0 CS32 [-R-]
SS =0018 00000000 ffffffff 00cf9300 DPL=0 DS   [-WA]
DS =0018 00000000 ffffffff 00cf9300 DPL=0 DS   [-WA]
FS =0018 00000000 ffffffff 00cf9300 DPL=0 DS   [-WA]
GS =0018 00000000 ffffffff 00cf9300 DPL=0 DS   [-WA]
LDT=0000 00000000 0000ffff 00008200 DPL=0 LDT
TR =0000 00000000 0000ffff 00008b00 DPL=0 TSS32-busy
GDT=     000010b0 00000020
IDT=     001295e0 000007ff
CR0=00000011 CR2=00000000 CR3=00000000 CR4=00000000
DR0=00000000 DR1=00000000 DR2=00000000 DR3=00000000 
DR6=ffff0ff0 DR7=00000400
CCS=00000094 CCD=ffffffff CCO=EFLAGS
EFER=0000000000000000
Servicing hardware INT=0x20
   711: v=20 e=0000 i=0 cpl=0 IP=0010:00101c4f pc=00101c4f SP=0018:0012dd20 env->regs[R_EAX]=00102844
EAX=00102844 EBX=00010000 ECX=00075300 EDX=0002a106
ESI=0012ddf4 EDI=00000000 EBP=0012dd68 ESP=0012dd20
EIP=00101c4f EFL=00200287 [--S--PC] CPL=0 II=0 A20=1 SMM=0 HLT=0
ES =0018 00000000 ffffffff 00cf9300 DPL=0 DS   [-WA]
CS =0010 00000000 ffffffff 00cf9a00 DPL=0 CS32 [-R-]
SS =0018 00000000 ffffffff 00cf9300 DPL=0 DS   [-WA]
DS =0018 00000000 ffffffff 00cf9300 DPL=0 DS   [-WA]
FS =0018 00000000 ffffffff 00cf9300 DPL=0 DS   [-WA]
GS =0018 00000000 ffffffff 00cf9300 DPL=0 DS   [-WA]
LDT=0000 00000000 0000ffff 00008200 DPL=0 LDT
TR =0000 00000000 0000ffff 00008b00 DPL=0 TSS32-busy
GDT=     000010b0 00000020
IDT=     001295e0 000007ff
CR0=00000011 CR2=00000000 CR3=00000000 CR4=00000000
DR0=00000000 DR1=00000000 DR2=00000000 DR3=00000000 
DR6=ffff0ff0 DR7=00000400
CCS=00000085 CCD=fffb4e06 CCO=EFLAGS
EFER=0000000000000000
Servicing hardware INT=0x20
   712: v=20 e=0000 i=0 cpl=0 IP=0010:00101196 pc=00101196 SP=0018:00103c44 env->regs[R_EAX]=00000186
EAX=00000186 EBX=00103d28 ECX=00000316 EDX=00002572
ESI=00102844 EDI=00000005 EBP=00103c54 ESP=00103c44
EIP=00101196 EFL=00000297 [--S-APC] CPL=0 II=0 A20=1 SMM=0 HLT=0
ES =0018 00000000 ffffffff 00cf9300 DPL=0 DS   [-WA]
CS =0010 00000000 ffffffff 00cf9a00 DPL=0 CS32 [-R-]
SS =0018 00000000 ffffffff 00cf9300 DPL=0 DS   [-WA]
DS =0018 00000000 ffffffff 00cf9300 DPL=0 DS   [-WA]
FS =0018 00000000 ffffffff 00cf9300 DPL=0 DS   [-WA]
GS =0018 00000000 ffffffff 00cf9300 DPL=0 DS   [-WA]
LDT=0000 00000000 0000ffff 00008200 DPL=0 LDT
TR =0000 00000000 0000ffff 00008b00 DPL=0 TSS32-busy
GDT=     000010b0 00000020
IDT=     001295e0 000007ff
CR0=00000011 CR2=00000000 CR3=00000000 CR4=00000000
DR0=00000000 DR1=00000000 DR2=00000000 DR3=00000000 
DR6=ffff0ff0 DR7=00000400
CCS=00000095 CCD=ffffffeb CCO=EFLAGS
EFER=0000000000000000
Servicing hardware INT=0x20
   713: v=20 e=0000 i=0 cpl=0 IP=0010:00100994 pc=00100994 SP=0018:001048d4 env->regs[R_EAX]=0000001c
EAX=0000001c EBX=00000000 ECX=00001900 EDX=00102844
ESI=001027c0 EDI=00000000 EBP=001048e4 ESP=001048d4
EIP=00100994 EFL=00000296 [--S-AP-] CPL=0 II=0 A20=1 SMM=0 HLT=0
ES =0018 00000000 ffffffff 00cf9300 DPL=0 DS   [-WA]
CS =0010 00000000 ffffffff 00cf9a00 DPL=0 CS32 [-R-]
SS =0018 00000000 ffffffff 00cf9300 DPL=0 DS   [-WA]
DS =0018 00000000 ffffffff 00cf9300 DPL=0 DS   [-WA]
FS =0018 00000000 ffffffff 00cf9300 DPL=0 DS   [-WA]
GS =0018 00000000 ffffffff 00cf9300 DPL=0 DS   [-WA]
LDT=0000 00000000 0000ffff 00008200 DPL=0 LDT
TR =0000 00000000 0000ffff 00008b00 DPL=0 TSS32-busy
GDT=     000010b0 00000020
IDT=     001295e0 000007ff
CR0=00000011 CR2=00000000 CR3=00000000 CR4=00000000
DR0=00000000 DR1=00000000 DR2=00000000 DR3=00000000 
DR6=ffff0ff0 DR7=00000400
CCS=00000094 CCD=ffffffff CCO=EFLAGS
EFER=0000000000000000
Servicing hardware INT=0x20
   714: v=20 e=0000 i=0 cpl=0 IP=0010:001019b8 pc=001019b8 SP=0018:0012dd64 env->regs[R_EAX]=0016dc14
EAX=0016dc14 EBX=00000000 ECX=003029f4 EDX=fd03fe20
ESI=0012dd78 EDI=00000000 EBP=0012dd68 ESP=0012dd64
EIP=001019b8 EFL=00200206 [-----P-] CPL=0 II=0 A20=1 SMM=0 HLT=0
ES =0018 00000000 ffffffff 00cf9300 DPL=0 DS   [-WA]
CS =0010 00000000 ffffffff 00cf9a00 DPL=0 CS32 [-R-]
SS =0018 00000000 ffffffff 00cf9300 DPL=0 DS   [-WA]
DS =0018 00000000 ffffffff 00cf9300 DPL=0 DS   [-WA]
FS =0018 00000000 ffffffff 00cf9300 DPL=0 DS   [-WA]
GS =0018 00000000 ffffffff 00cf9300 DPL=0 DS   [-WA]
LDT=0000 00000000 0000ffff 00008200 DPL=0 LDT
TR =0000 00000000 0000ffff 00008b00 DPL=0 TSS32-busy
GDT=     000010b0 00000020
IDT=     001295e0 000007ff
CR0=00000011 CR2=00000000 CR3=00000000 CR4=00000000
DR0=00000000 DR1=00000000 DR2=00000000 DR3=00000000 
DR6=ffff0ff0 DR7=00000400
CCS=00000004 CCD=0016dc14 CCO=EFLAGS
EFER=0000000000000000
Servicing hardware INT=0x20
   715: v=20 e=0000 i=0 cpl=0 IP=0010:001011e2 pc=001011e2 SP=0018:00103c98 env->regs[R_EAX]=001011e2
EAX=001011e2 EBX=00100076 ECX=00001070 EDX=0000b361
ESI=0010006f EDI=00000000 EBP=00103cb4 ESP=00103c98
EIP=001011e2 EFL=00000206 [-----P-] CPL=0 II=0 A20=1 SMM=0 HLT=0
ES =0018 00000000 ffffffff 00cf9300 DPL=0 DS   [-WA]
CS =0010 00000000 ffffffff 00cf9a00 DPL=0 CS32 [-R-]
SS =0018 00000000 ffffffff 00cf9300 DPL=0 DS   [-WA]
DS =0018 00000000 ffffffff 00cf9300 DPL=0 DS   [-WA]
FS =0018 00000000 ffffffff 00cf9300 DPL=0 DS   [-WA]
GS =0018 00000000 ffffffff 00cf9300 DPL=0 DS   [-WA]
LDT=0000 00000000 0000ffff 00008200 DPL=0 LDT
TR =0000 00000000 0000ffff 00008b00 DPL=0 TSS32-busy
GDT=     000010b0 00000020
IDT=     001295e0 000007ff
CR0=00000011 CR2=00000000 CR3=00000000 CR4=00000000
DR0=00000000 DR1=00000000 DR2=00000000 DR3=00000000 
DR6=ffff0ff0 DR7=00000400
CCS=00000004 CCD=00103ca0 CCO=EFLAGS
EFER=0000000000000000
Servicing hardware INT=0x20
   716: v=20 e=0000 i=0 cpl=0 IP=0010:00100994 pc=00100994 SP=0018:001048d4 env->regs[R_EAX]=0000001c
EAX=0000001c EBX=00000000 ECX=00001900 EDX=00102844
ESI=001027c0 EDI=00000000 EBP=001048e4 ESP=001048d4
EIP=00100994 EFL=00000296 [--S-AP-] CPL=0 II=0 A20=1 SMM=0 HLT=0
ES =0018 00000000 ffffffff 00cf9300 DPL=0 DS   [-WA]
CS =0010 00000000 ffffffff 00cf9a00 DPL=0 CS32 [-R-]
SS =0018 00000000 ffffffff 00cf9300 DPL=0 DS   [-WA]
DS =0018 00000000 ffffffff 00cf9300 DPL=0 DS   [-WA]
FS =0018 00000000 ffffffff 00cf9300 DPL=0 DS   [-WA]
GS =0018 00000000 ffffffff 00cf9300 DPL=0 DS   [-WA]
LDT=0000 00000000 0000ffff 00008200 DPL=0 LDT
TR =0000 00000000 0000ffff 00008b00 DPL=0 TSS32-busy
GDT=     000010b0 00000020
IDT=     001295e0 000007ff
CR0=00000011 CR2=00000000 CR3=00000000 CR4=00000000
DR0=00000000 DR1=00000000 DR2=00000000 DR3=00000000 
DR6=ffff0ff0 DR7=00000400
CCS=00000094 CCD=ffffffff CCO=EFLAGS
EFER=0000000000000000
Servicing hardware INT=0x20
   717: v=20 e=0000 i=0 cpl=0 IP=0010:001016d8 pc=001016d8 SP=0018:0012dc9c env->regs[R_EAX]=0000b7b8
EAX=0000b7b8 EBX=00000320 ECX=00000000 EDX=00000002
ESI=00000080 EDI=0015bcd4 EBP=0012dcc8 ESP=0012dc9c
EIP=001016d8 EFL=00200246 [---Z-P-] CPL=0 II=0 A20=1 SMM=0 HLT=0
ES =0018 00000000 ffffffff 00cf9300 DPL=0 DS   [-WA]
CS =0010 00000000 ffffffff 00cf9a00 DPL=0 CS32 [-R-]
SS =0018 00000000 ffffffff 00cf9300 DPL=0 DS   [-WA]
DS =0018 00000000 ffffffff 00cf9300 DPL=0 DS   [-WA]
FS =0018 00000000 ffffffff 00cf9300 DPL=0 DS   [-WA]
GS =0018 00000000 ffffffff 00cf9300 DPL=0 DS   [-WA]
LDT=0000 00000000 0000ffff 00008200 DPL=0 LDT
TR =0000 00000000 0000ffff 00008b00 DPL=0 TSS32-busy
GDT=     000010b0 00000020
IDT=     001295e0 000007ff
CR0=00000011 CR2=00000000 CR3=00000000 CR4=00000000
DR0=00000000 DR1=00000000 DR2=00000000 DR3=00000000 
DR6=ffff0ff0 DR7=00000400
CCS=00000044 CCD=00000000 CCO=EFLAGS
EFER=0000000000000000
Servicing hardware INT=0x20
   718: v=20 e=0000 i=0 cpl=0 IP=0010:00101196 pc=00101196 SP=0018:00103c44 env->regs[R_EAX]=00000152
EAX=00000152 EBX=00103d28 ECX=000002ce EDX=0000756f
ESI=00102844 EDI=00000015 EBP=00103c54 ESP=00103c44
EIP=00101196 EFL=00000293 [--S-A-C] CPL=0 II=0 A20=1 SMM=0 HLT=0
ES =0018 00000000 ffffffff 00cf9300 DPL=0 DS   [-WA]
CS =0010 00000000 ffffffff 00cf9a00 DPL=0 CS32 [-R-]
SS =0018 00000000 ffffffff 00cf9300 DPL=0 DS   [-WA]
DS =0018 00000000 ffffffff 00cf9300 DPL=0 DS   [-WA]
FS =0018 00000000 ffffffff 00cf9300 DPL=0 DS   [-WA]
GS =0018 00000000 ffffffff 00cf9300 DPL=0 DS   [-WA]
LDT=0000 00000000 0000ffff 00008200 DPL=0 LDT
TR =0000 00000000 0000ffff 00008b00 DPL=0 TSS32-busy
GDT=     000010b0 00000020
IDT=     001295e0 000007ff
CR0=00000011 CR2=00000000 CR3=00000000 CR4=00000000
DR0=00000000 DR1=00000000 DR2=00000000 DR3=00000000 
DR6=ffff0ff0 DR7=00000400
CCS=00000091 CCD=fffffffb CCO=EFLAGS
EFER=0000000000000000
Servicing hardware INT=0x20
   719: v=20 e=0000 i=0 cpl=0 IP=0010:00100994 pc=00100994 SP=0018:001048d4 env->regs[R_EAX]=0000001c
EAX=0000001c EBX=00000000 ECX=00001900 EDX=00102844
ESI=001027c0 EDI=00000000 EBP=001048e4 ESP=001048d4
EIP=00100994 EFL=00000296 [--S-AP-] CPL=0 II=0 A20=1 SMM=0 HLT=0
ES =0018 00000000 ffffffff 00cf9300 DPL=0 DS   [-WA]
CS =0010 00000000 ffffffff 00cf9a00 DPL=0 CS32 [-R-]
SS =0018 00000000 ffffffff 00cf9300 DPL=0 DS   [-WA]
DS =0018 00000000 ffffffff 00cf9300 DPL=0 DS   [-WA]
FS =0018 00000000 ffffffff 00cf9300 DPL=0 DS   [-WA]
GS =0018 00000000 ffffffff 00cf9300 DPL=0 DS   [-WA]
LDT=0000 00000000 0000ffff 00008200 DPL=0 LDT
TR =0000 00000000 0000ffff 00008b00 DPL=0 TSS32-busy
GDT=     000010b0 00000020
IDT=     001295e0 000007ff
CR0=00000011 CR2=00000000 CR3=00000000 CR4=00000000
DR0=00000000 DR1=00000000 DR2=00000000 DR3=00000000 
DR6=ffff0ff0 DR7=00000400
CCS=00000094 CCD=ffffffff CCO=EFLAGS
EFER=0000000000000000
Servicing hardware INT=0x20
   720: v=20 e=0000 i=0 cpl=0 IP=0010:001019b8 pc=001019b8 SP=0018:0012dd64 env->regs[R_EAX]=002301c8
EAX=002301c8 EBX=006e96c2 ECX=003029f4 EDX=fd1023d4
ESI=0012dd78 EDI=00000000 EBP=0012dd68 ESP=0012dd64
EIP=001019b8 EFL=00200202 [-------] CPL=0 II=0 A20=1 SMM=0 HLT=0
ES =0018 00000000 ffffffff 00cf9300 DPL=0 DS   [-WA]
CS =0010 00000000 ffffffff 00cf9a00 DPL=0 CS32 [-R-]
SS =0018 00000000 ffffffff 00cf9300 DPL=0 DS   [-WA]
DS =0018 00000000 ffffffff 00cf9300 DPL=0 DS   [-WA]
FS =0018 00000000 ffffffff 00cf9300 DPL=0 DS   [-WA]
GS =0018 00000000 ffffffff 00cf9300 DPL=0 DS   [-WA]
LDT=0000 00000000 0000ffff 00008200 DPL=0 LDT
TR =0000 00000000 0000ffff 00008b00 DPL=0 TSS32-busy
GDT=     000010b0 00000020
IDT=     001295e0 000007ff
CR0=00000011 CR2=00000000 CR3=00000000 CR4=00000000
DR0=00000000 DR1=00000000 DR2=00000000 DR3=00000000 
DR6=ffff0ff0 DR7=00000400
CCS=00000000 CCD=002301c8 CCO=EFLAGS
EFER=0000000000000000
Servicing hardware INT=0x20
   721: v=20 e=0000 i=0 cpl=0 IP=0010:00101196 pc=00101196 SP=0018:00103c44 env->regs[R_EAX]=000000d0
EAX=000000d0 EBX=00103d28 ECX=000001a8 EDX=0000f766
ESI=00102844 EDI=00000004 EBP=00103c54 ESP=00103c44
EIP=00101196 EFL=00000293 [--S-A-C] CPL=0 II=0 A20=1 SMM=0 HLT=0
ES =0018 00000000 ffffffff 00cf9300 DPL=0 DS   [-WA]
CS =0010 00000000 ffffffff 00cf9a00 DPL=0 CS32 [-R-]
SS =0018 00000000 ffffffff 00cf9300 DPL=0 DS   [-WA]
DS =0018 00000000 ffffffff 00cf9300 DPL=0 DS   [-WA]
FS =0018 00000000 ffffffff 00cf9300 DPL=0 DS   [-WA]
GS =0018 00000000 ffffffff 00cf9300 DPL=0 DS   [-WA]
LDT=0000 00000000 0000ffff 00008200 DPL=0 LDT
TR =0000 00000000 0000ffff 00008b00 DPL=0 TSS32-busy
GDT=     000010b0 00000020
IDT=     001295e0 000007ff
CR0=00000011 CR2=00000000 CR3=00000000 CR4=00000000
DR0=00000000 DR1=00000000 DR2=00000000 DR3=00000000 
DR6=ffff0ff0 DR7=00000400
CCS=00000091 CCD=ffffffea CCO=EFLAGS
EFER=0000000000000000
Servicing hardware INT=0x20
   722: v=20 e=0000 i=0 cpl=0 IP=0010:00100994 pc=00100994 SP=0018:001048d4 env->regs[R_EAX]=0000001c
EAX=0000001c EBX=00000000 ECX=00001900 EDX=00102844
ESI=001027c0 EDI=00000000 EBP=001048e4 ESP=001048d4
EIP=00100994 EFL=00000296 [--S-AP-] CPL=0 II=0 A20=1 SMM=0 HLT=0
ES =0018 00000000 ffffffff 00cf9300 DPL=0 DS   [-WA]
CS =0010 00000000 ffffffff 00cf9a00 DPL=0 CS32 [-R-]
SS =0018 00000000 ffffffff 00cf9300 DPL=0 DS   [-WA]
DS =0018 00000000 ffffffff 00cf9300 DPL=0 DS   [-WA]
FS =0018 00000000 ffffffff 00cf9300 DPL=0 DS   [-WA]
GS =0018 00000000 ffffffff 00cf9300 DPL=0 DS   [-WA]
LDT=0000 00000000 0000ffff 00008200 DPL=0 LDT
TR =0000 00000000 0000ffff 00008b00 DPL=0 TSS32-busy
GDT=     000010b0 00000020
IDT=     001295e0 000007ff
CR0=00000011 CR2=00000000 CR3=00000000 CR4=00000000
DR0=00000000 DR1=00000000 DR2=00000000 DR3=00000000 
DR6=ffff0ff0 DR7=00000400
CCS=00000094 CCD=ffffffff CCO=EFLAGS
EFER=0000000000000000
Servicing hardware INT=0x20
   723: v=20 e=0000 i=0 cpl=0 IP=0010:00101c44 pc=00101c44 SP=0018:0012dd20 env->regs[R_EAX]=00102844
EAX=00102844 EBX=00010000 ECX=00075300 EDX=000647f8
ESI=0012ddf4 EDI=00000000 EBP=0012dd68 ESP=0012dd20
EIP=00101c44 EFL=00200203 [------C] CPL=0 II=0 A20=1 SMM=0 HLT=0
ES =0018 00000000 ffffffff 00cf9300 DPL=0 DS   [-WA]
CS =0010 00000000 ffffffff 00cf9a00 DPL=0 CS32 [-R-]
SS =0018 00000000 ffffffff 00cf9300 DPL=0 DS   [-WA]
DS =0018 00000000 ffffffff 00cf9300 DPL=0 DS   [-WA]
FS =0018 00000000 ffffffff 00cf9300 DPL=0 DS   [-WA]
GS =0018 00000000 ffffffff 00cf9300 DPL=0 DS   [-WA]
LDT=0000 00000000 0000ffff 00008200 DPL=0 LDT
TR =0000 00000000 0000ffff 00008b00 DPL=0 TSS32-busy
GDT=     000010b0 00000020
IDT=     001295e0 000007ff
CR0=00000011 CR2=00000000 CR3=00000000 CR4=00000000
DR0=00000000 DR1=00000000 DR2=00000000 DR3=00000000 
DR6=ffff0ff0 DR7=00000400
CCS=00000001 CCD=000647f8 CCO=EFLAGS
EFER=0000000000000000
Servicing hardware INT=0x20
   724: v=20 e=0000 i=0 cpl=0 IP=0010:00101196 pc=00101196 SP=0018:00103c44 env->regs[R_EAX]=00000138
EAX=00000138 EBX=00103d28 ECX=000002a2 EDX=0000f162
ESI=00102844 EDI=00000019 EBP=00103c54 ESP=00103c44
EIP=00101196 EFL=00000297 [--S-APC] CPL=0 II=0 A20=1 SMM=0 HLT=0
ES =0018 00000000 ffffffff 00cf9300 DPL=0 DS   [-WA]
CS =0010 00000000 ffffffff 00cf9a00 DPL=0 CS32 [-R-]
SS =0018 00000000 ffffffff 00cf9300 DPL=0 DS   [-WA]
DS =0018 00000000 ffffffff 00cf9300 DPL=0 DS   [-WA]
FS =0018 00000000 ffffffff 00cf9300 DPL=0 DS   [-WA]
GS =0018 00000000 ffffffff 00cf9300 DPL=0 DS   [-WA]
LDT=0000 00000000 0000ffff 00008200 DPL=0 LDT
TR =0000 00000000 0000ffff 00008b00 DPL=0 TSS32-busy
GDT=     000010b0 00000020
IDT=     001295e0 000007ff
CR0=00000011 CR2=00000000 CR3=00000000 CR4=00000000
DR0=00000000 DR1=00000000 DR2=00000000 DR3=00000000 
DR6=ffff0ff0 DR7=00000400
CCS=00000095 CCD=ffffffff CCO=EFLAGS
EFER=0000000000000000
Servicing hardware INT=0x20
   725: v=20 e=0000 i=0 cpl=0 IP=0010:00100994 pc=00100994 SP=0018:001048d4 env->regs[R_EAX]=0000001c
EAX=0000001c EBX=00000000 ECX=00001900 EDX=00102844
ESI=001027c0 EDI=00000000 EBP=001048e4 ESP=001048d4
EIP=00100994 EFL=00000296 [--S-AP-] CPL=0 II=0 A20=1 SMM=0 HLT=0
ES =0018 00000000 ffffffff 00cf9300 DPL=0 DS   [-WA]
CS =0010 00000000 ffffffff 00cf9a00 DPL=0 CS32 [-R-]
SS =0018 00000000 ffffffff 00cf9300 DPL=0 DS   [-WA]
DS =0018 00000000 ffffffff 00cf9300 DPL=0 DS   [-WA]
FS =0018 00000000 ffffffff 00cf9300 DPL=0 DS   [-WA]
GS =0018 00000000 ffffffff 00cf9300 DPL=0 DS   [-WA]
LDT=0000 00000000 0000ffff 00008200 DPL=0 LDT
TR =0000 00000000 0000ffff 00008b00 DPL=0 TSS32-busy
GDT=     000010b0 00000020
IDT=     001295e0 000007ff
CR0=00000011 CR2=00000000 CR3=00000000 CR4=00000000
DR0=00000000 DR1=00000000 DR2=00000000 DR3=00000000 
DR6=ffff0ff0 DR7=00000400
CCS=00000094 CCD=ffffffff CCO=EFLAGS
EFER=0000000000000000
Servicing hardware INT=0x20
   726: v=20 e=0000 i=0 cpl=0 IP=0010:00101749 pc=00101749 SP=0018:0012dcd0 env->regs[R_EAX]=00000000
EAX=00000000 EBX=00000320 ECX=0000027f EDX=00000001
ESI=00003520 EDI=00000048 EBP=0012dd08 ESP=0012dcd0
EIP=00101749 EFL=00200246 [---Z-P-] CPL=0 II=0 A20=1 SMM=0 HLT=0
ES =0018 00000000 ffffffff 00cf9300 DPL=0 DS   [-WA]
CS =0010 00000000 ffffffff 00cf9a00 DPL=0 CS32 [-R-]
SS =0018 00000000 ffffffff 00cf9300 DPL=0 DS   [-WA]
DS =0018 00000000 ffffffff 00cf9300 DPL=0 DS   [-WA]
FS =0018 00000000 ffffffff 00cf9300 DPL=0 DS   [-WA]
GS =0018 00000000 ffffffff 00cf9300 DPL=0 DS   [-WA]
LDT=0000 00000000 0000ffff 00008200 DPL=0 LDT
TR =0000 00000000 0000ffff 00008b00 DPL=0 TSS32-busy
GDT=     000010b0 00000020
IDT=     001295e0 000007ff
CR0=00000011 CR2=00000000 CR3=00000000 CR4=00000000
DR0=00000000 DR1=00000000 DR2=00000000 DR3=00000000 
DR6=ffff0ff0 DR7=00000400
CCS=00000044 CCD=00000000 CCO=EFLAGS
EFER=0000000000000000
Servicing hardware INT=0x20
   727: v=20 e=0000 i=0 cpl=0 IP=0010:00101196 pc=00101196 SP=0018:00103c44 env->regs[R_EAX]=0000001a
EAX=0000001a EBX=00103d28 ECX=00000058 EDX=0000cd20
ESI=00102844 EDI=00000012 EBP=00103c54 ESP=00103c44
EIP=00101196 EFL=00000293 [--S-A-C] CPL=0 II=0 A20=1 SMM=0 HLT=0
ES =0018 00000000 ffffffff 00cf9300 DPL=0 DS   [-WA]
CS =0010 00000000 ffffffff 00cf9a00 DPL=0 CS32 [-R-]
SS =0018 00000000 ffffffff 00cf9300 DPL=0 DS   [-WA]
DS =0018 00000000 ffffffff 00cf9300 DPL=0 DS   [-WA]
FS =0018 00000000 ffffffff 00cf9300 DPL=0 DS   [-WA]
GS =0018 00000000 ffffffff 00cf9300 DPL=0 DS   [-WA]
LDT=0000 00000000 0000ffff 00008200 DPL=0 LDT
TR =0000 00000000 0000ffff 00008b00 DPL=0 TSS32-busy
GDT=     000010b0 00000020
IDT=     001295e0 000007ff
CR0=00000011 CR2=00000000 CR3=00000000 CR4=00000000
DR0=00000000 DR1=00000000 DR2=00000000 DR3=00000000 
DR6=ffff0ff0 DR7=00000400
CCS=00000091 CCD=fffffff8 CCO=EFLAGS
EFER=0000000000000000
Servicing hardware INT=0x20
   728: v=20 e=0000 i=0 cpl=0 IP=0010:00100994 pc=00100994 SP=0018:001048d4 env->regs[R_EAX]=0000001c
EAX=0000001c EBX=00000000 ECX=00001900 EDX=00102844
ESI=001027c0 EDI=00000000 EBP=001048e4 ESP=001048d4
EIP=00100994 EFL=00000296 [--S-AP-] CPL=0 II=0 A20=1 SMM=0 HLT=0
ES =0018 00000000 ffffffff 00cf9300 DPL=0 DS   [-WA]
CS =0010 00000000 ffffffff 00cf9a00 DPL=0 CS32 [-R-]
SS =0018 00000000 ffffffff 00cf9300 DPL=0 DS   [-WA]
DS =0018 00000000 ffffffff 00cf9300 DPL=0 DS   [-WA]
FS =0018 00000000 ffffffff 00cf9300 DPL=0 DS   [-WA]
GS =0018 00000000 ffffffff 00cf9300 DPL=0 DS   [-WA]
LDT=0000 00000000 0000ffff 00008200 DPL=0 LDT
TR =0000 00000000 0000ffff 00008b00 DPL=0 TSS32-busy
GDT=     000010b0 00000020
IDT=     001295e0 000007ff
CR0=00000011 CR2=00000000 CR3=00000000 CR4=00000000
DR0=00000000 DR1=00000000 DR2=00000000 DR3=00000000 
DR6=ffff0ff0 DR7=00000400
CCS=00000094 CCD=ffffffff CCO=EFLAGS
EFER=0000000000000000
Servicing hardware INT=0x20
   729: v=20 e=0000 i=0 cpl=0 IP=0010:00101c44 pc=00101c44 SP=0018:0012dd20 env->regs[R_EAX]=00102844
EAX=00102844 EBX=00010000 ECX=00075300 EDX=000285c5
ESI=0012ddf4 EDI=00000000 EBP=0012dd68 ESP=0012dd20
EIP=00101c44 EFL=00200207 [-----PC] CPL=0 II=0 A20=1 SMM=0 HLT=0
ES =0018 00000000 ffffffff 00cf9300 DPL=0 DS   [-WA]
CS =0010 00000000 ffffffff 00cf9a00 DPL=0 CS32 [-R-]
SS =0018 00000000 ffffffff 00cf9300 DPL=0 DS   [-WA]
DS =0018 00000000 ffffffff 00cf9300 DPL=0 DS   [-WA]
FS =0018 00000000 ffffffff 00cf9300 DPL=0 DS   [-WA]
GS =0018 00000000 ffffffff 00cf9300 DPL=0 DS   [-WA]
LDT=0000 00000000 0000ffff 00008200 DPL=0 LDT
TR =0000 00000000 0000ffff 00008b00 DPL=0 TSS32-busy
GDT=     000010b0 00000020
IDT=     001295e0 000007ff
CR0=00000011 CR2=00000000 CR3=00000000 CR4=00000000
DR0=00000000 DR1=00000000 DR2=00000000 DR3=00000000 
DR6=ffff0ff0 DR7=00000400
CCS=00000005 CCD=000285c5 CCO=EFLAGS
EFER=0000000000000000
Servicing hardware INT=0x20
   730: v=20 e=0000 i=0 cpl=0 IP=0010:0010122f pc=0010122f SP=0018:00103c5c env->regs[R_EAX]=00102844
EAX=00102844 EBX=0000003c ECX=0000104e EDX=0000a96f
ESI=00102880 EDI=0000006f EBP=00103c94 ESP=00103c5c
EIP=0010122f EFL=00000206 [-----P-] CPL=0 II=0 A20=1 SMM=0 HLT=0
ES =0018 00000000 ffffffff 00cf9300 DPL=0 DS   [-WA]
CS =0010 00000000 ffffffff 00cf9a00 DPL=0 CS32 [-R-]
SS =0018 00000000 ffffffff 00cf9300 DPL=0 DS   [-WA]
DS =0018 00000000 ffffffff 00cf9300 DPL=0 DS   [-WA]
FS =0018 00000000 ffffffff 00cf9300 DPL=0 DS   [-WA]
GS =0018 00000000 ffffffff 00cf9300 DPL=0 DS   [-WA]
LDT=0000 00000000 0000ffff 00008200 DPL=0 LDT
TR =0000 00000000 0000ffff 00008b00 DPL=0 TSS32-busy
GDT=     000010b0 00000020
IDT=     001295e0 000007ff
CR0=00000011 CR2=00000000 CR3=00000000 CR4=00000000
DR0=00000000 DR1=00000000 DR2=00000000 DR3=00000000 
DR6=ffff0ff0 DR7=00000400
CCS=00000004 CCD=00000065 CCO=EFLAGS
EFER=0000000000000000
Servicing hardware INT=0x20
   731: v=20 e=0000 i=0 cpl=0 IP=0010:00100994 pc=00100994 SP=0018:001048d4 env->regs[R_EAX]=0000001c
EAX=0000001c EBX=00000000 ECX=00001900 EDX=00102844
ESI=001027c0 EDI=00000000 EBP=001048e4 ESP=001048d4
EIP=00100994 EFL=00000296 [--S-AP-] CPL=0 II=0 A20=1 SMM=0 HLT=0
ES =0018 00000000 ffffffff 00cf9300 DPL=0 DS   [-WA]
CS =0010 00000000 ffffffff 00cf9a00 DPL=0 CS32 [-R-]
SS =0018 00000000 ffffffff 00cf9300 DPL=0 DS   [-WA]
DS =0018 00000000 ffffffff 00cf9300 DPL=0 DS   [-WA]
FS =0018 00000000 ffffffff 00cf9300 DPL=0 DS   [-WA]
GS =0018 00000000 ffffffff 00cf9300 DPL=0 DS   [-WA]
LDT=0000 00000000 0000ffff 00008200 DPL=0 LDT
TR =0000 00000000 0000ffff 00008b00 DPL=0 TSS32-busy
GDT=     000010b0 00000020
IDT=     001295e0 000007ff
CR0=00000011 CR2=00000000 CR3=00000000 CR4=00000000
DR0=00000000 DR1=00000000 DR2=00000000 DR3=00000000 
DR6=ffff0ff0 DR7=00000400
CCS=00000094 CCD=ffffffff CCO=EFLAGS
EFER=0000000000000000
Servicing hardware INT=0x20
   732: v=20 e=0000 i=0 cpl=0 IP=0010:001016c3 pc=001016c3 SP=0018:0012dc9c env->regs[R_EAX]=0000d598
EAX=0000d598 EBX=00000320 ECX=00000004 EDX=00000004
ESI=007f7f7f EDI=00163454 EBP=0012dcc8 ESP=0012dc9c
EIP=001016c3 EFL=00200297 [--S-APC] CPL=0 II=0 A20=1 SMM=0 HLT=0
ES =0018 00000000 ffffffff 00cf9300 DPL=0 DS   [-WA]
CS =0010 00000000 ffffffff 00cf9a00 DPL=0 CS32 [-R-]
SS =0018 00000000 ffffffff 00cf9300 DPL=0 DS   [-WA]
DS =0018 00000000 ffffffff 00cf9300 DPL=0 DS   [-WA]
FS =0018 00000000 ffffffff 00cf9300 DPL=0 DS   [-WA]
GS =0018 00000000 ffffffff 00cf9300 DPL=0 DS   [-WA]
LDT=0000 00000000 0000ffff 00008200 DPL=0 LDT
TR =0000 00000000 0000ffff 00008b00 DPL=0 TSS32-busy
GDT=     000010b0 00000020
IDT=     001295e0 000007ff
CR0=00000011 CR2=00000000 CR3=00000000 CR4=00000000
DR0=00000000 DR1=00000000 DR2=00000000 DR3=00000000 
DR6=ffff0ff0 DR7=00000400
CCS=00000095 CCD=fffffffc CCO=EFLAGS
EFER=0000000000000000
Servicing hardware INT=0x20
   733: v=20 e=0000 i=0 cpl=0 IP=0010:0010116e pc=0010116e SP=0018:00103c4c env->regs[R_EAX]=00000014
EAX=00000014 EBX=001034e8 ECX=001034e8 EDX=00007372
ESI=0010116e EDI=00000072 EBP=00103c54 ESP=00103c4c
EIP=0010116e EFL=00000202 [-------] CPL=0 II=0 A20=1 SMM=0 HLT=0
ES =0018 00000000 ffffffff 00cf9300 DPL=0 DS   [-WA]
CS =0010 00000000 ffffffff 00cf9a00 DPL=0 CS32 [-R-]
SS =0018 00000000 ffffffff 00cf9300 DPL=0 DS   [-WA]
DS =0018 00000000 ffffffff 00cf9300 DPL=0 DS   [-WA]
FS =0018 00000000 ffffffff 00cf9300 DPL=0 DS   [-WA]
GS =0018 00000000 ffffffff 00cf9300 DPL=0 DS   [-WA]
LDT=0000 00000000 0000ffff 00008200 DPL=0 LDT
TR =0000 00000000 0000ffff 00008b00 DPL=0 TSS32-busy
GDT=     000010b0 00000020
IDT=     001295e0 000007ff
CR0=00000011 CR2=00000000 CR3=00000000 CR4=00000000
DR0=00000000 DR1=00000000 DR2=00000000 DR3=00000000 
DR6=ffff0ff0 DR7=00000400
CCS=00000000 CCD=00000001 CCO=EFLAGS
EFER=0000000000000000
Servicing hardware INT=0x20
   734: v=20 e=0000 i=0 cpl=0 IP=0010:00100994 pc=00100994 SP=0018:001048d4 env->regs[R_EAX]=0000001c
EAX=0000001c EBX=00000000 ECX=00001900 EDX=00102844
ESI=001027c0 EDI=00000000 EBP=001048e4 ESP=001048d4
EIP=00100994 EFL=00000296 [--S-AP-] CPL=0 II=0 A20=1 SMM=0 HLT=0
ES =0018 00000000 ffffffff 00cf9300 DPL=0 DS   [-WA]
CS =0010 00000000 ffffffff 00cf9a00 DPL=0 CS32 [-R-]
SS =0018 00000000 ffffffff 00cf9300 DPL=0 DS   [-WA]
DS =0018 00000000 ffffffff 00cf9300 DPL=0 DS   [-WA]
FS =0018 00000000 ffffffff 00cf9300 DPL=0 DS   [-WA]
GS =0018 00000000 ffffffff 00cf9300 DPL=0 DS   [-WA]
LDT=0000 00000000 0000ffff 00008200 DPL=0 LDT
TR =0000 00000000 0000ffff 00008b00 DPL=0 TSS32-busy
GDT=     000010b0 00000020
IDT=     001295e0 000007ff
CR0=00000011 CR2=00000000 CR3=00000000 CR4=00000000
DR0=00000000 DR1=00000000 DR2=00000000 DR3=00000000 
DR6=ffff0ff0 DR7=00000400
CCS=00000094 CCD=ffffffff CCO=EFLAGS
EFER=0000000000000000
Servicing hardware INT=0x20
   735: v=20 e=0000 i=0 cpl=0 IP=0010:00101c44 pc=00101c44 SP=0018:0012dd20 env->regs[R_EAX]=00102844
EAX=00102844 EBX=00010000 ECX=00075300 EDX=000284ed
ESI=0012ddf4 EDI=00000000 EBP=0012dd68 ESP=0012dd20
EIP=00101c44 EFL=00200207 [-----PC] CPL=0 II=0 A20=1 SMM=0 HLT=0
ES =0018 00000000 ffffffff 00cf9300 DPL=0 DS   [-WA]
CS =0010 00000000 ffffffff 00cf9a00 DPL=0 CS32 [-R-]
SS =0018 00000000 ffffffff 00cf9300 DPL=0 DS   [-WA]
DS =0018 00000000 ffffffff 00cf9300 DPL=0 DS   [-WA]
FS =0018 00000000 ffffffff 00cf9300 DPL=0 DS   [-WA]
GS =0018 00000000 ffffffff 00cf9300 DPL=0 DS   [-WA]
LDT=0000 00000000 0000ffff 00008200 DPL=0 LDT
TR =0000 00000000 0000ffff 00008b00 DPL=0 TSS32-busy
GDT=     000010b0 00000020
IDT=     001295e0 000007ff
CR0=00000011 CR2=00000000 CR3=00000000 CR4=00000000
DR0=00000000 DR1=00000000 DR2=00000000 DR3=00000000 
DR6=ffff0ff0 DR7=00000400
CCS=00000005 CCD=000284ed CCO=EFLAGS
EFER=0000000000000000
Servicing hardware INT=0x20
   736: v=20 e=0000 i=0 cpl=0 IP=0010:00101196 pc=00101196 SP=0018:00103c44 env->regs[R_EAX]=00000138
EAX=00000138 EBX=00103d28 ECX=00000274 EDX=00004366
ESI=00102844 EDI=00000002 EBP=00103c54 ESP=00103c44
EIP=00101196 EFL=00000297 [--S-APC] CPL=0 II=0 A20=1 SMM=0 HLT=0
ES =0018 00000000 ffffffff 00cf9300 DPL=0 DS   [-WA]
CS =0010 00000000 ffffffff 00cf9a00 DPL=0 CS32 [-R-]
SS =0018 00000000 ffffffff 00cf9300 DPL=0 DS   [-WA]
DS =0018 00000000 ffffffff 00cf9300 DPL=0 DS   [-WA]
FS =0018 00000000 ffffffff 00cf9300 DPL=0 DS   [-WA]
GS =0018 00000000 ffffffff 00cf9300 DPL=0 DS   [-WA]
LDT=0000 00000000 0000ffff 00008200 DPL=0 LDT
TR =0000 00000000 0000ffff 00008b00 DPL=0 TSS32-busy
GDT=     000010b0 00000020
IDT=     001295e0 000007ff
CR0=00000011 CR2=00000000 CR3=00000000 CR4=00000000
DR0=00000000 DR1=00000000 DR2=00000000 DR3=00000000 
DR6=ffff0ff0 DR7=00000400
CCS=00000095 CCD=ffffffe8 CCO=EFLAGS
EFER=0000000000000000
Servicing hardware INT=0x20
   737: v=20 e=0000 i=0 cpl=0 IP=0010:00100994 pc=00100994 SP=0018:001048d4 env->regs[R_EAX]=0000001c
EAX=0000001c EBX=00000000 ECX=00001900 EDX=00102844
ESI=001027c0 EDI=00000000 EBP=001048e4 ESP=001048d4
EIP=00100994 EFL=00000296 [--S-AP-] CPL=0 II=0 A20=1 SMM=0 HLT=0
ES =0018 00000000 ffffffff 00cf9300 DPL=0 DS   [-WA]
CS =0010 00000000 ffffffff 00cf9a00 DPL=0 CS32 [-R-]
SS =0018 00000000 ffffffff 00cf9300 DPL=0 DS   [-WA]
DS =0018 00000000 ffffffff 00cf9300 DPL=0 DS   [-WA]
FS =0018 00000000 ffffffff 00cf9300 DPL=0 DS   [-WA]
GS =0018 00000000 ffffffff 00cf9300 DPL=0 DS   [-WA]
LDT=0000 00000000 0000ffff 00008200 DPL=0 LDT
TR =0000 00000000 0000ffff 00008b00 DPL=0 TSS32-busy
GDT=     000010b0 00000020
IDT=     001295e0 000007ff
CR0=00000011 CR2=00000000 CR3=00000000 CR4=00000000
DR0=00000000 DR1=00000000 DR2=00000000 DR3=00000000 
DR6=ffff0ff0 DR7=00000400
CCS=00000094 CCD=ffffffff CCO=EFLAGS
EFER=0000000000000000
Servicing hardware INT=0x20
   738: v=20 e=0000 i=0 cpl=0 IP=0010:00101782 pc=00101782 SP=0018:0012dcd0 env->regs[R_EAX]=00000000
EAX=00000000 EBX=00000320 ECX=0000007f EDX=00000001
ESI=00000000 EDI=00191b94 EBP=0012dd08 ESP=0012dcd0
EIP=00101782 EFL=00200246 [---Z-P-] CPL=0 II=0 A20=1 SMM=0 HLT=0
ES =0018 00000000 ffffffff 00cf9300 DPL=0 DS   [-WA]
CS =0010 00000000 ffffffff 00cf9a00 DPL=0 CS32 [-R-]
SS =0018 00000000 ffffffff 00cf9300 DPL=0 DS   [-WA]
DS =0018 00000000 ffffffff 00cf9300 DPL=0 DS   [-WA]
FS =0018 00000000 ffffffff 00cf9300 DPL=0 DS   [-WA]
GS =0018 00000000 ffffffff 00cf9300 DPL=0 DS   [-WA]
LDT=0000 00000000 0000ffff 00008200 DPL=0 LDT
TR =0000 00000000 0000ffff 00008b00 DPL=0 TSS32-busy
GDT=     000010b0 00000020
IDT=     001295e0 000007ff
CR0=00000011 CR2=00000000 CR3=00000000 CR4=00000000
DR0=00000000 DR1=00000000 DR2=00000000 DR3=00000000 
DR6=ffff0ff0 DR7=00000400
CCS=00000044 CCD=00000000 CCO=EFLAGS
EFER=0000000000000000
Servicing hardware INT=0x20
   739: v=20 e=0000 i=0 cpl=0 IP=0010:00101196 pc=00101196 SP=0018:00103c44 env->regs[R_EAX]=00000152
EAX=00000152 EBX=00103d28 ECX=000002ce EDX=00001b20
ESI=00102844 EDI=00000015 EBP=00103c54 ESP=00103c44
EIP=00101196 EFL=00000293 [--S-A-C] CPL=0 II=0 A20=1 SMM=0 HLT=0
ES =0018 00000000 ffffffff 00cf9300 DPL=0 DS   [-WA]
CS =0010 00000000 ffffffff 00cf9a00 DPL=0 CS32 [-R-]
SS =0018 00000000 ffffffff 00cf9300 DPL=0 DS   [-WA]
DS =0018 00000000 ffffffff 00cf9300 DPL=0 DS   [-WA]
FS =0018 00000000 ffffffff 00cf9300 DPL=0 DS   [-WA]
GS =0018 00000000 ffffffff 00cf9300 DPL=0 DS   [-WA]
LDT=0000 00000000 0000ffff 00008200 DPL=0 LDT
TR =0000 00000000 0000ffff 00008b00 DPL=0 TSS32-busy
GDT=     000010b0 00000020
IDT=     001295e0 000007ff
CR0=00000011 CR2=00000000 CR3=00000000 CR4=00000000
DR0=00000000 DR1=00000000 DR2=00000000 DR3=00000000 
DR6=ffff0ff0 DR7=00000400
CCS=00000091 CCD=fffffffb CCO=EFLAGS
EFER=0000000000000000
Servicing hardware INT=0x20
   740: v=20 e=0000 i=0 cpl=0 IP=0010:00100994 pc=00100994 SP=0018:001048d4 env->regs[R_EAX]=0000001c
EAX=0000001c EBX=00000000 ECX=00001900 EDX=00102844
ESI=001027c0 EDI=00000000 EBP=001048e4 ESP=001048d4
EIP=00100994 EFL=00000296 [--S-AP-] CPL=0 II=0 A20=1 SMM=0 HLT=0
ES =0018 00000000 ffffffff 00cf9300 DPL=0 DS   [-WA]
CS =0010 00000000 ffffffff 00cf9a00 DPL=0 CS32 [-R-]
SS =0018 00000000 ffffffff 00cf9300 DPL=0 DS   [-WA]
DS =0018 00000000 ffffffff 00cf9300 DPL=0 DS   [-WA]
FS =0018 00000000 ffffffff 00cf9300 DPL=0 DS   [-WA]
GS =0018 00000000 ffffffff 00cf9300 DPL=0 DS   [-WA]
LDT=0000 00000000 0000ffff 00008200 DPL=0 LDT
TR =0000 00000000 0000ffff 00008b00 DPL=0 TSS32-busy
GDT=     000010b0 00000020
IDT=     001295e0 000007ff
CR0=00000011 CR2=00000000 CR3=00000000 CR4=00000000
DR0=00000000 DR1=00000000 DR2=00000000 DR3=00000000 
DR6=ffff0ff0 DR7=00000400
CCS=00000094 CCD=ffffffff CCO=EFLAGS
EFER=0000000000000000
Servicing hardware INT=0x20
   741: v=20 e=0000 i=0 cpl=0 IP=0010:00101c4f pc=00101c4f SP=0018:0012dd20 env->regs[R_EAX]=00102844
EAX=00102844 EBX=00010000 ECX=00075300 EDX=00028272
ESI=0012ddf4 EDI=00000000 EBP=0012dd68 ESP=0012dd20
EIP=00101c4f EFL=00200287 [--S--PC] CPL=0 II=0 A20=1 SMM=0 HLT=0
ES =0018 00000000 ffffffff 00cf9300 DPL=0 DS   [-WA]
CS =0010 00000000 ffffffff 00cf9a00 DPL=0 CS32 [-R-]
SS =0018 00000000 ffffffff 00cf9300 DPL=0 DS   [-WA]
DS =0018 00000000 ffffffff 00cf9300 DPL=0 DS   [-WA]
FS =0018 00000000 ffffffff 00cf9300 DPL=0 DS   [-WA]
GS =0018 00000000 ffffffff 00cf9300 DPL=0 DS   [-WA]
LDT=0000 00000000 0000ffff 00008200 DPL=0 LDT
TR =0000 00000000 0000ffff 00008b00 DPL=0 TSS32-busy
GDT=     000010b0 00000020
IDT=     001295e0 000007ff
CR0=00000011 CR2=00000000 CR3=00000000 CR4=00000000
DR0=00000000 DR1=00000000 DR2=00000000 DR3=00000000 
DR6=ffff0ff0 DR7=00000400
CCS=00000085 CCD=fffb2f72 CCO=EFLAGS
EFER=0000000000000000
Servicing hardware INT=0x20
   742: v=20 e=0000 i=0 cpl=0 IP=0010:001012eb pc=001012eb SP=0018:00103cb8 env->regs[R_EAX]=00104140
EAX=00104140 EBX=0012dd8c ECX=00001066 EDX=00002f72
ESI=0010006f EDI=00000000 EBP=00103cd4 ESP=00103cb8
EIP=001012eb EFL=00000212 [----A--] CPL=0 II=0 A20=1 SMM=0 HLT=0
ES =0018 00000000 ffffffff 00cf9300 DPL=0 DS   [-WA]
CS =0010 00000000 ffffffff 00cf9a00 DPL=0 CS32 [-R-]
SS =0018 00000000 ffffffff 00cf9300 DPL=0 DS   [-WA]
DS =0018 00000000 ffffffff 00cf9300 DPL=0 DS   [-WA]
FS =0018 00000000 ffffffff 00cf9300 DPL=0 DS   [-WA]
GS =0018 00000000 ffffffff 00cf9300 DPL=0 DS   [-WA]
LDT=0000 00000000 0000ffff 00008200 DPL=0 LDT
TR =0000 00000000 0000ffff 00008b00 DPL=0 TSS32-busy
GDT=     000010b0 00000020
IDT=     001295e0 000007ff
CR0=00000011 CR2=00000000 CR3=00000000 CR4=00000000
DR0=00000000 DR1=00000000 DR2=00000000 DR3=00000000 
DR6=ffff0ff0 DR7=00000400
CCS=00000010 CCD=00000031 CCO=EFLAGS
EFER=0000000000000000
Servicing hardware INT=0x20
   743: v=20 e=0000 i=0 cpl=0 IP=0010:00100994 pc=00100994 SP=0018:001048d4 env->regs[R_EAX]=0000001c
EAX=0000001c EBX=00000000 ECX=00001900 EDX=00102844
ESI=001027c0 EDI=00000000 EBP=001048e4 ESP=001048d4
EIP=00100994 EFL=00000296 [--S-AP-] CPL=0 II=0 A20=1 SMM=0 HLT=0
ES =0018 00000000 ffffffff 00cf9300 DPL=0 DS   [-WA]
CS =0010 00000000 ffffffff 00cf9a00 DPL=0 CS32 [-R-]
SS =0018 00000000 ffffffff 00cf9300 DPL=0 DS   [-WA]
DS =0018 00000000 ffffffff 00cf9300 DPL=0 DS   [-WA]
FS =0018 00000000 ffffffff 00cf9300 DPL=0 DS   [-WA]
GS =0018 00000000 ffffffff 00cf9300 DPL=0 DS   [-WA]
LDT=0000 00000000 0000ffff 00008200 DPL=0 LDT
TR =0000 00000000 0000ffff 00008b00 DPL=0 TSS32-busy
GDT=     000010b0 00000020
IDT=     001295e0 000007ff
CR0=00000011 CR2=00000000 CR3=00000000 CR4=00000000
DR0=00000000 DR1=00000000 DR2=00000000 DR3=00000000 
DR6=ffff0ff0 DR7=00000400
CCS=00000094 CCD=ffffffff CCO=EFLAGS
EFER=0000000000000000
Servicing hardware INT=0x20
   744: v=20 e=0000 i=0 cpl=0 IP=0010:00101c4f pc=00101c4f SP=0018:0012dd20 env->regs[R_EAX]=00102844
EAX=00102844 EBX=00010000 ECX=00075300 EDX=0006bdf0
ESI=0012ddf4 EDI=00000000 EBP=0012dd68 ESP=0012dd20
EIP=00101c4f EFL=00200287 [--S--PC] CPL=0 II=0 A20=1 SMM=0 HLT=0
ES =0018 00000000 ffffffff 00cf9300 DPL=0 DS   [-WA]
CS =0010 00000000 ffffffff 00cf9a00 DPL=0 CS32 [-R-]
SS =0018 00000000 ffffffff 00cf9300 DPL=0 DS   [-WA]
DS =0018 00000000 ffffffff 00cf9300 DPL=0 DS   [-WA]
FS =0018 00000000 ffffffff 00cf9300 DPL=0 DS   [-WA]
GS =0018 00000000 ffffffff 00cf9300 DPL=0 DS   [-WA]
LDT=0000 00000000 0000ffff 00008200 DPL=0 LDT
TR =0000 00000000 0000ffff 00008b00 DPL=0 TSS32-busy
GDT=     000010b0 00000020
IDT=     001295e0 000007ff
CR0=00000011 CR2=00000000 CR3=00000000 CR4=00000000
DR0=00000000 DR1=00000000 DR2=00000000 DR3=00000000 
DR6=ffff0ff0 DR7=00000400
CCS=00000085 CCD=ffff6af0 CCO=EFLAGS
EFER=0000000000000000
Servicing hardware INT=0x20
   745: v=20 e=0000 i=0 cpl=0 IP=0010:00101196 pc=00101196 SP=0018:00103c44 env->regs[R_EAX]=000000ea
EAX=000000ea EBX=00103d28 ECX=000001da EDX=0000b962
ESI=00102844 EDI=00000003 EBP=00103c54 ESP=00103c44
EIP=00101196 EFL=00000293 [--S-A-C] CPL=0 II=0 A20=1 SMM=0 HLT=0
ES =0018 00000000 ffffffff 00cf9300 DPL=0 DS   [-WA]
CS =0010 00000000 ffffffff 00cf9a00 DPL=0 CS32 [-R-]
SS =0018 00000000 ffffffff 00cf9300 DPL=0 DS   [-WA]
DS =0018 00000000 ffffffff 00cf9300 DPL=0 DS   [-WA]
FS =0018 00000000 ffffffff 00cf9300 DPL=0 DS   [-WA]
GS =0018 00000000 ffffffff 00cf9300 DPL=0 DS   [-WA]
LDT=0000 00000000 0000ffff 00008200 DPL=0 LDT
TR =0000 00000000 0000ffff 00008b00 DPL=0 TSS32-busy
GDT=     000010b0 00000020
IDT=     001295e0 000007ff
CR0=00000011 CR2=00000000 CR3=00000000 CR4=00000000
DR0=00000000 DR1=00000000 DR2=00000000 DR3=00000000 
DR6=ffff0ff0 DR7=00000400
CCS=00000091 CCD=ffffffe9 CCO=EFLAGS
EFER=0000000000000000
Servicing hardware INT=0x20
   746: v=20 e=0000 i=0 cpl=0 IP=0010:00100994 pc=00100994 SP=0018:001048d4 env->regs[R_EAX]=0000001c
EAX=0000001c EBX=00000000 ECX=00001900 EDX=00102844
ESI=001027c0 EDI=00000000 EBP=001048e4 ESP=001048d4
EIP=00100994 EFL=00000296 [--S-AP-] CPL=0 II=0 A20=1 SMM=0 HLT=0
ES =0018 00000000 ffffffff 00cf9300 DPL=0 DS   [-WA]
CS =0010 00000000 ffffffff 00cf9a00 DPL=0 CS32 [-R-]
SS =0018 00000000 ffffffff 00cf9300 DPL=0 DS   [-WA]
DS =0018 00000000 ffffffff 00cf9300 DPL=0 DS   [-WA]
FS =0018 00000000 ffffffff 00cf9300 DPL=0 DS   [-WA]
GS =0018 00000000 ffffffff 00cf9300 DPL=0 DS   [-WA]
LDT=0000 00000000 0000ffff 00008200 DPL=0 LDT
TR =0000 00000000 0000ffff 00008b00 DPL=0 TSS32-busy
GDT=     000010b0 00000020
IDT=     001295e0 000007ff
CR0=00000011 CR2=00000000 CR3=00000000 CR4=00000000
DR0=00000000 DR1=00000000 DR2=00000000 DR3=00000000 
DR6=ffff0ff0 DR7=00000400
CCS=00000094 CCD=ffffffff CCO=EFLAGS
EFER=0000000000000000
Servicing hardware INT=0x20
   747: v=20 e=0000 i=0 cpl=0 IP=0010:001019b8 pc=001019b8 SP=0018:0012dd64 env->regs[R_EAX]=002474c8
EAX=002474c8 EBX=006e96c2 ECX=003029f4 EDX=fd1196d4
ESI=0012dd78 EDI=00000000 EBP=0012dd68 ESP=0012dd64
EIP=001019b8 EFL=00200202 [-------] CPL=0 II=0 A20=1 SMM=0 HLT=0
ES =0018 00000000 ffffffff 00cf9300 DPL=0 DS   [-WA]
CS =0010 00000000 ffffffff 00cf9a00 DPL=0 CS32 [-R-]
SS =0018 00000000 ffffffff 00cf9300 DPL=0 DS   [-WA]
DS =0018 00000000 ffffffff 00cf9300 DPL=0 DS   [-WA]
FS =0018 00000000 ffffffff 00cf9300 DPL=0 DS   [-WA]
GS =0018 00000000 ffffffff 00cf9300 DPL=0 DS   [-WA]
LDT=0000 00000000 0000ffff 00008200 DPL=0 LDT
TR =0000 00000000 0000ffff 00008b00 DPL=0 TSS32-busy
GDT=     000010b0 00000020
IDT=     001295e0 000007ff
CR0=00000011 CR2=00000000 CR3=00000000 CR4=00000000
DR0=00000000 DR1=00000000 DR2=00000000 DR3=00000000 
DR6=ffff0ff0 DR7=00000400
CCS=00000000 CCD=002474c8 CCO=EFLAGS
EFER=0000000000000000
Servicing hardware INT=0x20
   748: v=20 e=0000 i=0 cpl=0 IP=0010:001012a5 pc=001012a5 SP=0018:00103c5c env->regs[R_EAX]=00000015
EAX=00000015 EBX=001034e8 ECX=0000106c EDX=0000c76f
ESI=00102880 EDI=0000006f EBP=00103c94 ESP=00103c5c
EIP=001012a5 EFL=00000297 [--S-APC] CPL=0 II=0 A20=1 SMM=0 HLT=0
ES =0018 00000000 ffffffff 00cf9300 DPL=0 DS   [-WA]
CS =0010 00000000 ffffffff 00cf9a00 DPL=0 CS32 [-R-]
SS =0018 00000000 ffffffff 00cf9300 DPL=0 DS   [-WA]
DS =0018 00000000 ffffffff 00cf9300 DPL=0 DS   [-WA]
FS =0018 00000000 ffffffff 00cf9300 DPL=0 DS   [-WA]
GS =0018 00000000 ffffffff 00cf9300 DPL=0 DS   [-WA]
LDT=0000 00000000 0000ffff 00008200 DPL=0 LDT
TR =0000 00000000 0000ffff 00008b00 DPL=0 TSS32-busy
GDT=     000010b0 00000020
IDT=     001295e0 000007ff
CR0=00000011 CR2=00000000 CR3=00000000 CR4=00000000
DR0=00000000 DR1=00000000 DR2=00000000 DR3=00000000 
DR6=ffff0ff0 DR7=00000400
CCS=00000095 CCD=fffffffc CCO=EFLAGS
EFER=0000000000000000
Servicing hardware INT=0x20
   749: v=20 e=0000 i=0 cpl=0 IP=0010:00100994 pc=00100994 SP=0018:001048d4 env->regs[R_EAX]=0000001c
EAX=0000001c EBX=00000000 ECX=00001900 EDX=00102844
ESI=001027c0 EDI=00000000 EBP=001048e4 ESP=001048d4
EIP=00100994 EFL=00000296 [--S-AP-] CPL=0 II=0 A20=1 SMM=0 HLT=0
ES =0018 00000000 ffffffff 00cf9300 DPL=0 DS   [-WA]
CS =0010 00000000 ffffffff 00cf9a00 DPL=0 CS32 [-R-]
SS =0018 00000000 ffffffff 00cf9300 DPL=0 DS   [-WA]
DS =0018 00000000 ffffffff 00cf9300 DPL=0 DS   [-WA]
FS =0018 00000000 ffffffff 00cf9300 DPL=0 DS   [-WA]
GS =0018 00000000 ffffffff 00cf9300 DPL=0 DS   [-WA]
LDT=0000 00000000 0000ffff 00008200 DPL=0 LDT
TR =0000 00000000 0000ffff 00008b00 DPL=0 TSS32-busy
GDT=     000010b0 00000020
IDT=     001295e0 000007ff
CR0=00000011 CR2=00000000 CR3=00000000 CR4=00000000
DR0=00000000 DR1=00000000 DR2=00000000 DR3=00000000 
DR6=ffff0ff0 DR7=00000400
CCS=00000094 CCD=ffffffff CCO=EFLAGS
EFER=0000000000000000
Servicing hardware INT=0x20
   750: v=20 e=0000 i=0 cpl=0 IP=0010:00101c44 pc=00101c44 SP=0018:0012dd20 env->regs[R_EAX]=00102844
EAX=00102844 EBX=00010000 ECX=00075300 EDX=000673b4
ESI=0012ddf4 EDI=00000000 EBP=0012dd68 ESP=0012dd20
EIP=00101c44 EFL=00200207 [-----PC] CPL=0 II=0 A20=1 SMM=0 HLT=0
ES =0018 00000000 ffffffff 00cf9300 DPL=0 DS   [-WA]
CS =0010 00000000 ffffffff 00cf9a00 DPL=0 CS32 [-R-]
SS =0018 00000000 ffffffff 00cf9300 DPL=0 DS   [-WA]
DS =0018 00000000 ffffffff 00cf9300 DPL=0 DS   [-WA]
FS =0018 00000000 ffffffff 00cf9300 DPL=0 DS   [-WA]
GS =0018 00000000 ffffffff 00cf9300 DPL=0 DS   [-WA]
LDT=0000 00000000 0000ffff 00008200 DPL=0 LDT
TR =0000 00000000 0000ffff 00008b00 DPL=0 TSS32-busy
GDT=     000010b0 00000020
IDT=     001295e0 000007ff
CR0=00000011 CR2=00000000 CR3=00000000 CR4=00000000
DR0=00000000 DR1=00000000 DR2=00000000 DR3=00000000 
DR6=ffff0ff0 DR7=00000400
CCS=00000005 CCD=000673b4 CCO=EFLAGS
EFER=0000000000000000
Servicing hardware INT=0x20
   751: v=20 e=0000 i=0 cpl=0 IP=0010:00101304 pc=00101304 SP=0018:00103c9c env->regs[R_EAX]=00000005
EAX=00000005 EBX=00100071 ECX=0000104c EDX=00001b6f
ESI=0010006f EDI=00000000 EBP=00103cb4 ESP=00103c9c
EIP=00101304 EFL=00000246 [---Z-P-] CPL=0 II=0 A20=1 SMM=0 HLT=0
ES =0018 00000000 ffffffff 00cf9300 DPL=0 DS   [-WA]
CS =0010 00000000 ffffffff 00cf9a00 DPL=0 CS32 [-R-]
SS =0018 00000000 ffffffff 00cf9300 DPL=0 DS   [-WA]
DS =0018 00000000 ffffffff 00cf9300 DPL=0 DS   [-WA]
FS =0018 00000000 ffffffff 00cf9300 DPL=0 DS   [-WA]
GS =0018 00000000 ffffffff 00cf9300 DPL=0 DS   [-WA]
LDT=0000 00000000 0000ffff 00008200 DPL=0 LDT
TR =0000 00000000 0000ffff 00008b00 DPL=0 TSS32-busy
GDT=     000010b0 00000020
IDT=     001295e0 000007ff
CR0=00000011 CR2=00000000 CR3=00000000 CR4=00000000
DR0=00000000 DR1=00000000 DR2=00000000 DR3=00000000 
DR6=ffff0ff0 DR7=00000400
CCS=00000044 CCD=00000000 CCO=EFLAGS
EFER=0000000000000000
Servicing hardware INT=0x20
   752: v=20 e=0000 i=0 cpl=0 IP=0010:00100994 pc=00100994 SP=0018:001048d4 env->regs[R_EAX]=0000001c
EAX=0000001c EBX=00000000 ECX=00001900 EDX=00102844
ESI=001027c0 EDI=00000000 EBP=001048e4 ESP=001048d4
EIP=00100994 EFL=00000296 [--S-AP-] CPL=0 II=0 A20=1 SMM=0 HLT=0
ES =0018 00000000 ffffffff 00cf9300 DPL=0 DS   [-WA]
CS =0010 00000000 ffffffff 00cf9a00 DPL=0 CS32 [-R-]
SS =0018 00000000 ffffffff 00cf9300 DPL=0 DS   [-WA]
DS =0018 00000000 ffffffff 00cf9300 DPL=0 DS   [-WA]
FS =0018 00000000 ffffffff 00cf9300 DPL=0 DS   [-WA]
GS =0018 00000000 ffffffff 00cf9300 DPL=0 DS   [-WA]
LDT=0000 00000000 0000ffff 00008200 DPL=0 LDT
TR =0000 00000000 0000ffff 00008b00 DPL=0 TSS32-busy
GDT=     000010b0 00000020
IDT=     001295e0 000007ff
CR0=00000011 CR2=00000000 CR3=00000000 CR4=00000000
DR0=00000000 DR1=00000000 DR2=00000000 DR3=00000000 
DR6=ffff0ff0 DR7=00000400
CCS=00000094 CCD=ffffffff CCO=EFLAGS
EFER=0000000000000000
Servicing hardware INT=0x20
   753: v=20 e=0000 i=0 cpl=0 IP=0010:001016d8 pc=001016d8 SP=0018:0012dc9c env->regs[R_EAX]=00010c18
EAX=00010c18 EBX=00000320 ECX=00000002 EDX=00000005
ESI=00000020 EDI=00170e54 EBP=0012dcc8 ESP=0012dc9c
EIP=001016d8 EFL=00200246 [---Z-P-] CPL=0 II=0 A20=1 SMM=0 HLT=0
ES =0018 00000000 ffffffff 00cf9300 DPL=0 DS   [-WA]
CS =0010 00000000 ffffffff 00cf9a00 DPL=0 CS32 [-R-]
SS =0018 00000000 ffffffff 00cf9300 DPL=0 DS   [-WA]
DS =0018 00000000 ffffffff 00cf9300 DPL=0 DS   [-WA]
FS =0018 00000000 ffffffff 00cf9300 DPL=0 DS   [-WA]
GS =0018 00000000 ffffffff 00cf9300 DPL=0 DS   [-WA]
LDT=0000 00000000 0000ffff 00008200 DPL=0 LDT
TR =0000 00000000 0000ffff 00008b00 DPL=0 TSS32-busy
GDT=     000010b0 00000020
IDT=     001295e0 000007ff
CR0=00000011 CR2=00000000 CR3=00000000 CR4=00000000
DR0=00000000 DR1=00000000 DR2=00000000 DR3=00000000 
DR6=ffff0ff0 DR7=00000400
CCS=00000044 CCD=00000000 CCO=EFLAGS
EFER=0000000000000000
Servicing hardware INT=0x20
   754: v=20 e=0000 i=0 cpl=0 IP=0010:00101196 pc=00101196 SP=0018:00103c44 env->regs[R_EAX]=000001d4
EAX=000001d4 EBX=00103d28 ECX=000003c0 EDX=00008772
ESI=00102844 EDI=0000000c EBP=00103c54 ESP=00103c44
EIP=00101196 EFL=00000283 [--S---C] CPL=0 II=0 A20=1 SMM=0 HLT=0
ES =0018 00000000 ffffffff 00cf9300 DPL=0 DS   [-WA]
CS =0010 00000000 ffffffff 00cf9a00 DPL=0 CS32 [-R-]
SS =0018 00000000 ffffffff 00cf9300 DPL=0 DS   [-WA]
DS =0018 00000000 ffffffff 00cf9300 DPL=0 DS   [-WA]
FS =0018 00000000 ffffffff 00cf9300 DPL=0 DS   [-WA]
GS =0018 00000000 ffffffff 00cf9300 DPL=0 DS   [-WA]
LDT=0000 00000000 0000ffff 00008200 DPL=0 LDT
TR =0000 00000000 0000ffff 00008b00 DPL=0 TSS32-busy
GDT=     000010b0 00000020
IDT=     001295e0 000007ff
CR0=00000011 CR2=00000000 CR3=00000000 CR4=00000000
DR0=00000000 DR1=00000000 DR2=00000000 DR3=00000000 
DR6=ffff0ff0 DR7=00000400
CCS=00000081 CCD=fffffff2 CCO=EFLAGS
EFER=0000000000000000
Servicing hardware INT=0x20
   755: v=20 e=0000 i=0 cpl=0 IP=0010:00100994 pc=00100994 SP=0018:001048d4 env->regs[R_EAX]=0000001c
EAX=0000001c EBX=00000000 ECX=00001900 EDX=00102844
ESI=001027c0 EDI=00000000 EBP=001048e4 ESP=001048d4
EIP=00100994 EFL=00000296 [--S-AP-] CPL=0 II=0 A20=1 SMM=0 HLT=0
ES =0018 00000000 ffffffff 00cf9300 DPL=0 DS   [-WA]
CS =0010 00000000 ffffffff 00cf9a00 DPL=0 CS32 [-R-]
SS =0018 00000000 ffffffff 00cf9300 DPL=0 DS   [-WA]
DS =0018 00000000 ffffffff 00cf9300 DPL=0 DS   [-WA]
FS =0018 00000000 ffffffff 00cf9300 DPL=0 DS   [-WA]
GS =0018 00000000 ffffffff 00cf9300 DPL=0 DS   [-WA]
LDT=0000 00000000 0000ffff 00008200 DPL=0 LDT
TR =0000 00000000 0000ffff 00008b00 DPL=0 TSS32-busy
GDT=     000010b0 00000020
IDT=     001295e0 000007ff
CR0=00000011 CR2=00000000 CR3=00000000 CR4=00000000
DR0=00000000 DR1=00000000 DR2=00000000 DR3=00000000 
DR6=ffff0ff0 DR7=00000400
CCS=00000094 CCD=ffffffff CCO=EFLAGS
EFER=0000000000000000
Servicing hardware INT=0x20
   756: v=20 e=0000 i=0 cpl=0 IP=0010:001019b8 pc=001019b8 SP=0018:0012dd64 env->regs[R_EAX]=001d3960
EAX=001d3960 EBX=006e96c2 ECX=003029f4 EDX=fd0a5b6c
ESI=0012dd78 EDI=00000000 EBP=0012dd68 ESP=0012dd64
EIP=001019b8 EFL=00200216 [----AP-] CPL=0 II=0 A20=1 SMM=0 HLT=0
ES =0018 00000000 ffffffff 00cf9300 DPL=0 DS   [-WA]
CS =0010 00000000 ffffffff 00cf9a00 DPL=0 CS32 [-R-]
SS =0018 00000000 ffffffff 00cf9300 DPL=0 DS   [-WA]
DS =0018 00000000 ffffffff 00cf9300 DPL=0 DS   [-WA]
FS =0018 00000000 ffffffff 00cf9300 DPL=0 DS   [-WA]
GS =0018 00000000 ffffffff 00cf9300 DPL=0 DS   [-WA]
LDT=0000 00000000 0000ffff 00008200 DPL=0 LDT
TR =0000 00000000 0000ffff 00008b00 DPL=0 TSS32-busy
GDT=     000010b0 00000020
IDT=     001295e0 000007ff
CR0=00000011 CR2=00000000 CR3=00000000 CR4=00000000
DR0=00000000 DR1=00000000 DR2=00000000 DR3=00000000 
DR6=ffff0ff0 DR7=00000400
CCS=00000014 CCD=001d3960 CCO=EFLAGS
EFER=0000000000000000
Servicing hardware INT=0x20
   757: v=20 e=0000 i=0 cpl=0 IP=0010:00101196 pc=00101196 SP=0018:00103c44 env->regs[R_EAX]=000001ee
EAX=000001ee EBX=00103d28 ECX=000003e0 EDX=00007561
ESI=00102844 EDI=00000002 EBP=00103c54 ESP=00103c44
EIP=00101196 EFL=00000297 [--S-APC] CPL=0 II=0 A20=1 SMM=0 HLT=0
ES =0018 00000000 ffffffff 00cf9300 DPL=0 DS   [-WA]
CS =0010 00000000 ffffffff 00cf9a00 DPL=0 CS32 [-R-]
SS =0018 00000000 ffffffff 00cf9300 DPL=0 DS   [-WA]
DS =0018 00000000 ffffffff 00cf9300 DPL=0 DS   [-WA]
FS =0018 00000000 ffffffff 00cf9300 DPL=0 DS   [-WA]
GS =0018 00000000 ffffffff 00cf9300 DPL=0 DS   [-WA]
LDT=0000 00000000 0000ffff 00008200 DPL=0 LDT
TR =0000 00000000 0000ffff 00008b00 DPL=0 TSS32-busy
GDT=     000010b0 00000020
IDT=     001295e0 000007ff
CR0=00000011 CR2=00000000 CR3=00000000 CR4=00000000
DR0=00000000 DR1=00000000 DR2=00000000 DR3=00000000 
DR6=ffff0ff0 DR7=00000400
CCS=00000095 CCD=ffffffe8 CCO=EFLAGS
EFER=0000000000000000
Servicing hardware INT=0x20
   758: v=20 e=0000 i=0 cpl=0 IP=0010:00100994 pc=00100994 SP=0018:001048d4 env->regs[R_EAX]=0000001c
EAX=0000001c EBX=00000000 ECX=00001900 EDX=00102844
ESI=001027c0 EDI=00000000 EBP=001048e4 ESP=001048d4
EIP=00100994 EFL=00000296 [--S-AP-] CPL=0 II=0 A20=1 SMM=0 HLT=0
ES =0018 00000000 ffffffff 00cf9300 DPL=0 DS   [-WA]
CS =0010 00000000 ffffffff 00cf9a00 DPL=0 CS32 [-R-]
SS =0018 00000000 ffffffff 00cf9300 DPL=0 DS   [-WA]
DS =0018 00000000 ffffffff 00cf9300 DPL=0 DS   [-WA]
FS =0018 00000000 ffffffff 00cf9300 DPL=0 DS   [-WA]
GS =0018 00000000 ffffffff 00cf9300 DPL=0 DS   [-WA]
LDT=0000 00000000 0000ffff 00008200 DPL=0 LDT
TR =0000 00000000 0000ffff 00008b00 DPL=0 TSS32-busy
GDT=     000010b0 00000020
IDT=     001295e0 000007ff
CR0=00000011 CR2=00000000 CR3=00000000 CR4=00000000
DR0=00000000 DR1=00000000 DR2=00000000 DR3=00000000 
DR6=ffff0ff0 DR7=00000400
CCS=00000094 CCD=ffffffff CCO=EFLAGS
EFER=0000000000000000
Servicing hardware INT=0x20
   759: v=20 e=0000 i=0 cpl=0 IP=0010:00101c44 pc=00101c44 SP=0018:0012dd20 env->regs[R_EAX]=00102844
EAX=00102844 EBX=00010000 ECX=00075300 EDX=00062bae
ESI=0012ddf4 EDI=00000000 EBP=0012dd68 ESP=0012dd20
EIP=00101c44 EFL=00200203 [------C] CPL=0 II=0 A20=1 SMM=0 HLT=0
ES =0018 00000000 ffffffff 00cf9300 DPL=0 DS   [-WA]
CS =0010 00000000 ffffffff 00cf9a00 DPL=0 CS32 [-R-]
SS =0018 00000000 ffffffff 00cf9300 DPL=0 DS   [-WA]
DS =0018 00000000 ffffffff 00cf9300 DPL=0 DS   [-WA]
FS =0018 00000000 ffffffff 00cf9300 DPL=0 DS   [-WA]
GS =0018 00000000 ffffffff 00cf9300 DPL=0 DS   [-WA]
LDT=0000 00000000 0000ffff 00008200 DPL=0 LDT
TR =0000 00000000 0000ffff 00008b00 DPL=0 TSS32-busy
GDT=     000010b0 00000020
IDT=     001295e0 000007ff
CR0=00000011 CR2=00000000 CR3=00000000 CR4=00000000
DR0=00000000 DR1=00000000 DR2=00000000 DR3=00000000 
DR6=ffff0ff0 DR7=00000400
CCS=00000001 CCD=00062bae CCO=EFLAGS
EFER=0000000000000000
Servicing hardware INT=0x20
   760: v=20 e=0000 i=0 cpl=0 IP=0010:00101196 pc=00101196 SP=0018:00103c44 env->regs[R_EAX]=00000138
EAX=00000138 EBX=00103d28 ECX=00000280 EDX=00005366
ESI=00102844 EDI=00000008 EBP=00103c54 ESP=00103c44
EIP=00101196 EFL=00000297 [--S-APC] CPL=0 II=0 A20=1 SMM=0 HLT=0
ES =0018 00000000 ffffffff 00cf9300 DPL=0 DS   [-WA]
CS =0010 00000000 ffffffff 00cf9a00 DPL=0 CS32 [-R-]
SS =0018 00000000 ffffffff 00cf9300 DPL=0 DS   [-WA]
DS =0018 00000000 ffffffff 00cf9300 DPL=0 DS   [-WA]
FS =0018 00000000 ffffffff 00cf9300 DPL=0 DS   [-WA]
GS =0018 00000000 ffffffff 00cf9300 DPL=0 DS   [-WA]
LDT=0000 00000000 0000ffff 00008200 DPL=0 LDT
TR =0000 00000000 0000ffff 00008b00 DPL=0 TSS32-busy
GDT=     000010b0 00000020
IDT=     001295e0 000007ff
CR0=00000011 CR2=00000000 CR3=00000000 CR4=00000000
DR0=00000000 DR1=00000000 DR2=00000000 DR3=00000000 
DR6=ffff0ff0 DR7=00000400
CCS=00000095 CCD=ffffffee CCO=EFLAGS
EFER=0000000000000000
Servicing hardware INT=0x20
   761: v=20 e=0000 i=0 cpl=0 IP=0010:00100994 pc=00100994 SP=0018:001048d4 env->regs[R_EAX]=0000001c
EAX=0000001c EBX=00000000 ECX=00001900 EDX=00102844
ESI=001027c0 EDI=00000000 EBP=001048e4 ESP=001048d4
EIP=00100994 EFL=00000296 [--S-AP-] CPL=0 II=0 A20=1 SMM=0 HLT=0
ES =0018 00000000 ffffffff 00cf9300 DPL=0 DS   [-WA]
CS =0010 00000000 ffffffff 00cf9a00 DPL=0 CS32 [-R-]
SS =0018 00000000 ffffffff 00cf9300 DPL=0 DS   [-WA]
DS =0018 00000000 ffffffff 00cf9300 DPL=0 DS   [-WA]
FS =0018 00000000 ffffffff 00cf9300 DPL=0 DS   [-WA]
GS =0018 00000000 ffffffff 00cf9300 DPL=0 DS   [-WA]
LDT=0000 00000000 0000ffff 00008200 DPL=0 LDT
TR =0000 00000000 0000ffff 00008b00 DPL=0 TSS32-busy
GDT=     000010b0 00000020
IDT=     001295e0 000007ff
CR0=00000011 CR2=00000000 CR3=00000000 CR4=00000000
DR0=00000000 DR1=00000000 DR2=00000000 DR3=00000000 
DR6=ffff0ff0 DR7=00000400
CCS=00000094 CCD=ffffffff CCO=EFLAGS
EFER=0000000000000000
Servicing hardware INT=0x20
   762: v=20 e=0000 i=0 cpl=0 IP=0010:001019bc pc=001019bc SP=0018:0012dd64 env->regs[R_EAX]=001a5a64
EAX=001a5a64 EBX=007f7f7f ECX=003029f4 EDX=fd077c70
ESI=0012dd78 EDI=00000000 EBP=0012dd68 ESP=0012dd64
EIP=001019bc EFL=00200283 [--S---C] CPL=0 II=0 A20=1 SMM=0 HLT=0
ES =0018 00000000 ffffffff 00cf9300 DPL=0 DS   [-WA]
CS =0010 00000000 ffffffff 00cf9a00 DPL=0 CS32 [-R-]
SS =0018 00000000 ffffffff 00cf9300 DPL=0 DS   [-WA]
DS =0018 00000000 ffffffff 00cf9300 DPL=0 DS   [-WA]
FS =0018 00000000 ffffffff 00cf9300 DPL=0 DS   [-WA]
GS =0018 00000000 ffffffff 00cf9300 DPL=0 DS   [-WA]
LDT=0000 00000000 0000ffff 00008200 DPL=0 LDT
TR =0000 00000000 0000ffff 00008b00 DPL=0 TSS32-busy
GDT=     000010b0 00000020
IDT=     001295e0 000007ff
CR0=00000011 CR2=00000000 CR3=00000000 CR4=00000000
DR0=00000000 DR1=00000000 DR2=00000000 DR3=00000000 
DR6=ffff0ff0 DR7=00000400
CCS=00000081 CCD=ffea3070 CCO=EFLAGS
EFER=0000000000000000
Servicing hardware INT=0x20
   763: v=20 e=0000 i=0 cpl=0 IP=0010:00101196 pc=00101196 SP=0018:00103c44 env->regs[R_EAX]=00000034
EAX=00000034 EBX=00103d28 ECX=0000006a EDX=00008162
ESI=00102844 EDI=00000001 EBP=00103c54 ESP=00103c44
EIP=00101196 EFL=00000297 [--S-APC] CPL=0 II=0 A20=1 SMM=0 HLT=0
ES =0018 00000000 ffffffff 00cf9300 DPL=0 DS   [-WA]
CS =0010 00000000 ffffffff 00cf9a00 DPL=0 CS32 [-R-]
SS =0018 00000000 ffffffff 00cf9300 DPL=0 DS   [-WA]
DS =0018 00000000 ffffffff 00cf9300 DPL=0 DS   [-WA]
FS =0018 00000000 ffffffff 00cf9300 DPL=0 DS   [-WA]
GS =0018 00000000 ffffffff 00cf9300 DPL=0 DS   [-WA]
LDT=0000 00000000 0000ffff 00008200 DPL=0 LDT
TR =0000 00000000 0000ffff 00008b00 DPL=0 TSS32-busy
GDT=     000010b0 00000020
IDT=     001295e0 000007ff
CR0=00000011 CR2=00000000 CR3=00000000 CR4=00000000
DR0=00000000 DR1=00000000 DR2=00000000 DR3=00000000 
DR6=ffff0ff0 DR7=00000400
CCS=00000095 CCD=ffffffe7 CCO=EFLAGS
EFER=0000000000000000
Servicing hardware INT=0x20
   764: v=20 e=0000 i=0 cpl=0 IP=0010:00100994 pc=00100994 SP=0018:001048d4 env->regs[R_EAX]=0000001c
EAX=0000001c EBX=00000000 ECX=00001900 EDX=00102844
ESI=001027c0 EDI=00000000 EBP=001048e4 ESP=001048d4
EIP=00100994 EFL=00000296 [--S-AP-] CPL=0 II=0 A20=1 SMM=0 HLT=0
ES =0018 00000000 ffffffff 00cf9300 DPL=0 DS   [-WA]
CS =0010 00000000 ffffffff 00cf9a00 DPL=0 CS32 [-R-]
SS =0018 00000000 ffffffff 00cf9300 DPL=0 DS   [-WA]
DS =0018 00000000 ffffffff 00cf9300 DPL=0 DS   [-WA]
FS =0018 00000000 ffffffff 00cf9300 DPL=0 DS   [-WA]
GS =0018 00000000 ffffffff 00cf9300 DPL=0 DS   [-WA]
LDT=0000 00000000 0000ffff 00008200 DPL=0 LDT
TR =0000 00000000 0000ffff 00008b00 DPL=0 TSS32-busy
GDT=     000010b0 00000020
IDT=     001295e0 000007ff
CR0=00000011 CR2=00000000 CR3=00000000 CR4=00000000
DR0=00000000 DR1=00000000 DR2=00000000 DR3=00000000 
DR6=ffff0ff0 DR7=00000400
CCS=00000094 CCD=ffffffff CCO=EFLAGS
EFER=0000000000000000
Servicing hardware INT=0x20
   765: v=20 e=0000 i=0 cpl=0 IP=0010:00101c44 pc=00101c44 SP=0018:0012dd20 env->regs[R_EAX]=00102844
EAX=00102844 EBX=00010000 ECX=00075300 EDX=0003da66
ESI=0012ddf4 EDI=00000000 EBP=0012dd68 ESP=0012dd20
EIP=00101c44 EFL=00200207 [-----PC] CPL=0 II=0 A20=1 SMM=0 HLT=0
ES =0018 00000000 ffffffff 00cf9300 DPL=0 DS   [-WA]
CS =0010 00000000 ffffffff 00cf9a00 DPL=0 CS32 [-R-]
SS =0018 00000000 ffffffff 00cf9300 DPL=0 DS   [-WA]
DS =0018 00000000 ffffffff 00cf9300 DPL=0 DS   [-WA]
FS =0018 00000000 ffffffff 00cf9300 DPL=0 DS   [-WA]
GS =0018 00000000 ffffffff 00cf9300 DPL=0 DS   [-WA]
LDT=0000 00000000 0000ffff 00008200 DPL=0 LDT
TR =0000 00000000 0000ffff 00008b00 DPL=0 TSS32-busy
GDT=     000010b0 00000020
IDT=     001295e0 000007ff
CR0=00000011 CR2=00000000 CR3=00000000 CR4=00000000
DR0=00000000 DR1=00000000 DR2=00000000 DR3=00000000 
DR6=ffff0ff0 DR7=00000400
CCS=00000005 CCD=0003da66 CCO=EFLAGS
EFER=0000000000000000
Servicing hardware INT=0x20
   766: v=20 e=0000 i=0 cpl=0 IP=0010:00101196 pc=00101196 SP=0018:00103c44 env->regs[R_EAX]=00000186
EAX=00000186 EBX=00103d28 ECX=00000322 EDX=0000c572
ESI=00102844 EDI=0000000b EBP=00103c54 ESP=00103c44
EIP=00101196 EFL=00000283 [--S---C] CPL=0 II=0 A20=1 SMM=0 HLT=0
ES =0018 00000000 ffffffff 00cf9300 DPL=0 DS   [-WA]
CS =0010 00000000 ffffffff 00cf9a00 DPL=0 CS32 [-R-]
SS =0018 00000000 ffffffff 00cf9300 DPL=0 DS   [-WA]
DS =0018 00000000 ffffffff 00cf9300 DPL=0 DS   [-WA]
FS =0018 00000000 ffffffff 00cf9300 DPL=0 DS   [-WA]
GS =0018 00000000 ffffffff 00cf9300 DPL=0 DS   [-WA]
LDT=0000 00000000 0000ffff 00008200 DPL=0 LDT
TR =0000 00000000 0000ffff 00008b00 DPL=0 TSS32-busy
GDT=     000010b0 00000020
IDT=     001295e0 000007ff
CR0=00000011 CR2=00000000 CR3=00000000 CR4=00000000
DR0=00000000 DR1=00000000 DR2=00000000 DR3=00000000 
DR6=ffff0ff0 DR7=00000400
CCS=00000081 CCD=fffffff1 CCO=EFLAGS
EFER=0000000000000000
Servicing hardware INT=0x20
   767: v=20 e=0000 i=0 cpl=0 IP=0010:00100994 pc=00100994 SP=0018:001048d4 env->regs[R_EAX]=0000001c
EAX=0000001c EBX=00000000 ECX=00001900 EDX=00102844
ESI=001027c0 EDI=00000000 EBP=001048e4 ESP=001048d4
EIP=00100994 EFL=00000296 [--S-AP-] CPL=0 II=0 A20=1 SMM=0 HLT=0
ES =0018 00000000 ffffffff 00cf9300 DPL=0 DS   [-WA]
CS =0010 00000000 ffffffff 00cf9a00 DPL=0 CS32 [-R-]
SS =0018 00000000 ffffffff 00cf9300 DPL=0 DS   [-WA]
DS =0018 00000000 ffffffff 00cf9300 DPL=0 DS   [-WA]
FS =0018 00000000 ffffffff 00cf9300 DPL=0 DS   [-WA]
GS =0018 00000000 ffffffff 00cf9300 DPL=0 DS   [-WA]
LDT=0000 00000000 0000ffff 00008200 DPL=0 LDT
TR =0000 00000000 0000ffff 00008b00 DPL=0 TSS32-busy
GDT=     000010b0 00000020
IDT=     001295e0 000007ff
CR0=00000011 CR2=00000000 CR3=00000000 CR4=00000000
DR0=00000000 DR1=00000000 DR2=00000000 DR3=00000000 
DR6=ffff0ff0 DR7=00000400
CCS=00000094 CCD=ffffffff CCO=EFLAGS
EFER=0000000000000000
Servicing hardware INT=0x20
   768: v=20 e=0000 i=0 cpl=0 IP=0010:00101146 pc=00101146 SP=0018:0012dcec env->regs[R_EAX]=00180b14
EAX=00180b14 EBX=00000049 ECX=0074b2ed EDX=000000e0
ESI=00000062 EDI=000000b0 EBP=0012dd04 ESP=0012dcec
EIP=00101146 EFL=00200212 [----A--] CPL=0 II=0 A20=1 SMM=0 HLT=0
ES =0018 00000000 ffffffff 00cf9300 DPL=0 DS   [-WA]
CS =0010 00000000 ffffffff 00cf9a00 DPL=0 CS32 [-R-]
SS =0018 00000000 ffffffff 00cf9300 DPL=0 DS   [-WA]
DS =0018 00000000 ffffffff 00cf9300 DPL=0 DS   [-WA]
FS =0018 00000000 ffffffff 00cf9300 DPL=0 DS   [-WA]
GS =0018 00000000 ffffffff 00cf9300 DPL=0 DS   [-WA]
LDT=0000 00000000 0000ffff 00008200 DPL=0 LDT
TR =0000 00000000 0000ffff 00008b00 DPL=0 TSS32-busy
GDT=     000010b0 00000020
IDT=     001295e0 000007ff
CR0=00000011 CR2=00000000 CR3=00000000 CR4=00000000
DR0=00000000 DR1=00000000 DR2=00000000 DR3=00000000 
DR6=ffff0ff0 DR7=00000400
CCS=00000010 CCD=00000097 CCO=EFLAGS
EFER=0000000000000000
Servicing hardware INT=0x20
   769: v=20 e=0000 i=0 cpl=0 IP=0010:00101196 pc=00101196 SP=0018:00103c44 env->regs[R_EAX]=000001a0
EAX=000001a0 EBX=00103d28 ECX=00000342 EDX=00003166
ESI=00102844 EDI=00000001 EBP=00103c54 ESP=00103c44
EIP=00101196 EFL=00000297 [--S-APC] CPL=0 II=0 A20=1 SMM=0 HLT=0
ES =0018 00000000 ffffffff 00cf9300 DPL=0 DS   [-WA]
CS =0010 00000000 ffffffff 00cf9a00 DPL=0 CS32 [-R-]
SS =0018 00000000 ffffffff 00cf9300 DPL=0 DS   [-WA]
DS =0018 00000000 ffffffff 00cf9300 DPL=0 DS   [-WA]
FS =0018 00000000 ffffffff 00cf9300 DPL=0 DS   [-WA]
GS =0018 00000000 ffffffff 00cf9300 DPL=0 DS   [-WA]
LDT=0000 00000000 0000ffff 00008200 DPL=0 LDT
TR =0000 00000000 0000ffff 00008b00 DPL=0 TSS32-busy
GDT=     000010b0 00000020
IDT=     001295e0 000007ff
CR0=00000011 CR2=00000000 CR3=00000000 CR4=00000000
DR0=00000000 DR1=00000000 DR2=00000000 DR3=00000000 
DR6=ffff0ff0 DR7=00000400
CCS=00000095 CCD=ffffffe7 CCO=EFLAGS
EFER=0000000000000000
Servicing hardware INT=0x20
   770: v=20 e=0000 i=0 cpl=0 IP=0010:00100994 pc=00100994 SP=0018:001048d4 env->regs[R_EAX]=0000001c
EAX=0000001c EBX=00000000 ECX=00001900 EDX=00102844
ESI=001027c0 EDI=00000000 EBP=001048e4 ESP=001048d4
EIP=00100994 EFL=00000296 [--S-AP-] CPL=0 II=0 A20=1 SMM=0 HLT=0
ES =0018 00000000 ffffffff 00cf9300 DPL=0 DS   [-WA]
CS =0010 00000000 ffffffff 00cf9a00 DPL=0 CS32 [-R-]
SS =0018 00000000 ffffffff 00cf9300 DPL=0 DS   [-WA]
DS =0018 00000000 ffffffff 00cf9300 DPL=0 DS   [-WA]
FS =0018 00000000 ffffffff 00cf9300 DPL=0 DS   [-WA]
GS =0018 00000000 ffffffff 00cf9300 DPL=0 DS   [-WA]
LDT=0000 00000000 0000ffff 00008200 DPL=0 LDT
TR =0000 00000000 0000ffff 00008b00 DPL=0 TSS32-busy
GDT=     000010b0 00000020
IDT=     001295e0 000007ff
CR0=00000011 CR2=00000000 CR3=00000000 CR4=00000000
DR0=00000000 DR1=00000000 DR2=00000000 DR3=00000000 
DR6=ffff0ff0 DR7=00000400
CCS=00000094 CCD=ffffffff CCO=EFLAGS
EFER=0000000000000000
Servicing hardware INT=0x20
   771: v=20 e=0000 i=0 cpl=0 IP=0010:001019b8 pc=001019b8 SP=0018:0012dd64 env->regs[R_EAX]=002f38e4
EAX=002f38e4 EBX=006e96c2 ECX=003029f4 EDX=fd1c5af0
ESI=0012dd78 EDI=00000000 EBP=0012dd68 ESP=0012dd64
EIP=001019b8 EFL=00200206 [-----P-] CPL=0 II=0 A20=1 SMM=0 HLT=0
ES =0018 00000000 ffffffff 00cf9300 DPL=0 DS   [-WA]
CS =0010 00000000 ffffffff 00cf9a00 DPL=0 CS32 [-R-]
SS =0018 00000000 ffffffff 00cf9300 DPL=0 DS   [-WA]
DS =0018 00000000 ffffffff 00cf9300 DPL=0 DS   [-WA]
FS =0018 00000000 ffffffff 00cf9300 DPL=0 DS   [-WA]
GS =0018 00000000 ffffffff 00cf9300 DPL=0 DS   [-WA]
LDT=0000 00000000 0000ffff 00008200 DPL=0 LDT
TR =0000 00000000 0000ffff 00008b00 DPL=0 TSS32-busy
GDT=     000010b0 00000020
IDT=     001295e0 000007ff
CR0=00000011 CR2=00000000 CR3=00000000 CR4=00000000
DR0=00000000 DR1=00000000 DR2=00000000 DR3=00000000 
DR6=ffff0ff0 DR7=00000400
CCS=00000004 CCD=002f38e4 CCO=EFLAGS
EFER=0000000000000000
Servicing hardware INT=0x20
   772: v=20 e=0000 i=0 cpl=0 IP=0010:001012c2 pc=001012c2 SP=0018:00103c5c env->regs[R_EAX]=00000007
EAX=00000007 EBX=001034e8 ECX=00001050 EDX=00002320
ESI=00102880 EDI=00000020 EBP=00103c94 ESP=00103c5c
EIP=001012c2 EFL=00000297 [--S-APC] CPL=0 II=0 A20=1 SMM=0 HLT=0
ES =0018 00000000 ffffffff 00cf9300 DPL=0 DS   [-WA]
CS =0010 00000000 ffffffff 00cf9a00 DPL=0 CS32 [-R-]
SS =0018 00000000 ffffffff 00cf9300 DPL=0 DS   [-WA]
DS =0018 00000000 ffffffff 00cf9300 DPL=0 DS   [-WA]
FS =0018 00000000 ffffffff 00cf9300 DPL=0 DS   [-WA]
GS =0018 00000000 ffffffff 00cf9300 DPL=0 DS   [-WA]
LDT=0000 00000000 0000ffff 00008200 DPL=0 LDT
TR =0000 00000000 0000ffff 00008b00 DPL=0 TSS32-busy
GDT=     000010b0 00000020
IDT=     001295e0 000007ff
CR0=00000011 CR2=00000000 CR3=00000000 CR4=00000000
DR0=00000000 DR1=00000000 DR2=00000000 DR3=00000000 
DR6=ffff0ff0 DR7=00000400
CCS=00000095 CCD=ffffffee CCO=EFLAGS
EFER=0000000000000000
Servicing hardware INT=0x20
   773: v=20 e=0000 i=0 cpl=0 IP=0010:00100994 pc=00100994 SP=0018:001048d4 env->regs[R_EAX]=0000001c
EAX=0000001c EBX=00000000 ECX=00001900 EDX=00102844
ESI=001027c0 EDI=00000000 EBP=001048e4 ESP=001048d4
EIP=00100994 EFL=00000296 [--S-AP-] CPL=0 II=0 A20=1 SMM=0 HLT=0
ES =0018 00000000 ffffffff 00cf9300 DPL=0 DS   [-WA]
CS =0010 00000000 ffffffff 00cf9a00 DPL=0 CS32 [-R-]
SS =0018 00000000 ffffffff 00cf9300 DPL=0 DS   [-WA]
DS =0018 00000000 ffffffff 00cf9300 DPL=0 DS   [-WA]
FS =0018 00000000 ffffffff 00cf9300 DPL=0 DS   [-WA]
GS =0018 00000000 ffffffff 00cf9300 DPL=0 DS   [-WA]
LDT=0000 00000000 0000ffff 00008200 DPL=0 LDT
TR =0000 00000000 0000ffff 00008b00 DPL=0 TSS32-busy
GDT=     000010b0 00000020
IDT=     001295e0 000007ff
CR0=00000011 CR2=00000000 CR3=00000000 CR4=00000000
DR0=00000000 DR1=00000000 DR2=00000000 DR3=00000000 
DR6=ffff0ff0 DR7=00000400
CCS=00000094 CCD=ffffffff CCO=EFLAGS
EFER=0000000000000000
Servicing hardware INT=0x20
   774: v=20 e=0000 i=0 cpl=0 IP=0010:00101c7d pc=00101c7d SP=0018:0012dd20 env->regs[R_EAX]=00102844
EAX=00102844 EBX=00010000 ECX=000b8000 EDX=00000e6f
ESI=00000000 EDI=00000000 EBP=0012dd68 ESP=0012dd20
EIP=00101c7d EFL=00200283 [--S---C] CPL=0 II=0 A20=1 SMM=0 HLT=0
ES =0018 00000000 ffffffff 00cf9300 DPL=0 DS   [-WA]
CS =0010 00000000 ffffffff 00cf9a00 DPL=0 CS32 [-R-]
SS =0018 00000000 ffffffff 00cf9300 DPL=0 DS   [-WA]
DS =0018 00000000 ffffffff 00cf9300 DPL=0 DS   [-WA]
FS =0018 00000000 ffffffff 00cf9300 DPL=0 DS   [-WA]
GS =0018 00000000 ffffffff 00cf9300 DPL=0 DS   [-WA]
LDT=0000 00000000 0000ffff 00008200 DPL=0 LDT
TR =0000 00000000 0000ffff 00008b00 DPL=0 TSS32-busy
GDT=     000010b0 00000020
IDT=     001295e0 000007ff
CR0=00000011 CR2=00000000 CR3=00000000 CR4=00000000
DR0=00000000 DR1=00000000 DR2=00000000 DR3=00000000 
DR6=ffff0ff0 DR7=00000400
CCS=00000081 CCD=fffffece CCO=EFLAGS
EFER=0000000000000000
Servicing hardware INT=0x20
   775: v=20 e=0000 i=0 cpl=0 IP=0010:00101196 pc=00101196 SP=0018:00103c44 env->regs[R_EAX]=0000009c
EAX=0000009c EBX=00103d28 ECX=00000162 EDX=00003f61
ESI=00102844 EDI=00000015 EBP=00103c54 ESP=00103c44
EIP=00101196 EFL=00000293 [--S-A-C] CPL=0 II=0 A20=1 SMM=0 HLT=0
ES =0018 00000000 ffffffff 00cf9300 DPL=0 DS   [-WA]
CS =0010 00000000 ffffffff 00cf9a00 DPL=0 CS32 [-R-]
SS =0018 00000000 ffffffff 00cf9300 DPL=0 DS   [-WA]
DS =0018 00000000 ffffffff 00cf9300 DPL=0 DS   [-WA]
FS =0018 00000000 ffffffff 00cf9300 DPL=0 DS   [-WA]
GS =0018 00000000 ffffffff 00cf9300 DPL=0 DS   [-WA]
LDT=0000 00000000 0000ffff 00008200 DPL=0 LDT
TR =0000 00000000 0000ffff 00008b00 DPL=0 TSS32-busy
GDT=     000010b0 00000020
IDT=     001295e0 000007ff
CR0=00000011 CR2=00000000 CR3=00000000 CR4=00000000
DR0=00000000 DR1=00000000 DR2=00000000 DR3=00000000 
DR6=ffff0ff0 DR7=00000400
CCS=00000091 CCD=fffffffb CCO=EFLAGS
EFER=0000000000000000
Servicing hardware INT=0x20
   776: v=20 e=0000 i=0 cpl=0 IP=0010:00100994 pc=00100994 SP=0018:001048d4 env->regs[R_EAX]=0000001c
EAX=0000001c EBX=00000000 ECX=00001900 EDX=00102844
ESI=001027c0 EDI=00000000 EBP=001048e4 ESP=001048d4
EIP=00100994 EFL=00000296 [--S-AP-] CPL=0 II=0 A20=1 SMM=0 HLT=0
ES =0018 00000000 ffffffff 00cf9300 DPL=0 DS   [-WA]
CS =0010 00000000 ffffffff 00cf9a00 DPL=0 CS32 [-R-]
SS =0018 00000000 ffffffff 00cf9300 DPL=0 DS   [-WA]
DS =0018 00000000 ffffffff 00cf9300 DPL=0 DS   [-WA]
FS =0018 00000000 ffffffff 00cf9300 DPL=0 DS   [-WA]
GS =0018 00000000 ffffffff 00cf9300 DPL=0 DS   [-WA]
LDT=0000 00000000 0000ffff 00008200 DPL=0 LDT
TR =0000 00000000 0000ffff 00008b00 DPL=0 TSS32-busy
GDT=     000010b0 00000020
IDT=     001295e0 000007ff
CR0=00000011 CR2=00000000 CR3=00000000 CR4=00000000
DR0=00000000 DR1=00000000 DR2=00000000 DR3=00000000 
DR6=ffff0ff0 DR7=00000400
CCS=00000094 CCD=ffffffff CCO=EFLAGS
EFER=0000000000000000
Servicing hardware INT=0x20
   777: v=20 e=0000 i=0 cpl=0 IP=0010:001016cf pc=001016cf SP=0018:0012dc9c env->regs[R_EAX]=00004098
EAX=00004098 EBX=00000320 ECX=00000003 EDX=00000004
ESI=00000010 EDI=0013e054 EBP=0012dcc8 ESP=0012dc9c
EIP=001016cf EFL=00200202 [-------] CPL=0 II=0 A20=1 SMM=0 HLT=0
ES =0018 00000000 ffffffff 00cf9300 DPL=0 DS   [-WA]
CS =0010 00000000 ffffffff 00cf9a00 DPL=0 CS32 [-R-]
SS =0018 00000000 ffffffff 00cf9300 DPL=0 DS   [-WA]
DS =0018 00000000 ffffffff 00cf9300 DPL=0 DS   [-WA]
FS =0018 00000000 ffffffff 00cf9300 DPL=0 DS   [-WA]
GS =0018 00000000 ffffffff 00cf9300 DPL=0 DS   [-WA]
LDT=0000 00000000 0000ffff 00008200 DPL=0 LDT
TR =0000 00000000 0000ffff 00008b00 DPL=0 TSS32-busy
GDT=     000010b0 00000020
IDT=     001295e0 000007ff
CR0=00000011 CR2=00000000 CR3=00000000 CR4=00000000
DR0=00000000 DR1=00000000 DR2=00000000 DR3=00000000 
DR6=ffff0ff0 DR7=00000400
CCS=00000000 CCD=00000010 CCO=EFLAGS
EFER=0000000000000000
Servicing hardware INT=0x20
   778: v=20 e=0000 i=0 cpl=0 IP=0010:00101304 pc=00101304 SP=0018:00103c9c env->regs[R_EAX]=00000014
EAX=00000014 EBX=00100070 ECX=0000106a EDX=0000bb66
ESI=0010006f EDI=00000000 EBP=00103cb4 ESP=00103c9c
EIP=00101304 EFL=00000246 [---Z-P-] CPL=0 II=0 A20=1 SMM=0 HLT=0
ES =0018 00000000 ffffffff 00cf9300 DPL=0 DS   [-WA]
CS =0010 00000000 ffffffff 00cf9a00 DPL=0 CS32 [-R-]
SS =0018 00000000 ffffffff 00cf9300 DPL=0 DS   [-WA]
DS =0018 00000000 ffffffff 00cf9300 DPL=0 DS   [-WA]
FS =0018 00000000 ffffffff 00cf9300 DPL=0 DS   [-WA]
GS =0018 00000000 ffffffff 00cf9300 DPL=0 DS   [-WA]
LDT=0000 00000000 0000ffff 00008200 DPL=0 LDT
TR =0000 00000000 0000ffff 00008b00 DPL=0 TSS32-busy
GDT=     000010b0 00000020
IDT=     001295e0 000007ff
CR0=00000011 CR2=00000000 CR3=00000000 CR4=00000000
DR0=00000000 DR1=00000000 DR2=00000000 DR3=00000000 
DR6=ffff0ff0 DR7=00000400
CCS=00000044 CCD=00000000 CCO=EFLAGS
EFER=0000000000000000
Servicing hardware INT=0x20
   779: v=20 e=0000 i=0 cpl=0 IP=0010:00100994 pc=00100994 SP=0018:001048d4 env->regs[R_EAX]=0000001c
EAX=0000001c EBX=00000000 ECX=00001900 EDX=00102844
ESI=001027c0 EDI=00000000 EBP=001048e4 ESP=001048d4
EIP=00100994 EFL=00000296 [--S-AP-] CPL=0 II=0 A20=1 SMM=0 HLT=0
ES =0018 00000000 ffffffff 00cf9300 DPL=0 DS   [-WA]
CS =0010 00000000 ffffffff 00cf9a00 DPL=0 CS32 [-R-]
SS =0018 00000000 ffffffff 00cf9300 DPL=0 DS   [-WA]
DS =0018 00000000 ffffffff 00cf9300 DPL=0 DS   [-WA]
FS =0018 00000000 ffffffff 00cf9300 DPL=0 DS   [-WA]
GS =0018 00000000 ffffffff 00cf9300 DPL=0 DS   [-WA]
LDT=0000 00000000 0000ffff 00008200 DPL=0 LDT
TR =0000 00000000 0000ffff 00008b00 DPL=0 TSS32-busy
GDT=     000010b0 00000020
IDT=     001295e0 000007ff
CR0=00000011 CR2=00000000 CR3=00000000 CR4=00000000
DR0=00000000 DR1=00000000 DR2=00000000 DR3=00000000 
DR6=ffff0ff0 DR7=00000400
CCS=00000094 CCD=ffffffff CCO=EFLAGS
EFER=0000000000000000
Servicing hardware INT=0x20
   780: v=20 e=0000 i=0 cpl=0 IP=0010:00101c4f pc=00101c4f SP=0018:0012dd20 env->regs[R_EAX]=00102844
EAX=00102844 EBX=00010000 ECX=00075300 EDX=000246d5
ESI=0012ddf4 EDI=00000000 EBP=0012dd68 ESP=0012dd20
EIP=00101c4f EFL=00200283 [--S---C] CPL=0 II=0 A20=1 SMM=0 HLT=0
ES =0018 00000000 ffffffff 00cf9300 DPL=0 DS   [-WA]
CS =0010 00000000 ffffffff 00cf9a00 DPL=0 CS32 [-R-]
SS =0018 00000000 ffffffff 00cf9300 DPL=0 DS   [-WA]
DS =0018 00000000 ffffffff 00cf9300 DPL=0 DS   [-WA]
FS =0018 00000000 ffffffff 00cf9300 DPL=0 DS   [-WA]
GS =0018 00000000 ffffffff 00cf9300 DPL=0 DS   [-WA]
LDT=0000 00000000 0000ffff 00008200 DPL=0 LDT
TR =0000 00000000 0000ffff 00008b00 DPL=0 TSS32-busy
GDT=     000010b0 00000020
IDT=     001295e0 000007ff
CR0=00000011 CR2=00000000 CR3=00000000 CR4=00000000
DR0=00000000 DR1=00000000 DR2=00000000 DR3=00000000 
DR6=ffff0ff0 DR7=00000400
CCS=00000081 CCD=fffaf3d5 CCO=EFLAGS
EFER=0000000000000000
Servicing hardware INT=0x20
   781: v=20 e=0000 i=0 cpl=0 IP=0010:00101304 pc=00101304 SP=0018:00103c9c env->regs[R_EAX]=0000000d
EAX=0000000d EBX=00100075 ECX=0000105c EDX=00000361
ESI=0010006f EDI=00000000 EBP=00103cb4 ESP=00103c9c
EIP=00101304 EFL=00000246 [---Z-P-] CPL=0 II=0 A20=1 SMM=0 HLT=0
ES =0018 00000000 ffffffff 00cf9300 DPL=0 DS   [-WA]
CS =0010 00000000 ffffffff 00cf9a00 DPL=0 CS32 [-R-]
SS =0018 00000000 ffffffff 00cf9300 DPL=0 DS   [-WA]
DS =0018 00000000 ffffffff 00cf9300 DPL=0 DS   [-WA]
FS =0018 00000000 ffffffff 00cf9300 DPL=0 DS   [-WA]
GS =0018 00000000 ffffffff 00cf9300 DPL=0 DS   [-WA]
LDT=0000 00000000 0000ffff 00008200 DPL=0 LDT
TR =0000 00000000 0000ffff 00008b00 DPL=0 TSS32-busy
GDT=     000010b0 00000020
IDT=     001295e0 000007ff
CR0=00000011 CR2=00000000 CR3=00000000 CR4=00000000
DR0=00000000 DR1=00000000 DR2=00000000 DR3=00000000 
DR6=ffff0ff0 DR7=00000400
CCS=00000044 CCD=00000000 CCO=EFLAGS
EFER=0000000000000000
Servicing hardware INT=0x20
   782: v=20 e=0000 i=0 cpl=0 IP=0010:00100994 pc=00100994 SP=0018:001048d4 env->regs[R_EAX]=0000001c
EAX=0000001c EBX=00000000 ECX=00001900 EDX=00102844
ESI=001027c0 EDI=00000000 EBP=001048e4 ESP=001048d4
EIP=00100994 EFL=00000296 [--S-AP-] CPL=0 II=0 A20=1 SMM=0 HLT=0
ES =0018 00000000 ffffffff 00cf9300 DPL=0 DS   [-WA]
CS =0010 00000000 ffffffff 00cf9a00 DPL=0 CS32 [-R-]
SS =0018 00000000 ffffffff 00cf9300 DPL=0 DS   [-WA]
DS =0018 00000000 ffffffff 00cf9300 DPL=0 DS   [-WA]
FS =0018 00000000 ffffffff 00cf9300 DPL=0 DS   [-WA]
GS =0018 00000000 ffffffff 00cf9300 DPL=0 DS   [-WA]
LDT=0000 00000000 0000ffff 00008200 DPL=0 LDT
TR =0000 00000000 0000ffff 00008b00 DPL=0 TSS32-busy
GDT=     000010b0 00000020
IDT=     001295e0 000007ff
CR0=00000011 CR2=00000000 CR3=00000000 CR4=00000000
DR0=00000000 DR1=00000000 DR2=00000000 DR3=00000000 
DR6=ffff0ff0 DR7=00000400
CCS=00000094 CCD=ffffffff CCO=EFLAGS
EFER=0000000000000000
Servicing hardware INT=0x20
   783: v=20 e=0000 i=0 cpl=0 IP=0010:00101d5f pc=00101d5f SP=0018:0012dd10 env->regs[R_EAX]=0001c298
EAX=0001c298 EBX=00000000 ECX=00000008 EDX=00000008
ESI=00000186 EDI=00102b8c EBP=0012dd68 ESP=0012dd10
EIP=00101d5f EFL=00200202 [-------] CPL=0 II=0 A20=1 SMM=0 HLT=0
ES =0018 00000000 ffffffff 00cf9300 DPL=0 DS   [-WA]
CS =0010 00000000 ffffffff 00cf9a00 DPL=0 CS32 [-R-]
SS =0018 00000000 ffffffff 00cf9300 DPL=0 DS   [-WA]
DS =0018 00000000 ffffffff 00cf9300 DPL=0 DS   [-WA]
FS =0018 00000000 ffffffff 00cf9300 DPL=0 DS   [-WA]
GS =0018 00000000 ffffffff 00cf9300 DPL=0 DS   [-WA]
LDT=0000 00000000 0000ffff 00008200 DPL=0 LDT
TR =0000 00000000 0000ffff 00008b00 DPL=0 TSS32-busy
GDT=     000010b0 00000020
IDT=     001295e0 000007ff
CR0=00000011 CR2=00000000 CR3=00000000 CR4=00000000
DR0=00000000 DR1=00000000 DR2=00000000 DR3=00000000 
DR6=ffff0ff0 DR7=00000400
CCS=00000000 CCD=0012dce0 CCO=EFLAGS
EFER=0000000000000000
Servicing hardware INT=0x20
   784: v=20 e=0000 i=0 cpl=0 IP=0010:001012a5 pc=001012a5 SP=0018:00103c5c env->regs[R_EAX]=00000019
EAX=00000019 EBX=001034e8 ECX=00001074 EDX=00000720
ESI=00102880 EDI=00000020 EBP=00103c94 ESP=00103c5c
EIP=001012a5 EFL=00000246 [---Z-P-] CPL=0 II=0 A20=1 SMM=0 HLT=0
ES =0018 00000000 ffffffff 00cf9300 DPL=0 DS   [-WA]
CS =0010 00000000 ffffffff 00cf9a00 DPL=0 CS32 [-R-]
SS =0018 00000000 ffffffff 00cf9300 DPL=0 DS   [-WA]
DS =0018 00000000 ffffffff 00cf9300 DPL=0 DS   [-WA]
FS =0018 00000000 ffffffff 00cf9300 DPL=0 DS   [-WA]
GS =0018 00000000 ffffffff 00cf9300 DPL=0 DS   [-WA]
LDT=0000 00000000 0000ffff 00008200 DPL=0 LDT
TR =0000 00000000 0000ffff 00008b00 DPL=0 TSS32-busy
GDT=     000010b0 00000020
IDT=     001295e0 000007ff
CR0=00000011 CR2=00000000 CR3=00000000 CR4=00000000
DR0=00000000 DR1=00000000 DR2=00000000 DR3=00000000 
DR6=ffff0ff0 DR7=00000400
CCS=00000044 CCD=00000000 CCO=EFLAGS
EFER=0000000000000000
Servicing hardware INT=0x20
   785: v=20 e=0000 i=0 cpl=0 IP=0010:00100994 pc=00100994 SP=0018:001048d4 env->regs[R_EAX]=0000001c
EAX=0000001c EBX=00000000 ECX=00001900 EDX=00102844
ESI=001027c0 EDI=00000000 EBP=001048e4 ESP=001048d4
EIP=00100994 EFL=00000296 [--S-AP-] CPL=0 II=0 A20=1 SMM=0 HLT=0
ES =0018 00000000 ffffffff 00cf9300 DPL=0 DS   [-WA]
CS =0010 00000000 ffffffff 00cf9a00 DPL=0 CS32 [-R-]
SS =0018 00000000 ffffffff 00cf9300 DPL=0 DS   [-WA]
DS =0018 00000000 ffffffff 00cf9300 DPL=0 DS   [-WA]
FS =0018 00000000 ffffffff 00cf9300 DPL=0 DS   [-WA]
GS =0018 00000000 ffffffff 00cf9300 DPL=0 DS   [-WA]
LDT=0000 00000000 0000ffff 00008200 DPL=0 LDT
TR =0000 00000000 0000ffff 00008b00 DPL=0 TSS32-busy
GDT=     000010b0 00000020
IDT=     001295e0 000007ff
CR0=00000011 CR2=00000000 CR3=00000000 CR4=00000000
DR0=00000000 DR1=00000000 DR2=00000000 DR3=00000000 
DR6=ffff0ff0 DR7=00000400
CCS=00000094 CCD=ffffffff CCO=EFLAGS
EFER=0000000000000000
Servicing hardware INT=0x20
   786: v=20 e=0000 i=0 cpl=0 IP=0010:001019b8 pc=001019b8 SP=0018:0012dd64 env->regs[R_EAX]=0028ffe8
EAX=0028ffe8 EBX=006e96c2 ECX=003029f4 EDX=fd1621f4
ESI=0012dd78 EDI=00000000 EBP=0012dd68 ESP=0012dd64
EIP=001019b8 EFL=00200206 [-----P-] CPL=0 II=0 A20=1 SMM=0 HLT=0
ES =0018 00000000 ffffffff 00cf9300 DPL=0 DS   [-WA]
CS =0010 00000000 ffffffff 00cf9a00 DPL=0 CS32 [-R-]
SS =0018 00000000 ffffffff 00cf9300 DPL=0 DS   [-WA]
DS =0018 00000000 ffffffff 00cf9300 DPL=0 DS   [-WA]
FS =0018 00000000 ffffffff 00cf9300 DPL=0 DS   [-WA]
GS =0018 00000000 ffffffff 00cf9300 DPL=0 DS   [-WA]
LDT=0000 00000000 0000ffff 00008200 DPL=0 LDT
TR =0000 00000000 0000ffff 00008b00 DPL=0 TSS32-busy
GDT=     000010b0 00000020
IDT=     001295e0 000007ff
CR0=00000011 CR2=00000000 CR3=00000000 CR4=00000000
DR0=00000000 DR1=00000000 DR2=00000000 DR3=00000000 
DR6=ffff0ff0 DR7=00000400
CCS=00000004 CCD=0028ffe8 CCO=EFLAGS
EFER=0000000000000000
Servicing hardware INT=0x20
   787: v=20 e=0000 i=0 cpl=0 IP=0010:001011e2 pc=001011e2 SP=0018:00103c98 env->regs[R_EAX]=001011e2
EAX=001011e2 EBX=00100072 ECX=00001050 EDX=00006b6f
ESI=0010006f EDI=00000000 EBP=00103cb4 ESP=00103c98
EIP=001011e2 EFL=00000206 [-----P-] CPL=0 II=0 A20=1 SMM=0 HLT=0
ES =0018 00000000 ffffffff 00cf9300 DPL=0 DS   [-WA]
CS =0010 00000000 ffffffff 00cf9a00 DPL=0 CS32 [-R-]
SS =0018 00000000 ffffffff 00cf9300 DPL=0 DS   [-WA]
DS =0018 00000000 ffffffff 00cf9300 DPL=0 DS   [-WA]
FS =0018 00000000 ffffffff 00cf9300 DPL=0 DS   [-WA]
GS =0018 00000000 ffffffff 00cf9300 DPL=0 DS   [-WA]
LDT=0000 00000000 0000ffff 00008200 DPL=0 LDT
TR =0000 00000000 0000ffff 00008b00 DPL=0 TSS32-busy
GDT=     000010b0 00000020
IDT=     001295e0 000007ff
CR0=00000011 CR2=00000000 CR3=00000000 CR4=00000000
DR0=00000000 DR1=00000000 DR2=00000000 DR3=00000000 
DR6=ffff0ff0 DR7=00000400
CCS=00000004 CCD=00103ca0 CCO=EFLAGS
EFER=0000000000000000
Servicing hardware INT=0x20
   788: v=20 e=0000 i=0 cpl=0 IP=0010:00100994 pc=00100994 SP=0018:001048d4 env->regs[R_EAX]=0000001c
EAX=0000001c EBX=00000000 ECX=00001900 EDX=00102844
ESI=001027c0 EDI=00000000 EBP=001048e4 ESP=001048d4
EIP=00100994 EFL=00000296 [--S-AP-] CPL=0 II=0 A20=1 SMM=0 HLT=0
ES =0018 00000000 ffffffff 00cf9300 DPL=0 DS   [-WA]
CS =0010 00000000 ffffffff 00cf9a00 DPL=0 CS32 [-R-]
SS =0018 00000000 ffffffff 00cf9300 DPL=0 DS   [-WA]
DS =0018 00000000 ffffffff 00cf9300 DPL=0 DS   [-WA]
FS =0018 00000000 ffffffff 00cf9300 DPL=0 DS   [-WA]
GS =0018 00000000 ffffffff 00cf9300 DPL=0 DS   [-WA]
LDT=0000 00000000 0000ffff 00008200 DPL=0 LDT
TR =0000 00000000 0000ffff 00008b00 DPL=0 TSS32-busy
GDT=     000010b0 00000020
IDT=     001295e0 000007ff
CR0=00000011 CR2=00000000 CR3=00000000 CR4=00000000
DR0=00000000 DR1=00000000 DR2=00000000 DR3=00000000 
DR6=ffff0ff0 DR7=00000400
CCS=00000094 CCD=ffffffff CCO=EFLAGS
EFER=0000000000000000
Servicing hardware INT=0x20
   789: v=20 e=0000 i=0 cpl=0 IP=0010:00101c4f pc=00101c4f SP=0018:0012dd20 env->regs[R_EAX]=00102844
EAX=00102844 EBX=00010000 ECX=00075300 EDX=0004f9a4
ESI=0012ddf4 EDI=00000000 EBP=0012dd68 ESP=0012dd20
EIP=00101c4f EFL=00200283 [--S---C] CPL=0 II=0 A20=1 SMM=0 HLT=0
ES =0018 00000000 ffffffff 00cf9300 DPL=0 DS   [-WA]
CS =0010 00000000 ffffffff 00cf9a00 DPL=0 CS32 [-R-]
SS =0018 00000000 ffffffff 00cf9300 DPL=0 DS   [-WA]
DS =0018 00000000 ffffffff 00cf9300 DPL=0 DS   [-WA]
FS =0018 00000000 ffffffff 00cf9300 DPL=0 DS   [-WA]
GS =0018 00000000 ffffffff 00cf9300 DPL=0 DS   [-WA]
LDT=0000 00000000 0000ffff 00008200 DPL=0 LDT
TR =0000 00000000 0000ffff 00008b00 DPL=0 TSS32-busy
GDT=     000010b0 00000020
IDT=     001295e0 000007ff
CR0=00000011 CR2=00000000 CR3=00000000 CR4=00000000
DR0=00000000 DR1=00000000 DR2=00000000 DR3=00000000 
DR6=ffff0ff0 DR7=00000400
CCS=00000081 CCD=fffda6a4 CCO=EFLAGS
EFER=0000000000000000
Servicing hardware INT=0x20
   790: v=20 e=0000 i=0 cpl=0 IP=0010:00101196 pc=00101196 SP=0018:00103c44 env->regs[R_EAX]=000001a0
EAX=000001a0 EBX=00103d28 ECX=00000348 EDX=00002961
ESI=00102844 EDI=00000004 EBP=00103c54 ESP=00103c44
EIP=00101196 EFL=00000293 [--S-A-C] CPL=0 II=0 A20=1 SMM=0 HLT=0
ES =0018 00000000 ffffffff 00cf9300 DPL=0 DS   [-WA]
CS =0010 00000000 ffffffff 00cf9a00 DPL=0 CS32 [-R-]
SS =0018 00000000 ffffffff 00cf9300 DPL=0 DS   [-WA]
DS =0018 00000000 ffffffff 00cf9300 DPL=0 DS   [-WA]
FS =0018 00000000 ffffffff 00cf9300 DPL=0 DS   [-WA]
GS =0018 00000000 ffffffff 00cf9300 DPL=0 DS   [-WA]
LDT=0000 00000000 0000ffff 00008200 DPL=0 LDT
TR =0000 00000000 0000ffff 00008b00 DPL=0 TSS32-busy
GDT=     000010b0 00000020
IDT=     001295e0 000007ff
CR0=00000011 CR2=00000000 CR3=00000000 CR4=00000000
DR0=00000000 DR1=00000000 DR2=00000000 DR3=00000000 
DR6=ffff0ff0 DR7=00000400
CCS=00000091 CCD=ffffffea CCO=EFLAGS
EFER=0000000000000000
Servicing hardware INT=0x20
   791: v=20 e=0000 i=0 cpl=0 IP=0010:00100994 pc=00100994 SP=0018:001048d4 env->regs[R_EAX]=0000001c
EAX=0000001c EBX=00000000 ECX=00001900 EDX=00102844
ESI=001027c0 EDI=00000000 EBP=001048e4 ESP=001048d4
EIP=00100994 EFL=00000296 [--S-AP-] CPL=0 II=0 A20=1 SMM=0 HLT=0
ES =0018 00000000 ffffffff 00cf9300 DPL=0 DS   [-WA]
CS =0010 00000000 ffffffff 00cf9a00 DPL=0 CS32 [-R-]
SS =0018 00000000 ffffffff 00cf9300 DPL=0 DS   [-WA]
DS =0018 00000000 ffffffff 00cf9300 DPL=0 DS   [-WA]
FS =0018 00000000 ffffffff 00cf9300 DPL=0 DS   [-WA]
GS =0018 00000000 ffffffff 00cf9300 DPL=0 DS   [-WA]
LDT=0000 00000000 0000ffff 00008200 DPL=0 LDT
TR =0000 00000000 0000ffff 00008b00 DPL=0 TSS32-busy
GDT=     000010b0 00000020
IDT=     001295e0 000007ff
CR0=00000011 CR2=00000000 CR3=00000000 CR4=00000000
DR0=00000000 DR1=00000000 DR2=00000000 DR3=00000000 
DR6=ffff0ff0 DR7=00000400
CCS=00000094 CCD=ffffffff CCO=EFLAGS
EFER=0000000000000000
Servicing hardware INT=0x20
   792: v=20 e=0000 i=0 cpl=0 IP=0010:001019b8 pc=001019b8 SP=0018:0012dd64 env->regs[R_EAX]=00154044
EAX=00154044 EBX=00000000 ECX=003029f4 EDX=fd026250
ESI=0012dd78 EDI=00000000 EBP=0012dd68 ESP=0012dd64
EIP=001019b8 EFL=00200206 [-----P-] CPL=0 II=0 A20=1 SMM=0 HLT=0
ES =0018 00000000 ffffffff 00cf9300 DPL=0 DS   [-WA]
CS =0010 00000000 ffffffff 00cf9a00 DPL=0 CS32 [-R-]
SS =0018 00000000 ffffffff 00cf9300 DPL=0 DS   [-WA]
DS =0018 00000000 ffffffff 00cf9300 DPL=0 DS   [-WA]
FS =0018 00000000 ffffffff 00cf9300 DPL=0 DS   [-WA]
GS =0018 00000000 ffffffff 00cf9300 DPL=0 DS   [-WA]
LDT=0000 00000000 0000ffff 00008200 DPL=0 LDT
TR =0000 00000000 0000ffff 00008b00 DPL=0 TSS32-busy
GDT=     000010b0 00000020
IDT=     001295e0 000007ff
CR0=00000011 CR2=00000000 CR3=00000000 CR4=00000000
DR0=00000000 DR1=00000000 DR2=00000000 DR3=00000000 
DR6=ffff0ff0 DR7=00000400
CCS=00000004 CCD=00154044 CCO=EFLAGS
EFER=0000000000000000
Servicing hardware INT=0x20
   793: v=20 e=0000 i=0 cpl=0 IP=0010:001012e3 pc=001012e3 SP=0018:00103c5c env->regs[R_EAX]=00000015
EAX=00000015 EBX=001034e8 ECX=0000106c EDX=0000356f
ESI=00102880 EDI=0000006f EBP=00103c94 ESP=00103c5c
EIP=001012e3 EFL=00000246 [---Z-P-] CPL=0 II=0 A20=1 SMM=0 HLT=0
ES =0018 00000000 ffffffff 00cf9300 DPL=0 DS   [-WA]
CS =0010 00000000 ffffffff 00cf9a00 DPL=0 CS32 [-R-]
SS =0018 00000000 ffffffff 00cf9300 DPL=0 DS   [-WA]
DS =0018 00000000 ffffffff 00cf9300 DPL=0 DS   [-WA]
FS =0018 00000000 ffffffff 00cf9300 DPL=0 DS   [-WA]
GS =0018 00000000 ffffffff 00cf9300 DPL=0 DS   [-WA]
LDT=0000 00000000 0000ffff 00008200 DPL=0 LDT
TR =0000 00000000 0000ffff 00008b00 DPL=0 TSS32-busy
GDT=     000010b0 00000020
IDT=     001295e0 000007ff
CR0=00000011 CR2=00000000 CR3=00000000 CR4=00000000
DR0=00000000 DR1=00000000 DR2=00000000 DR3=00000000 
DR6=ffff0ff0 DR7=00000400
CCS=00000044 CCD=00000000 CCO=EFLAGS
EFER=0000000000000000
Servicing hardware INT=0x20
   794: v=20 e=0000 i=0 cpl=0 IP=0010:00100994 pc=00100994 SP=0018:001048d4 env->regs[R_EAX]=0000001c
EAX=0000001c EBX=00000000 ECX=00001900 EDX=00102844
ESI=001027c0 EDI=00000000 EBP=001048e4 ESP=001048d4
EIP=00100994 EFL=00000296 [--S-AP-] CPL=0 II=0 A20=1 SMM=0 HLT=0
ES =0018 00000000 ffffffff 00cf9300 DPL=0 DS   [-WA]
CS =0010 00000000 ffffffff 00cf9a00 DPL=0 CS32 [-R-]
SS =0018 00000000 ffffffff 00cf9300 DPL=0 DS   [-WA]
DS =0018 00000000 ffffffff 00cf9300 DPL=0 DS   [-WA]
FS =0018 00000000 ffffffff 00cf9300 DPL=0 DS   [-WA]
GS =0018 00000000 ffffffff 00cf9300 DPL=0 DS   [-WA]
LDT=0000 00000000 0000ffff 00008200 DPL=0 LDT
TR =0000 00000000 0000ffff 00008b00 DPL=0 TSS32-busy
GDT=     000010b0 00000020
IDT=     001295e0 000007ff
CR0=00000011 CR2=00000000 CR3=00000000 CR4=00000000
DR0=00000000 DR1=00000000 DR2=00000000 DR3=00000000 
DR6=ffff0ff0 DR7=00000400
CCS=00000094 CCD=ffffffff CCO=EFLAGS
EFER=0000000000000000
Servicing hardware INT=0x20
   795: v=20 e=0000 i=0 cpl=0 IP=0010:00101c4f pc=00101c4f SP=0018:0012dd20 env->regs[R_EAX]=00102844
EAX=00102844 EBX=00010000 ECX=00075300 EDX=0003c5d7
ESI=0012ddf4 EDI=00000000 EBP=0012dd68 ESP=0012dd20
EIP=00101c4f EFL=00200287 [--S--PC] CPL=0 II=0 A20=1 SMM=0 HLT=0
ES =0018 00000000 ffffffff 00cf9300 DPL=0 DS   [-WA]
CS =0010 00000000 ffffffff 00cf9a00 DPL=0 CS32 [-R-]
SS =0018 00000000 ffffffff 00cf9300 DPL=0 DS   [-WA]
DS =0018 00000000 ffffffff 00cf9300 DPL=0 DS   [-WA]
FS =0018 00000000 ffffffff 00cf9300 DPL=0 DS   [-WA]
GS =0018 00000000 ffffffff 00cf9300 DPL=0 DS   [-WA]
LDT=0000 00000000 0000ffff 00008200 DPL=0 LDT
TR =0000 00000000 0000ffff 00008b00 DPL=0 TSS32-busy
GDT=     000010b0 00000020
IDT=     001295e0 000007ff
CR0=00000011 CR2=00000000 CR3=00000000 CR4=00000000
DR0=00000000 DR1=00000000 DR2=00000000 DR3=00000000 
DR6=ffff0ff0 DR7=00000400
CCS=00000085 CCD=fffc72d7 CCO=EFLAGS
EFER=0000000000000000
Servicing hardware INT=0x20
   796: v=20 e=0000 i=0 cpl=0 IP=0010:00101196 pc=00101196 SP=0018:00103c44 env->regs[R_EAX]=000000d0
EAX=000000d0 EBX=00103d28 ECX=000001b2 EDX=0000276f
ESI=00102844 EDI=00000009 EBP=00103c54 ESP=00103c44
EIP=00101196 EFL=00000293 [--S-A-C] CPL=0 II=0 A20=1 SMM=0 HLT=0
ES =0018 00000000 ffffffff 00cf9300 DPL=0 DS   [-WA]
CS =0010 00000000 ffffffff 00cf9a00 DPL=0 CS32 [-R-]
SS =0018 00000000 ffffffff 00cf9300 DPL=0 DS   [-WA]
DS =0018 00000000 ffffffff 00cf9300 DPL=0 DS   [-WA]
FS =0018 00000000 ffffffff 00cf9300 DPL=0 DS   [-WA]
GS =0018 00000000 ffffffff 00cf9300 DPL=0 DS   [-WA]
LDT=0000 00000000 0000ffff 00008200 DPL=0 LDT
TR =0000 00000000 0000ffff 00008b00 DPL=0 TSS32-busy
GDT=     000010b0 00000020
IDT=     001295e0 000007ff
CR0=00000011 CR2=00000000 CR3=00000000 CR4=00000000
DR0=00000000 DR1=00000000 DR2=00000000 DR3=00000000 
DR6=ffff0ff0 DR7=00000400
CCS=00000091 CCD=ffffffef CCO=EFLAGS
EFER=0000000000000000
Servicing hardware INT=0x20
   797: v=20 e=0000 i=0 cpl=0 IP=0010:00100994 pc=00100994 SP=0018:001048d4 env->regs[R_EAX]=0000001c
EAX=0000001c EBX=00000000 ECX=00001900 EDX=00102844
ESI=001027c0 EDI=00000000 EBP=001048e4 ESP=001048d4
EIP=00100994 EFL=00000296 [--S-AP-] CPL=0 II=0 A20=1 SMM=0 HLT=0
ES =0018 00000000 ffffffff 00cf9300 DPL=0 DS   [-WA]
CS =0010 00000000 ffffffff 00cf9a00 DPL=0 CS32 [-R-]
SS =0018 00000000 ffffffff 00cf9300 DPL=0 DS   [-WA]
DS =0018 00000000 ffffffff 00cf9300 DPL=0 DS   [-WA]
FS =0018 00000000 ffffffff 00cf9300 DPL=0 DS   [-WA]
GS =0018 00000000 ffffffff 00cf9300 DPL=0 DS   [-WA]
LDT=0000 00000000 0000ffff 00008200 DPL=0 LDT
TR =0000 00000000 0000ffff 00008b00 DPL=0 TSS32-busy
GDT=     000010b0 00000020
IDT=     001295e0 000007ff
CR0=00000011 CR2=00000000 CR3=00000000 CR4=00000000
DR0=00000000 DR1=00000000 DR2=00000000 DR3=00000000 
DR6=ffff0ff0 DR7=00000400
CCS=00000094 CCD=ffffffff CCO=EFLAGS
EFER=0000000000000000
Servicing hardware INT=0x20
   798: v=20 e=0000 i=0 cpl=0 IP=0010:001019b8 pc=001019b8 SP=0018:0012dd64 env->regs[R_EAX]=0016be98
EAX=0016be98 EBX=0000007f ECX=003029f4 EDX=fd03e0a4
ESI=0012dd78 EDI=00000000 EBP=0012dd68 ESP=0012dd64
EIP=001019b8 EFL=00200202 [-------] CPL=0 II=0 A20=1 SMM=0 HLT=0
ES =0018 00000000 ffffffff 00cf9300 DPL=0 DS   [-WA]
CS =0010 00000000 ffffffff 00cf9a00 DPL=0 CS32 [-R-]
SS =0018 00000000 ffffffff 00cf9300 DPL=0 DS   [-WA]
DS =0018 00000000 ffffffff 00cf9300 DPL=0 DS   [-WA]
FS =0018 00000000 ffffffff 00cf9300 DPL=0 DS   [-WA]
GS =0018 00000000 ffffffff 00cf9300 DPL=0 DS   [-WA]
LDT=0000 00000000 0000ffff 00008200 DPL=0 LDT
TR =0000 00000000 0000ffff 00008b00 DPL=0 TSS32-busy
GDT=     000010b0 00000020
IDT=     001295e0 000007ff
CR0=00000011 CR2=00000000 CR3=00000000 CR4=00000000
DR0=00000000 DR1=00000000 DR2=00000000 DR3=00000000 
DR6=ffff0ff0 DR7=00000400
CCS=00000000 CCD=0016be98 CCO=EFLAGS
EFER=0000000000000000
Servicing hardware INT=0x20
   799: v=20 e=0000 i=0 cpl=0 IP=0010:0010122f pc=0010122f SP=0018:00103c5c env->regs[R_EAX]=00102844
EAX=00102844 EBX=0000003c ECX=00001046 EDX=00000d6f
ESI=00102880 EDI=0000006f EBP=00103c94 ESP=00103c5c
EIP=0010122f EFL=00000206 [-----P-] CPL=0 II=0 A20=1 SMM=0 HLT=0
ES =0018 00000000 ffffffff 00cf9300 DPL=0 DS   [-WA]
CS =0010 00000000 ffffffff 00cf9a00 DPL=0 CS32 [-R-]
SS =0018 00000000 ffffffff 00cf9300 DPL=0 DS   [-WA]
DS =0018 00000000 ffffffff 00cf9300 DPL=0 DS   [-WA]
FS =0018 00000000 ffffffff 00cf9300 DPL=0 DS   [-WA]
GS =0018 00000000 ffffffff 00cf9300 DPL=0 DS   [-WA]
LDT=0000 00000000 0000ffff 00008200 DPL=0 LDT
TR =0000 00000000 0000ffff 00008b00 DPL=0 TSS32-busy
GDT=     000010b0 00000020
IDT=     001295e0 000007ff
CR0=00000011 CR2=00000000 CR3=00000000 CR4=00000000
DR0=00000000 DR1=00000000 DR2=00000000 DR3=00000000 
DR6=ffff0ff0 DR7=00000400
CCS=00000004 CCD=00000065 CCO=EFLAGS
EFER=0000000000000000
Servicing hardware INT=0x20
   800: v=20 e=0000 i=0 cpl=0 IP=0010:00100994 pc=00100994 SP=0018:001048d4 env->regs[R_EAX]=0000001c
EAX=0000001c EBX=00000000 ECX=00001900 EDX=00102844
ESI=001027c0 EDI=00000000 EBP=001048e4 ESP=001048d4
EIP=00100994 EFL=00000296 [--S-AP-] CPL=0 II=0 A20=1 SMM=0 HLT=0
ES =0018 00000000 ffffffff 00cf9300 DPL=0 DS   [-WA]
CS =0010 00000000 ffffffff 00cf9a00 DPL=0 CS32 [-R-]
SS =0018 00000000 ffffffff 00cf9300 DPL=0 DS   [-WA]
DS =0018 00000000 ffffffff 00cf9300 DPL=0 DS   [-WA]
FS =0018 00000000 ffffffff 00cf9300 DPL=0 DS   [-WA]
GS =0018 00000000 ffffffff 00cf9300 DPL=0 DS   [-WA]
LDT=0000 00000000 0000ffff 00008200 DPL=0 LDT
TR =0000 00000000 0000ffff 00008b00 DPL=0 TSS32-busy
GDT=     000010b0 00000020
IDT=     001295e0 000007ff
CR0=00000011 CR2=00000000 CR3=00000000 CR4=00000000
DR0=00000000 DR1=00000000 DR2=00000000 DR3=00000000 
DR6=ffff0ff0 DR7=00000400
CCS=00000094 CCD=ffffffff CCO=EFLAGS
EFER=0000000000000000
Servicing hardware INT=0x20
   801: v=20 e=0000 i=0 cpl=0 IP=0010:001019b8 pc=001019b8 SP=0018:0012dd64 env->regs[R_EAX]=00258cb4
EAX=00258cb4 EBX=006e96c2 ECX=003029f4 EDX=fd12aec0
ESI=0012dd78 EDI=00000000 EBP=0012dd68 ESP=0012dd64
EIP=001019b8 EFL=00200206 [-----P-] CPL=0 II=0 A20=1 SMM=0 HLT=0
ES =0018 00000000 ffffffff 00cf9300 DPL=0 DS   [-WA]
CS =0010 00000000 ffffffff 00cf9a00 DPL=0 CS32 [-R-]
SS =0018 00000000 ffffffff 00cf9300 DPL=0 DS   [-WA]
DS =0018 00000000 ffffffff 00cf9300 DPL=0 DS   [-WA]
FS =0018 00000000 ffffffff 00cf9300 DPL=0 DS   [-WA]
GS =0018 00000000 ffffffff 00cf9300 DPL=0 DS   [-WA]
LDT=0000 00000000 0000ffff 00008200 DPL=0 LDT
TR =0000 00000000 0000ffff 00008b00 DPL=0 TSS32-busy
GDT=     000010b0 00000020
IDT=     001295e0 000007ff
CR0=00000011 CR2=00000000 CR3=00000000 CR4=00000000
DR0=00000000 DR1=00000000 DR2=00000000 DR3=00000000 
DR6=ffff0ff0 DR7=00000400
CCS=00000004 CCD=00258cb4 CCO=EFLAGS
EFER=0000000000000000
Servicing hardware INT=0x20
   802: v=20 e=0000 i=0 cpl=0 IP=0010:00101304 pc=00101304 SP=0018:00103c9c env->regs[R_EAX]=00000009
EAX=00000009 EBX=00100076 ECX=00001054 EDX=0000d172
ESI=0010006f EDI=00000000 EBP=00103cb4 ESP=00103c9c
EIP=00101304 EFL=00000246 [---Z-P-] CPL=0 II=0 A20=1 SMM=0 HLT=0
ES =0018 00000000 ffffffff 00cf9300 DPL=0 DS   [-WA]
CS =0010 00000000 ffffffff 00cf9a00 DPL=0 CS32 [-R-]
SS =0018 00000000 ffffffff 00cf9300 DPL=0 DS   [-WA]
DS =0018 00000000 ffffffff 00cf9300 DPL=0 DS   [-WA]
FS =0018 00000000 ffffffff 00cf9300 DPL=0 DS   [-WA]
GS =0018 00000000 ffffffff 00cf9300 DPL=0 DS   [-WA]
LDT=0000 00000000 0000ffff 00008200 DPL=0 LDT
TR =0000 00000000 0000ffff 00008b00 DPL=0 TSS32-busy
GDT=     000010b0 00000020
IDT=     001295e0 000007ff
CR0=00000011 CR2=00000000 CR3=00000000 CR4=00000000
DR0=00000000 DR1=00000000 DR2=00000000 DR3=00000000 
DR6=ffff0ff0 DR7=00000400
CCS=00000044 CCD=00000000 CCO=EFLAGS
EFER=0000000000000000
Servicing hardware INT=0x20
   803: v=20 e=0000 i=0 cpl=0 IP=0010:00100994 pc=00100994 SP=0018:001048d4 env->regs[R_EAX]=0000001c
EAX=0000001c EBX=00000000 ECX=00001900 EDX=00102844
ESI=001027c0 EDI=00000000 EBP=001048e4 ESP=001048d4
EIP=00100994 EFL=00000296 [--S-AP-] CPL=0 II=0 A20=1 SMM=0 HLT=0
ES =0018 00000000 ffffffff 00cf9300 DPL=0 DS   [-WA]
CS =0010 00000000 ffffffff 00cf9a00 DPL=0 CS32 [-R-]
SS =0018 00000000 ffffffff 00cf9300 DPL=0 DS   [-WA]
DS =0018 00000000 ffffffff 00cf9300 DPL=0 DS   [-WA]
FS =0018 00000000 ffffffff 00cf9300 DPL=0 DS   [-WA]
GS =0018 00000000 ffffffff 00cf9300 DPL=0 DS   [-WA]
LDT=0000 00000000 0000ffff 00008200 DPL=0 LDT
TR =0000 00000000 0000ffff 00008b00 DPL=0 TSS32-busy
GDT=     000010b0 00000020
IDT=     001295e0 000007ff
CR0=00000011 CR2=00000000 CR3=00000000 CR4=00000000
DR0=00000000 DR1=00000000 DR2=00000000 DR3=00000000 
DR6=ffff0ff0 DR7=00000400
CCS=00000094 CCD=ffffffff CCO=EFLAGS
EFER=0000000000000000
Servicing hardware INT=0x20
   804: v=20 e=0000 i=0 cpl=0 IP=0010:001019bc pc=001019bc SP=0018:0012dd64 env->regs[R_EAX]=00253848
EAX=00253848 EBX=006e96c2 ECX=003029f4 EDX=fd125a54
ESI=0012dd78 EDI=00000000 EBP=0012dd68 ESP=0012dd64
EIP=001019bc EFL=00200283 [--S---C] CPL=0 II=0 A20=1 SMM=0 HLT=0
ES =0018 00000000 ffffffff 00cf9300 DPL=0 DS   [-WA]
CS =0010 00000000 ffffffff 00cf9a00 DPL=0 CS32 [-R-]
SS =0018 00000000 ffffffff 00cf9300 DPL=0 DS   [-WA]
DS =0018 00000000 ffffffff 00cf9300 DPL=0 DS   [-WA]
FS =0018 00000000 ffffffff 00cf9300 DPL=0 DS   [-WA]
GS =0018 00000000 ffffffff 00cf9300 DPL=0 DS   [-WA]
LDT=0000 00000000 0000ffff 00008200 DPL=0 LDT
TR =0000 00000000 0000ffff 00008b00 DPL=0 TSS32-busy
GDT=     000010b0 00000020
IDT=     001295e0 000007ff
CR0=00000011 CR2=00000000 CR3=00000000 CR4=00000000
DR0=00000000 DR1=00000000 DR2=00000000 DR3=00000000 
DR6=ffff0ff0 DR7=00000400
CCS=00000081 CCD=fff50e54 CCO=EFLAGS
EFER=0000000000000000
Servicing hardware INT=0x20
   805: v=20 e=0000 i=0 cpl=0 IP=0010:00101196 pc=00101196 SP=0018:00103c44 env->regs[R_EAX]=00000186
EAX=00000186 EBX=00103d28 ECX=00000334 EDX=00001161
ESI=00102844 EDI=00000014 EBP=00103c54 ESP=00103c44
EIP=00101196 EFL=00000297 [--S-APC] CPL=0 II=0 A20=1 SMM=0 HLT=0
ES =0018 00000000 ffffffff 00cf9300 DPL=0 DS   [-WA]
CS =0010 00000000 ffffffff 00cf9a00 DPL=0 CS32 [-R-]
SS =0018 00000000 ffffffff 00cf9300 DPL=0 DS   [-WA]
DS =0018 00000000 ffffffff 00cf9300 DPL=0 DS   [-WA]
FS =0018 00000000 ffffffff 00cf9300 DPL=0 DS   [-WA]
GS =0018 00000000 ffffffff 00cf9300 DPL=0 DS   [-WA]
LDT=0000 00000000 0000ffff 00008200 DPL=0 LDT
TR =0000 00000000 0000ffff 00008b00 DPL=0 TSS32-busy
GDT=     000010b0 00000020
IDT=     001295e0 000007ff
CR0=00000011 CR2=00000000 CR3=00000000 CR4=00000000
DR0=00000000 DR1=00000000 DR2=00000000 DR3=00000000 
DR6=ffff0ff0 DR7=00000400
CCS=00000095 CCD=fffffffa CCO=EFLAGS
EFER=0000000000000000
Servicing hardware INT=0x20
   806: v=20 e=0000 i=0 cpl=0 IP=0010:00100994 pc=00100994 SP=0018:001048d4 env->regs[R_EAX]=0000001c
EAX=0000001c EBX=00000000 ECX=00001900 EDX=00102844
ESI=001027c0 EDI=00000000 EBP=001048e4 ESP=001048d4
EIP=00100994 EFL=00000296 [--S-AP-] CPL=0 II=0 A20=1 SMM=0 HLT=0
ES =0018 00000000 ffffffff 00cf9300 DPL=0 DS   [-WA]
CS =0010 00000000 ffffffff 00cf9a00 DPL=0 CS32 [-R-]
SS =0018 00000000 ffffffff 00cf9300 DPL=0 DS   [-WA]
DS =0018 00000000 ffffffff 00cf9300 DPL=0 DS   [-WA]
FS =0018 00000000 ffffffff 00cf9300 DPL=0 DS   [-WA]
GS =0018 00000000 ffffffff 00cf9300 DPL=0 DS   [-WA]
LDT=0000 00000000 0000ffff 00008200 DPL=0 LDT
TR =0000 00000000 0000ffff 00008b00 DPL=0 TSS32-busy
GDT=     000010b0 00000020
IDT=     001295e0 000007ff
CR0=00000011 CR2=00000000 CR3=00000000 CR4=00000000
DR0=00000000 DR1=00000000 DR2=00000000 DR3=00000000 
DR6=ffff0ff0 DR7=00000400
CCS=00000094 CCD=ffffffff CCO=EFLAGS
EFER=0000000000000000
Servicing hardware INT=0x20
   807: v=20 e=0000 i=0 cpl=0 IP=0010:00101c4f pc=00101c4f SP=0018:0012dd20 env->regs[R_EAX]=00102844
EAX=00102844 EBX=00010000 ECX=00075300 EDX=0005616f
ESI=0012ddf4 EDI=00000000 EBP=0012dd68 ESP=0012dd20
EIP=00101c4f EFL=00200287 [--S--PC] CPL=0 II=0 A20=1 SMM=0 HLT=0
ES =0018 00000000 ffffffff 00cf9300 DPL=0 DS   [-WA]
CS =0010 00000000 ffffffff 00cf9a00 DPL=0 CS32 [-R-]
SS =0018 00000000 ffffffff 00cf9300 DPL=0 DS   [-WA]
DS =0018 00000000 ffffffff 00cf9300 DPL=0 DS   [-WA]
FS =0018 00000000 ffffffff 00cf9300 DPL=0 DS   [-WA]
GS =0018 00000000 ffffffff 00cf9300 DPL=0 DS   [-WA]
LDT=0000 00000000 0000ffff 00008200 DPL=0 LDT
TR =0000 00000000 0000ffff 00008b00 DPL=0 TSS32-busy
GDT=     000010b0 00000020
IDT=     001295e0 000007ff
CR0=00000011 CR2=00000000 CR3=00000000 CR4=00000000
DR0=00000000 DR1=00000000 DR2=00000000 DR3=00000000 
DR6=ffff0ff0 DR7=00000400
CCS=00000085 CCD=fffe0e6f CCO=EFLAGS
EFER=0000000000000000
Servicing hardware INT=0x20
   808: v=20 e=0000 i=0 cpl=0 IP=0010:001011dd pc=001011dd SP=0018:00103c98 env->regs[R_EAX]=0000006f
EAX=0000006f EBX=00100072 ECX=0000104c EDX=0000336f
ESI=0010006f EDI=00000000 EBP=00103cb4 ESP=00103c98
EIP=001011dd EFL=00000206 [-----P-] CPL=0 II=0 A20=1 SMM=0 HLT=0
ES =0018 00000000 ffffffff 00cf9300 DPL=0 DS   [-WA]
CS =0010 00000000 ffffffff 00cf9a00 DPL=0 CS32 [-R-]
SS =0018 00000000 ffffffff 00cf9300 DPL=0 DS   [-WA]
DS =0018 00000000 ffffffff 00cf9300 DPL=0 DS   [-WA]
FS =0018 00000000 ffffffff 00cf9300 DPL=0 DS   [-WA]
GS =0018 00000000 ffffffff 00cf9300 DPL=0 DS   [-WA]
LDT=0000 00000000 0000ffff 00008200 DPL=0 LDT
TR =0000 00000000 0000ffff 00008b00 DPL=0 TSS32-busy
GDT=     000010b0 00000020
IDT=     001295e0 000007ff
CR0=00000011 CR2=00000000 CR3=00000000 CR4=00000000
DR0=00000000 DR1=00000000 DR2=00000000 DR3=00000000 
DR6=ffff0ff0 DR7=00000400
CCS=00000004 CCD=00103ca0 CCO=EFLAGS
EFER=0000000000000000
Servicing hardware INT=0x20
   809: v=20 e=0000 i=0 cpl=0 IP=0010:00100994 pc=00100994 SP=0018:001048d4 env->regs[R_EAX]=0000001c
EAX=0000001c EBX=00000000 ECX=00001900 EDX=00102844
ESI=001027c0 EDI=00000000 EBP=001048e4 ESP=001048d4
EIP=00100994 EFL=00000296 [--S-AP-] CPL=0 II=0 A20=1 SMM=0 HLT=0
ES =0018 00000000 ffffffff 00cf9300 DPL=0 DS   [-WA]
CS =0010 00000000 ffffffff 00cf9a00 DPL=0 CS32 [-R-]
SS =0018 00000000 ffffffff 00cf9300 DPL=0 DS   [-WA]
DS =0018 00000000 ffffffff 00cf9300 DPL=0 DS   [-WA]
FS =0018 00000000 ffffffff 00cf9300 DPL=0 DS   [-WA]
GS =0018 00000000 ffffffff 00cf9300 DPL=0 DS   [-WA]
LDT=0000 00000000 0000ffff 00008200 DPL=0 LDT
TR =0000 00000000 0000ffff 00008b00 DPL=0 TSS32-busy
GDT=     000010b0 00000020
IDT=     001295e0 000007ff
CR0=00000011 CR2=00000000 CR3=00000000 CR4=00000000
DR0=00000000 DR1=00000000 DR2=00000000 DR3=00000000 
DR6=ffff0ff0 DR7=00000400
CCS=00000094 CCD=ffffffff CCO=EFLAGS
EFER=0000000000000000
Servicing hardware INT=0x20
   810: v=20 e=0000 i=0 cpl=0 IP=0010:001019b8 pc=001019b8 SP=0018:0012dd64 env->regs[R_EAX]=00221cb0
EAX=00221cb0 EBX=006e96c2 ECX=003029f4 EDX=fd0f3ebc
ESI=0012dd78 EDI=00000000 EBP=0012dd68 ESP=0012dd64
EIP=001019b8 EFL=00200212 [----A--] CPL=0 II=0 A20=1 SMM=0 HLT=0
ES =0018 00000000 ffffffff 00cf9300 DPL=0 DS   [-WA]
CS =0010 00000000 ffffffff 00cf9a00 DPL=0 CS32 [-R-]
SS =0018 00000000 ffffffff 00cf9300 DPL=0 DS   [-WA]
DS =0018 00000000 ffffffff 00cf9300 DPL=0 DS   [-WA]
FS =0018 00000000 ffffffff 00cf9300 DPL=0 DS   [-WA]
GS =0018 00000000 ffffffff 00cf9300 DPL=0 DS   [-WA]
LDT=0000 00000000 0000ffff 00008200 DPL=0 LDT
TR =0000 00000000 0000ffff 00008b00 DPL=0 TSS32-busy
GDT=     000010b0 00000020
IDT=     001295e0 000007ff
CR0=00000011 CR2=00000000 CR3=00000000 CR4=00000000
DR0=00000000 DR1=00000000 DR2=00000000 DR3=00000000 
DR6=ffff0ff0 DR7=00000400
CCS=00000010 CCD=00221cb0 CCO=EFLAGS
EFER=0000000000000000
Servicing hardware INT=0x20
   811: v=20 e=0000 i=0 cpl=0 IP=0010:00101304 pc=00101304 SP=0018:00103c9c env->regs[R_EAX]=00000011
EAX=00000011 EBX=00100072 ECX=00001064 EDX=0000056f
ESI=0010006f EDI=00000000 EBP=00103cb4 ESP=00103c9c
EIP=00101304 EFL=00000246 [---Z-P-] CPL=0 II=0 A20=1 SMM=0 HLT=0
ES =0018 00000000 ffffffff 00cf9300 DPL=0 DS   [-WA]
CS =0010 00000000 ffffffff 00cf9a00 DPL=0 CS32 [-R-]
SS =0018 00000000 ffffffff 00cf9300 DPL=0 DS   [-WA]
DS =0018 00000000 ffffffff 00cf9300 DPL=0 DS   [-WA]
FS =0018 00000000 ffffffff 00cf9300 DPL=0 DS   [-WA]
GS =0018 00000000 ffffffff 00cf9300 DPL=0 DS   [-WA]
LDT=0000 00000000 0000ffff 00008200 DPL=0 LDT
TR =0000 00000000 0000ffff 00008b00 DPL=0 TSS32-busy
GDT=     000010b0 00000020
IDT=     001295e0 000007ff
CR0=00000011 CR2=00000000 CR3=00000000 CR4=00000000
DR0=00000000 DR1=00000000 DR2=00000000 DR3=00000000 
DR6=ffff0ff0 DR7=00000400
CCS=00000044 CCD=00000000 CCO=EFLAGS
EFER=0000000000000000
Servicing hardware INT=0x20
   812: v=20 e=0000 i=0 cpl=0 IP=0010:00100994 pc=00100994 SP=0018:001048d4 env->regs[R_EAX]=0000001c
EAX=0000001c EBX=00000000 ECX=00001900 EDX=00102844
ESI=001027c0 EDI=00000000 EBP=001048e4 ESP=001048d4
EIP=00100994 EFL=00000296 [--S-AP-] CPL=0 II=0 A20=1 SMM=0 HLT=0
ES =0018 00000000 ffffffff 00cf9300 DPL=0 DS   [-WA]
CS =0010 00000000 ffffffff 00cf9a00 DPL=0 CS32 [-R-]
SS =0018 00000000 ffffffff 00cf9300 DPL=0 DS   [-WA]
DS =0018 00000000 ffffffff 00cf9300 DPL=0 DS   [-WA]
FS =0018 00000000 ffffffff 00cf9300 DPL=0 DS   [-WA]
GS =0018 00000000 ffffffff 00cf9300 DPL=0 DS   [-WA]
LDT=0000 00000000 0000ffff 00008200 DPL=0 LDT
TR =0000 00000000 0000ffff 00008b00 DPL=0 TSS32-busy
GDT=     000010b0 00000020
IDT=     001295e0 000007ff
CR0=00000011 CR2=00000000 CR3=00000000 CR4=00000000
DR0=00000000 DR1=00000000 DR2=00000000 DR3=00000000 
DR6=ffff0ff0 DR7=00000400
CCS=00000094 CCD=ffffffff CCO=EFLAGS
EFER=0000000000000000
Servicing hardware INT=0x20
   813: v=20 e=0000 i=0 cpl=0 IP=0010:001019b8 pc=001019b8 SP=0018:0012dd64 env->regs[R_EAX]=001a1278
EAX=001a1278 EBX=00fefefe ECX=003029f4 EDX=fd073484
ESI=0012dd78 EDI=00000000 EBP=0012dd68 ESP=0012dd64
EIP=001019b8 EFL=00200206 [-----P-] CPL=0 II=0 A20=1 SMM=0 HLT=0
ES =0018 00000000 ffffffff 00cf9300 DPL=0 DS   [-WA]
CS =0010 00000000 ffffffff 00cf9a00 DPL=0 CS32 [-R-]
SS =0018 00000000 ffffffff 00cf9300 DPL=0 DS   [-WA]
DS =0018 00000000 ffffffff 00cf9300 DPL=0 DS   [-WA]
FS =0018 00000000 ffffffff 00cf9300 DPL=0 DS   [-WA]
GS =0018 00000000 ffffffff 00cf9300 DPL=0 DS   [-WA]
LDT=0000 00000000 0000ffff 00008200 DPL=0 LDT
TR =0000 00000000 0000ffff 00008b00 DPL=0 TSS32-busy
GDT=     000010b0 00000020
IDT=     001295e0 000007ff
CR0=00000011 CR2=00000000 CR3=00000000 CR4=00000000
DR0=00000000 DR1=00000000 DR2=00000000 DR3=00000000 
DR6=ffff0ff0 DR7=00000400
CCS=00000004 CCD=001a1278 CCO=EFLAGS
EFER=0000000000000000
Servicing hardware INT=0x20
   814: v=20 e=0000 i=0 cpl=0 IP=0010:001012eb pc=001012eb SP=0018:00103cb8 env->regs[R_EAX]=00104140
EAX=00104140 EBX=0012dd8c ECX=00001050 EDX=00004d72
ESI=0010006f EDI=00000000 EBP=00103cd4 ESP=00103cb8
EIP=001012eb EFL=00000202 [-------] CPL=0 II=0 A20=1 SMM=0 HLT=0
ES =0018 00000000 ffffffff 00cf9300 DPL=0 DS   [-WA]
CS =0010 00000000 ffffffff 00cf9a00 DPL=0 CS32 [-R-]
SS =0018 00000000 ffffffff 00cf9300 DPL=0 DS   [-WA]
DS =0018 00000000 ffffffff 00cf9300 DPL=0 DS   [-WA]
FS =0018 00000000 ffffffff 00cf9300 DPL=0 DS   [-WA]
GS =0018 00000000 ffffffff 00cf9300 DPL=0 DS   [-WA]
LDT=0000 00000000 0000ffff 00008200 DPL=0 LDT
TR =0000 00000000 0000ffff 00008b00 DPL=0 TSS32-busy
GDT=     000010b0 00000020
IDT=     001295e0 000007ff
CR0=00000011 CR2=00000000 CR3=00000000 CR4=00000000
DR0=00000000 DR1=00000000 DR2=00000000 DR3=00000000 
DR6=ffff0ff0 DR7=00000400
CCS=00000000 CCD=0000004f CCO=EFLAGS
EFER=0000000000000000
Servicing hardware INT=0x20
   815: v=20 e=0000 i=0 cpl=0 IP=0010:00100994 pc=00100994 SP=0018:001048d4 env->regs[R_EAX]=0000001c
EAX=0000001c EBX=00000000 ECX=00001900 EDX=00102844
ESI=001027c0 EDI=00000000 EBP=001048e4 ESP=001048d4
EIP=00100994 EFL=00000296 [--S-AP-] CPL=0 II=0 A20=1 SMM=0 HLT=0
ES =0018 00000000 ffffffff 00cf9300 DPL=0 DS   [-WA]
CS =0010 00000000 ffffffff 00cf9a00 DPL=0 CS32 [-R-]
SS =0018 00000000 ffffffff 00cf9300 DPL=0 DS   [-WA]
DS =0018 00000000 ffffffff 00cf9300 DPL=0 DS   [-WA]
FS =0018 00000000 ffffffff 00cf9300 DPL=0 DS   [-WA]
GS =0018 00000000 ffffffff 00cf9300 DPL=0 DS   [-WA]
LDT=0000 00000000 0000ffff 00008200 DPL=0 LDT
TR =0000 00000000 0000ffff 00008b00 DPL=0 TSS32-busy
GDT=     000010b0 00000020
IDT=     001295e0 000007ff
CR0=00000011 CR2=00000000 CR3=00000000 CR4=00000000
DR0=00000000 DR1=00000000 DR2=00000000 DR3=00000000 
DR6=ffff0ff0 DR7=00000400
CCS=00000094 CCD=ffffffff CCO=EFLAGS
EFER=0000000000000000
Servicing hardware INT=0x20
   816: v=20 e=0000 i=0 cpl=0 IP=0010:00101c44 pc=00101c44 SP=0018:0012dd20 env->regs[R_EAX]=00102844
EAX=00102844 EBX=00010000 ECX=00075300 EDX=0000c484
ESI=0012ddf4 EDI=00000000 EBP=0012dd68 ESP=0012dd20
EIP=00101c44 EFL=00200207 [-----PC] CPL=0 II=0 A20=1 SMM=0 HLT=0
ES =0018 00000000 ffffffff 00cf9300 DPL=0 DS   [-WA]
CS =0010 00000000 ffffffff 00cf9a00 DPL=0 CS32 [-R-]
SS =0018 00000000 ffffffff 00cf9300 DPL=0 DS   [-WA]
DS =0018 00000000 ffffffff 00cf9300 DPL=0 DS   [-WA]
FS =0018 00000000 ffffffff 00cf9300 DPL=0 DS   [-WA]
GS =0018 00000000 ffffffff 00cf9300 DPL=0 DS   [-WA]
LDT=0000 00000000 0000ffff 00008200 DPL=0 LDT
TR =0000 00000000 0000ffff 00008b00 DPL=0 TSS32-busy
GDT=     000010b0 00000020
IDT=     001295e0 000007ff
CR0=00000011 CR2=00000000 CR3=00000000 CR4=00000000
DR0=00000000 DR1=00000000 DR2=00000000 DR3=00000000 
DR6=ffff0ff0 DR7=00000400
CCS=00000005 CCD=0000c484 CCO=EFLAGS
EFER=0000000000000000
Servicing hardware INT=0x20
   817: v=20 e=0000 i=0 cpl=0 IP=0010:00101304 pc=00101304 SP=0018:00103c9c env->regs[R_EAX]=00000010
EAX=00000010 EBX=00100076 ECX=00001062 EDX=0000af72
ESI=0010006f EDI=00000000 EBP=00103cb4 ESP=00103c9c
EIP=00101304 EFL=00000246 [---Z-P-] CPL=0 II=0 A20=1 SMM=0 HLT=0
ES =0018 00000000 ffffffff 00cf9300 DPL=0 DS   [-WA]
CS =0010 00000000 ffffffff 00cf9a00 DPL=0 CS32 [-R-]
SS =0018 00000000 ffffffff 00cf9300 DPL=0 DS   [-WA]
DS =0018 00000000 ffffffff 00cf9300 DPL=0 DS   [-WA]
FS =0018 00000000 ffffffff 00cf9300 DPL=0 DS   [-WA]
GS =0018 00000000 ffffffff 00cf9300 DPL=0 DS   [-WA]
LDT=0000 00000000 0000ffff 00008200 DPL=0 LDT
TR =0000 00000000 0000ffff 00008b00 DPL=0 TSS32-busy
GDT=     000010b0 00000020
IDT=     001295e0 000007ff
CR0=00000011 CR2=00000000 CR3=00000000 CR4=00000000
DR0=00000000 DR1=00000000 DR2=00000000 DR3=00000000 
DR6=ffff0ff0 DR7=00000400
CCS=00000044 CCD=00000000 CCO=EFLAGS
EFER=0000000000000000
Servicing hardware INT=0x20
   818: v=20 e=0000 i=0 cpl=0 IP=0010:00100994 pc=00100994 SP=0018:001048d4 env->regs[R_EAX]=0000001c
EAX=0000001c EBX=00000000 ECX=00001900 EDX=00102844
ESI=001027c0 EDI=00000000 EBP=001048e4 ESP=001048d4
EIP=00100994 EFL=00000296 [--S-AP-] CPL=0 II=0 A20=1 SMM=0 HLT=0
ES =0018 00000000 ffffffff 00cf9300 DPL=0 DS   [-WA]
CS =0010 00000000 ffffffff 00cf9a00 DPL=0 CS32 [-R-]
SS =0018 00000000 ffffffff 00cf9300 DPL=0 DS   [-WA]
DS =0018 00000000 ffffffff 00cf9300 DPL=0 DS   [-WA]
FS =0018 00000000 ffffffff 00cf9300 DPL=0 DS   [-WA]
GS =0018 00000000 ffffffff 00cf9300 DPL=0 DS   [-WA]
LDT=0000 00000000 0000ffff 00008200 DPL=0 LDT
TR =0000 00000000 0000ffff 00008b00 DPL=0 TSS32-busy
GDT=     000010b0 00000020
IDT=     001295e0 000007ff
CR0=00000011 CR2=00000000 CR3=00000000 CR4=00000000
DR0=00000000 DR1=00000000 DR2=00000000 DR3=00000000 
DR6=ffff0ff0 DR7=00000400
CCS=00000094 CCD=ffffffff CCO=EFLAGS
EFER=0000000000000000
Servicing hardware INT=0x20
   819: v=20 e=0000 i=0 cpl=0 IP=0010:001019b8 pc=001019b8 SP=0018:0012dd64 env->regs[R_EAX]=002fa038
EAX=002fa038 EBX=006e96c2 ECX=003029f4 EDX=fd1cc244
ESI=0012dd78 EDI=00000000 EBP=0012dd68 ESP=0012dd64
EIP=001019b8 EFL=00200202 [-------] CPL=0 II=0 A20=1 SMM=0 HLT=0
ES =0018 00000000 ffffffff 00cf9300 DPL=0 DS   [-WA]
CS =0010 00000000 ffffffff 00cf9a00 DPL=0 CS32 [-R-]
SS =0018 00000000 ffffffff 00cf9300 DPL=0 DS   [-WA]
DS =0018 00000000 ffffffff 00cf9300 DPL=0 DS   [-WA]
FS =0018 00000000 ffffffff 00cf9300 DPL=0 DS   [-WA]
GS =0018 00000000 ffffffff 00cf9300 DPL=0 DS   [-WA]
LDT=0000 00000000 0000ffff 00008200 DPL=0 LDT
TR =0000 00000000 0000ffff 00008b00 DPL=0 TSS32-busy
GDT=     000010b0 00000020
IDT=     001295e0 000007ff
CR0=00000011 CR2=00000000 CR3=00000000 CR4=00000000
DR0=00000000 DR1=00000000 DR2=00000000 DR3=00000000 
DR6=ffff0ff0 DR7=00000400
CCS=00000000 CCD=002fa038 CCO=EFLAGS
EFER=0000000000000000
Servicing hardware INT=0x20
   820: v=20 e=0000 i=0 cpl=0 IP=0010:0010122f pc=0010122f SP=0018:00103c5c env->regs[R_EAX]=00102844
EAX=00102844 EBX=0000003c ECX=0000106c EDX=00006f6f
ESI=00102880 EDI=0000006f EBP=00103c94 ESP=00103c5c
EIP=0010122f EFL=00000206 [-----P-] CPL=0 II=0 A20=1 SMM=0 HLT=0
ES =0018 00000000 ffffffff 00cf9300 DPL=0 DS   [-WA]
CS =0010 00000000 ffffffff 00cf9a00 DPL=0 CS32 [-R-]
SS =0018 00000000 ffffffff 00cf9300 DPL=0 DS   [-WA]
DS =0018 00000000 ffffffff 00cf9300 DPL=0 DS   [-WA]
FS =0018 00000000 ffffffff 00cf9300 DPL=0 DS   [-WA]
GS =0018 00000000 ffffffff 00cf9300 DPL=0 DS   [-WA]
LDT=0000 00000000 0000ffff 00008200 DPL=0 LDT
TR =0000 00000000 0000ffff 00008b00 DPL=0 TSS32-busy
GDT=     000010b0 00000020
IDT=     001295e0 000007ff
CR0=00000011 CR2=00000000 CR3=00000000 CR4=00000000
DR0=00000000 DR1=00000000 DR2=00000000 DR3=00000000 
DR6=ffff0ff0 DR7=00000400
CCS=00000004 CCD=00000065 CCO=EFLAGS
EFER=0000000000000000
Servicing hardware INT=0x20
   821: v=20 e=0000 i=0 cpl=0 IP=0010:00100994 pc=00100994 SP=0018:001048d4 env->regs[R_EAX]=0000001c
EAX=0000001c EBX=00000000 ECX=00001900 EDX=00102844
ESI=001027c0 EDI=00000000 EBP=001048e4 ESP=001048d4
EIP=00100994 EFL=00000296 [--S-AP-] CPL=0 II=0 A20=1 SMM=0 HLT=0
ES =0018 00000000 ffffffff 00cf9300 DPL=0 DS   [-WA]
CS =0010 00000000 ffffffff 00cf9a00 DPL=0 CS32 [-R-]
SS =0018 00000000 ffffffff 00cf9300 DPL=0 DS   [-WA]
DS =0018 00000000 ffffffff 00cf9300 DPL=0 DS   [-WA]
FS =0018 00000000 ffffffff 00cf9300 DPL=0 DS   [-WA]
GS =0018 00000000 ffffffff 00cf9300 DPL=0 DS   [-WA]
LDT=0000 00000000 0000ffff 00008200 DPL=0 LDT
TR =0000 00000000 0000ffff 00008b00 DPL=0 TSS32-busy
GDT=     000010b0 00000020
IDT=     001295e0 000007ff
CR0=00000011 CR2=00000000 CR3=00000000 CR4=00000000
DR0=00000000 DR1=00000000 DR2=00000000 DR3=00000000 
DR6=ffff0ff0 DR7=00000400
CCS=00000094 CCD=ffffffff CCO=EFLAGS
EFER=0000000000000000
Servicing hardware INT=0x20
   822: v=20 e=0000 i=0 cpl=0 IP=0010:00101c44 pc=00101c44 SP=0018:0012dd20 env->regs[R_EAX]=00102844
EAX=00102844 EBX=00010000 ECX=00075300 EDX=0005af43
ESI=0012ddf4 EDI=00000000 EBP=0012dd68 ESP=0012dd20
EIP=00101c44 EFL=00200203 [------C] CPL=0 II=0 A20=1 SMM=0 HLT=0
ES =0018 00000000 ffffffff 00cf9300 DPL=0 DS   [-WA]
CS =0010 00000000 ffffffff 00cf9a00 DPL=0 CS32 [-R-]
SS =0018 00000000 ffffffff 00cf9300 DPL=0 DS   [-WA]
DS =0018 00000000 ffffffff 00cf9300 DPL=0 DS   [-WA]
FS =0018 00000000 ffffffff 00cf9300 DPL=0 DS   [-WA]
GS =0018 00000000 ffffffff 00cf9300 DPL=0 DS   [-WA]
LDT=0000 00000000 0000ffff 00008200 DPL=0 LDT
TR =0000 00000000 0000ffff 00008b00 DPL=0 TSS32-busy
GDT=     000010b0 00000020
IDT=     001295e0 000007ff
CR0=00000011 CR2=00000000 CR3=00000000 CR4=00000000
DR0=00000000 DR1=00000000 DR2=00000000 DR3=00000000 
DR6=ffff0ff0 DR7=00000400
CCS=00000001 CCD=0005af43 CCO=EFLAGS
EFER=0000000000000000
Servicing hardware INT=0x20
   823: v=20 e=0000 i=0 cpl=0 IP=0010:00101196 pc=00101196 SP=0018:00103c44 env->regs[R_EAX]=000001d4
EAX=000001d4 EBX=00103d28 ECX=000003ae EDX=0000416f
ESI=00102844 EDI=00000003 EBP=00103c54 ESP=00103c44
EIP=00101196 EFL=00000293 [--S-A-C] CPL=0 II=0 A20=1 SMM=0 HLT=0
ES =0018 00000000 ffffffff 00cf9300 DPL=0 DS   [-WA]
CS =0010 00000000 ffffffff 00cf9a00 DPL=0 CS32 [-R-]
SS =0018 00000000 ffffffff 00cf9300 DPL=0 DS   [-WA]
DS =0018 00000000 ffffffff 00cf9300 DPL=0 DS   [-WA]
FS =0018 00000000 ffffffff 00cf9300 DPL=0 DS   [-WA]
GS =0018 00000000 ffffffff 00cf9300 DPL=0 DS   [-WA]
LDT=0000 00000000 0000ffff 00008200 DPL=0 LDT
TR =0000 00000000 0000ffff 00008b00 DPL=0 TSS32-busy
GDT=     000010b0 00000020
IDT=     001295e0 000007ff
CR0=00000011 CR2=00000000 CR3=00000000 CR4=00000000
DR0=00000000 DR1=00000000 DR2=00000000 DR3=00000000 
DR6=ffff0ff0 DR7=00000400
CCS=00000091 CCD=ffffffe9 CCO=EFLAGS
EFER=0000000000000000
Servicing hardware INT=0x20
   824: v=20 e=0000 i=0 cpl=0 IP=0010:00100994 pc=00100994 SP=0018:001048d4 env->regs[R_EAX]=0000001c
EAX=0000001c EBX=00000000 ECX=00001900 EDX=00102844
ESI=001027c0 EDI=00000000 EBP=001048e4 ESP=001048d4
EIP=00100994 EFL=00000296 [--S-AP-] CPL=0 II=0 A20=1 SMM=0 HLT=0
ES =0018 00000000 ffffffff 00cf9300 DPL=0 DS   [-WA]
CS =0010 00000000 ffffffff 00cf9a00 DPL=0 CS32 [-R-]
SS =0018 00000000 ffffffff 00cf9300 DPL=0 DS   [-WA]
DS =0018 00000000 ffffffff 00cf9300 DPL=0 DS   [-WA]
FS =0018 00000000 ffffffff 00cf9300 DPL=0 DS   [-WA]
GS =0018 00000000 ffffffff 00cf9300 DPL=0 DS   [-WA]
LDT=0000 00000000 0000ffff 00008200 DPL=0 LDT
TR =0000 00000000 0000ffff 00008b00 DPL=0 TSS32-busy
GDT=     000010b0 00000020
IDT=     001295e0 000007ff
CR0=00000011 CR2=00000000 CR3=00000000 CR4=00000000
DR0=00000000 DR1=00000000 DR2=00000000 DR3=00000000 
DR6=ffff0ff0 DR7=00000400
CCS=00000094 CCD=ffffffff CCO=EFLAGS
EFER=0000000000000000
Servicing hardware INT=0x20
   825: v=20 e=0000 i=0 cpl=0 IP=0010:001019bc pc=001019bc SP=0018:0012dd64 env->regs[R_EAX]=00250b00
EAX=00250b00 EBX=006e96c2 ECX=003029f4 EDX=fd122d0c
ESI=0012dd78 EDI=00000000 EBP=0012dd68 ESP=0012dd64
EIP=001019bc EFL=00200297 [--S-APC] CPL=0 II=0 A20=1 SMM=0 HLT=0
ES =0018 00000000 ffffffff 00cf9300 DPL=0 DS   [-WA]
CS =0010 00000000 ffffffff 00cf9a00 DPL=0 CS32 [-R-]
SS =0018 00000000 ffffffff 00cf9300 DPL=0 DS   [-WA]
DS =0018 00000000 ffffffff 00cf9300 DPL=0 DS   [-WA]
FS =0018 00000000 ffffffff 00cf9300 DPL=0 DS   [-WA]
GS =0018 00000000 ffffffff 00cf9300 DPL=0 DS   [-WA]
LDT=0000 00000000 0000ffff 00008200 DPL=0 LDT
TR =0000 00000000 0000ffff 00008b00 DPL=0 TSS32-busy
GDT=     000010b0 00000020
IDT=     001295e0 000007ff
CR0=00000011 CR2=00000000 CR3=00000000 CR4=00000000
DR0=00000000 DR1=00000000 DR2=00000000 DR3=00000000 
DR6=ffff0ff0 DR7=00000400
CCS=00000095 CCD=fff4e10c CCO=EFLAGS
EFER=0000000000000000
Servicing hardware INT=0x20
   826: v=20 e=0000 i=0 cpl=0 IP=0010:00101304 pc=00101304 SP=0018:00103c9c env->regs[R_EAX]=00000011
EAX=00000011 EBX=00100072 ECX=00001064 EDX=0000256f
ESI=0010006f EDI=00000000 EBP=00103cb4 ESP=00103c9c
EIP=00101304 EFL=00000246 [---Z-P-] CPL=0 II=0 A20=1 SMM=0 HLT=0
ES =0018 00000000 ffffffff 00cf9300 DPL=0 DS   [-WA]
CS =0010 00000000 ffffffff 00cf9a00 DPL=0 CS32 [-R-]
SS =0018 00000000 ffffffff 00cf9300 DPL=0 DS   [-WA]
DS =0018 00000000 ffffffff 00cf9300 DPL=0 DS   [-WA]
FS =0018 00000000 ffffffff 00cf9300 DPL=0 DS   [-WA]
GS =0018 00000000 ffffffff 00cf9300 DPL=0 DS   [-WA]
LDT=0000 00000000 0000ffff 00008200 DPL=0 LDT
TR =0000 00000000 0000ffff 00008b00 DPL=0 TSS32-busy
GDT=     000010b0 00000020
IDT=     001295e0 000007ff
CR0=00000011 CR2=00000000 CR3=00000000 CR4=00000000
DR0=00000000 DR1=00000000 DR2=00000000 DR3=00000000 
DR6=ffff0ff0 DR7=00000400
CCS=00000044 CCD=00000000 CCO=EFLAGS
EFER=0000000000000000
Servicing hardware INT=0x20
   827: v=20 e=0000 i=0 cpl=0 IP=0010:00100994 pc=00100994 SP=0018:001048d4 env->regs[R_EAX]=0000001c
EAX=0000001c EBX=00000000 ECX=00001900 EDX=00102844
ESI=001027c0 EDI=00000000 EBP=001048e4 ESP=001048d4
EIP=00100994 EFL=00000296 [--S-AP-] CPL=0 II=0 A20=1 SMM=0 HLT=0
ES =0018 00000000 ffffffff 00cf9300 DPL=0 DS   [-WA]
CS =0010 00000000 ffffffff 00cf9a00 DPL=0 CS32 [-R-]
SS =0018 00000000 ffffffff 00cf9300 DPL=0 DS   [-WA]
DS =0018 00000000 ffffffff 00cf9300 DPL=0 DS   [-WA]
FS =0018 00000000 ffffffff 00cf9300 DPL=0 DS   [-WA]
GS =0018 00000000 ffffffff 00cf9300 DPL=0 DS   [-WA]
LDT=0000 00000000 0000ffff 00008200 DPL=0 LDT
TR =0000 00000000 0000ffff 00008b00 DPL=0 TSS32-busy
GDT=     000010b0 00000020
IDT=     001295e0 000007ff
CR0=00000011 CR2=00000000 CR3=00000000 CR4=00000000
DR0=00000000 DR1=00000000 DR2=00000000 DR3=00000000 
DR6=ffff0ff0 DR7=00000400
CCS=00000094 CCD=ffffffff CCO=EFLAGS
EFER=0000000000000000
Servicing hardware INT=0x20
   828: v=20 e=0000 i=0 cpl=0 IP=0010:001019b8 pc=001019b8 SP=0018:0012dd64 env->regs[R_EAX]=00284168
EAX=00284168 EBX=006e96c2 ECX=003029f4 EDX=fd156374
ESI=0012dd78 EDI=00000000 EBP=0012dd68 ESP=0012dd64
EIP=001019b8 EFL=00200202 [-------] CPL=0 II=0 A20=1 SMM=0 HLT=0
ES =0018 00000000 ffffffff 00cf9300 DPL=0 DS   [-WA]
CS =0010 00000000 ffffffff 00cf9a00 DPL=0 CS32 [-R-]
SS =0018 00000000 ffffffff 00cf9300 DPL=0 DS   [-WA]
DS =0018 00000000 ffffffff 00cf9300 DPL=0 DS   [-WA]
FS =0018 00000000 ffffffff 00cf9300 DPL=0 DS   [-WA]
GS =0018 00000000 ffffffff 00cf9300 DPL=0 DS   [-WA]
LDT=0000 00000000 0000ffff 00008200 DPL=0 LDT
TR =0000 00000000 0000ffff 00008b00 DPL=0 TSS32-busy
GDT=     000010b0 00000020
IDT=     001295e0 000007ff
CR0=00000011 CR2=00000000 CR3=00000000 CR4=00000000
DR0=00000000 DR1=00000000 DR2=00000000 DR3=00000000 
DR6=ffff0ff0 DR7=00000400
CCS=00000000 CCD=00284168 CCO=EFLAGS
EFER=0000000000000000
Servicing hardware INT=0x20
   829: v=20 e=0000 i=0 cpl=0 IP=0010:00101196 pc=00101196 SP=0018:00103c44 env->regs[R_EAX]=0000001a
EAX=0000001a EBX=00103d28 ECX=0000005a EDX=00008162
ESI=00102844 EDI=00000013 EBP=00103c54 ESP=00103c44
EIP=00101196 EFL=00000297 [--S-APC] CPL=0 II=0 A20=1 SMM=0 HLT=0
ES =0018 00000000 ffffffff 00cf9300 DPL=0 DS   [-WA]
CS =0010 00000000 ffffffff 00cf9a00 DPL=0 CS32 [-R-]
SS =0018 00000000 ffffffff 00cf9300 DPL=0 DS   [-WA]
DS =0018 00000000 ffffffff 00cf9300 DPL=0 DS   [-WA]
FS =0018 00000000 ffffffff 00cf9300 DPL=0 DS   [-WA]
GS =0018 00000000 ffffffff 00cf9300 DPL=0 DS   [-WA]
LDT=0000 00000000 0000ffff 00008200 DPL=0 LDT
TR =0000 00000000 0000ffff 00008b00 DPL=0 TSS32-busy
GDT=     000010b0 00000020
IDT=     001295e0 000007ff
CR0=00000011 CR2=00000000 CR3=00000000 CR4=00000000
DR0=00000000 DR1=00000000 DR2=00000000 DR3=00000000 
DR6=ffff0ff0 DR7=00000400
CCS=00000095 CCD=fffffff9 CCO=EFLAGS
EFER=0000000000000000
Servicing hardware INT=0x20
   830: v=20 e=0000 i=0 cpl=0 IP=0010:00100994 pc=00100994 SP=0018:001048d4 env->regs[R_EAX]=0000001c
EAX=0000001c EBX=00000000 ECX=00001900 EDX=00102844
ESI=001027c0 EDI=00000000 EBP=001048e4 ESP=001048d4
EIP=00100994 EFL=00000296 [--S-AP-] CPL=0 II=0 A20=1 SMM=0 HLT=0
ES =0018 00000000 ffffffff 00cf9300 DPL=0 DS   [-WA]
CS =0010 00000000 ffffffff 00cf9a00 DPL=0 CS32 [-R-]
SS =0018 00000000 ffffffff 00cf9300 DPL=0 DS   [-WA]
DS =0018 00000000 ffffffff 00cf9300 DPL=0 DS   [-WA]
FS =0018 00000000 ffffffff 00cf9300 DPL=0 DS   [-WA]
GS =0018 00000000 ffffffff 00cf9300 DPL=0 DS   [-WA]
LDT=0000 00000000 0000ffff 00008200 DPL=0 LDT
TR =0000 00000000 0000ffff 00008b00 DPL=0 TSS32-busy
GDT=     000010b0 00000020
IDT=     001295e0 000007ff
CR0=00000011 CR2=00000000 CR3=00000000 CR4=00000000
DR0=00000000 DR1=00000000 DR2=00000000 DR3=00000000 
DR6=ffff0ff0 DR7=00000400
CCS=00000094 CCD=ffffffff CCO=EFLAGS
EFER=0000000000000000
Servicing hardware INT=0x20
   831: v=20 e=0000 i=0 cpl=0 IP=0010:00101c44 pc=00101c44 SP=0018:0012dd20 env->regs[R_EAX]=00102844
EAX=00102844 EBX=00010000 ECX=00075300 EDX=0001662c
ESI=0012ddf4 EDI=00000000 EBP=0012dd68 ESP=0012dd20
EIP=00101c44 EFL=00200203 [------C] CPL=0 II=0 A20=1 SMM=0 HLT=0
ES =0018 00000000 ffffffff 00cf9300 DPL=0 DS   [-WA]
CS =0010 00000000 ffffffff 00cf9a00 DPL=0 CS32 [-R-]
SS =0018 00000000 ffffffff 00cf9300 DPL=0 DS   [-WA]
DS =0018 00000000 ffffffff 00cf9300 DPL=0 DS   [-WA]
FS =0018 00000000 ffffffff 00cf9300 DPL=0 DS   [-WA]
GS =0018 00000000 ffffffff 00cf9300 DPL=0 DS   [-WA]
LDT=0000 00000000 0000ffff 00008200 DPL=0 LDT
TR =0000 00000000 0000ffff 00008b00 DPL=0 TSS32-busy
GDT=     000010b0 00000020
IDT=     001295e0 000007ff
CR0=00000011 CR2=00000000 CR3=00000000 CR4=00000000
DR0=00000000 DR1=00000000 DR2=00000000 DR3=00000000 
DR6=ffff0ff0 DR7=00000400
CCS=00000001 CCD=0001662c CCO=EFLAGS
EFER=0000000000000000
Servicing hardware INT=0x20
   832: v=20 e=0000 i=0 cpl=0 IP=0010:00101309 pc=00101309 SP=0018:00103cac env->regs[R_EAX]=00000000
EAX=00000000 EBX=00100077 ECX=0000105c EDX=00000572
ESI=0010006f EDI=00000000 EBP=00103cb4 ESP=00103cac
EIP=00101309 EFL=00000246 [---Z-P-] CPL=0 II=0 A20=1 SMM=0 HLT=0
ES =0018 00000000 ffffffff 00cf9300 DPL=0 DS   [-WA]
CS =0010 00000000 ffffffff 00cf9a00 DPL=0 CS32 [-R-]
SS =0018 00000000 ffffffff 00cf9300 DPL=0 DS   [-WA]
DS =0018 00000000 ffffffff 00cf9300 DPL=0 DS   [-WA]
FS =0018 00000000 ffffffff 00cf9300 DPL=0 DS   [-WA]
GS =0018 00000000 ffffffff 00cf9300 DPL=0 DS   [-WA]
LDT=0000 00000000 0000ffff 00008200 DPL=0 LDT
TR =0000 00000000 0000ffff 00008b00 DPL=0 TSS32-busy
GDT=     000010b0 00000020
IDT=     001295e0 000007ff
CR0=00000011 CR2=00000000 CR3=00000000 CR4=00000000
DR0=00000000 DR1=00000000 DR2=00000000 DR3=00000000 
DR6=ffff0ff0 DR7=00000400
CCS=00000044 CCD=00000000 CCO=EFLAGS
EFER=0000000000000000
Servicing hardware INT=0x20
   833: v=20 e=0000 i=0 cpl=0 IP=0010:00100994 pc=00100994 SP=0018:001048d4 env->regs[R_EAX]=0000001c
EAX=0000001c EBX=00000000 ECX=00001900 EDX=00102844
ESI=001027c0 EDI=00000000 EBP=001048e4 ESP=001048d4
EIP=00100994 EFL=00000296 [--S-AP-] CPL=0 II=0 A20=1 SMM=0 HLT=0
ES =0018 00000000 ffffffff 00cf9300 DPL=0 DS   [-WA]
CS =0010 00000000 ffffffff 00cf9a00 DPL=0 CS32 [-R-]
SS =0018 00000000 ffffffff 00cf9300 DPL=0 DS   [-WA]
DS =0018 00000000 ffffffff 00cf9300 DPL=0 DS   [-WA]
FS =0018 00000000 ffffffff 00cf9300 DPL=0 DS   [-WA]
GS =0018 00000000 ffffffff 00cf9300 DPL=0 DS   [-WA]
LDT=0000 00000000 0000ffff 00008200 DPL=0 LDT
TR =0000 00000000 0000ffff 00008b00 DPL=0 TSS32-busy
GDT=     000010b0 00000020
IDT=     001295e0 000007ff
CR0=00000011 CR2=00000000 CR3=00000000 CR4=00000000
DR0=00000000 DR1=00000000 DR2=00000000 DR3=00000000 
DR6=ffff0ff0 DR7=00000400
CCS=00000094 CCD=ffffffff CCO=EFLAGS
EFER=0000000000000000
Servicing hardware INT=0x20
   834: v=20 e=0000 i=0 cpl=0 IP=0010:00101146 pc=00101146 SP=0018:0012dcec env->regs[R_EAX]=00160554
EAX=00160554 EBX=00000072 ECX=0074b2ed EDX=000000e0
ESI=00000038 EDI=000000b0 EBP=0012dd04 ESP=0012dcec
EIP=00101146 EFL=00200212 [----A--] CPL=0 II=0 A20=1 SMM=0 HLT=0
ES =0018 00000000 ffffffff 00cf9300 DPL=0 DS   [-WA]
CS =0010 00000000 ffffffff 00cf9a00 DPL=0 CS32 [-R-]
SS =0018 00000000 ffffffff 00cf9300 DPL=0 DS   [-WA]
DS =0018 00000000 ffffffff 00cf9300 DPL=0 DS   [-WA]
FS =0018 00000000 ffffffff 00cf9300 DPL=0 DS   [-WA]
GS =0018 00000000 ffffffff 00cf9300 DPL=0 DS   [-WA]
LDT=0000 00000000 0000ffff 00008200 DPL=0 LDT
TR =0000 00000000 0000ffff 00008b00 DPL=0 TSS32-busy
GDT=     000010b0 00000020
IDT=     001295e0 000007ff
CR0=00000011 CR2=00000000 CR3=00000000 CR4=00000000
DR0=00000000 DR1=00000000 DR2=00000000 DR3=00000000 
DR6=ffff0ff0 DR7=00000400
CCS=00000010 CCD=0000006e CCO=EFLAGS
EFER=0000000000000000
Servicing hardware INT=0x20
   835: v=20 e=0000 i=0 cpl=0 IP=0010:00101196 pc=00101196 SP=0018:00103c44 env->regs[R_EAX]=00000138
EAX=00000138 EBX=00103d28 ECX=00000284 EDX=00005f62
ESI=00102844 EDI=0000000a EBP=00103c54 ESP=00103c44
EIP=00101196 EFL=00000287 [--S--PC] CPL=0 II=0 A20=1 SMM=0 HLT=0
ES =0018 00000000 ffffffff 00cf9300 DPL=0 DS   [-WA]
CS =0010 00000000 ffffffff 00cf9a00 DPL=0 CS32 [-R-]
SS =0018 00000000 ffffffff 00cf9300 DPL=0 DS   [-WA]
DS =0018 00000000 ffffffff 00cf9300 DPL=0 DS   [-WA]
FS =0018 00000000 ffffffff 00cf9300 DPL=0 DS   [-WA]
GS =0018 00000000 ffffffff 00cf9300 DPL=0 DS   [-WA]
LDT=0000 00000000 0000ffff 00008200 DPL=0 LDT
TR =0000 00000000 0000ffff 00008b00 DPL=0 TSS32-busy
GDT=     000010b0 00000020
IDT=     001295e0 000007ff
CR0=00000011 CR2=00000000 CR3=00000000 CR4=00000000
DR0=00000000 DR1=00000000 DR2=00000000 DR3=00000000 
DR6=ffff0ff0 DR7=00000400
CCS=00000085 CCD=fffffff0 CCO=EFLAGS
EFER=0000000000000000
Servicing hardware INT=0x20
   836: v=20 e=0000 i=0 cpl=0 IP=0010:00100994 pc=00100994 SP=0018:001048d4 env->regs[R_EAX]=0000001c
EAX=0000001c EBX=00000000 ECX=00001900 EDX=00102844
ESI=001027c0 EDI=00000000 EBP=001048e4 ESP=001048d4
EIP=00100994 EFL=00000296 [--S-AP-] CPL=0 II=0 A20=1 SMM=0 HLT=0
ES =0018 00000000 ffffffff 00cf9300 DPL=0 DS   [-WA]
CS =0010 00000000 ffffffff 00cf9a00 DPL=0 CS32 [-R-]
SS =0018 00000000 ffffffff 00cf9300 DPL=0 DS   [-WA]
DS =0018 00000000 ffffffff 00cf9300 DPL=0 DS   [-WA]
FS =0018 00000000 ffffffff 00cf9300 DPL=0 DS   [-WA]
GS =0018 00000000 ffffffff 00cf9300 DPL=0 DS   [-WA]
LDT=0000 00000000 0000ffff 00008200 DPL=0 LDT
TR =0000 00000000 0000ffff 00008b00 DPL=0 TSS32-busy
GDT=     000010b0 00000020
IDT=     001295e0 000007ff
CR0=00000011 CR2=00000000 CR3=00000000 CR4=00000000
DR0=00000000 DR1=00000000 DR2=00000000 DR3=00000000 
DR6=ffff0ff0 DR7=00000400
CCS=00000094 CCD=ffffffff CCO=EFLAGS
EFER=0000000000000000
Servicing hardware INT=0x20
   837: v=20 e=0000 i=0 cpl=0 IP=0010:00101c44 pc=00101c44 SP=0018:0012dd20 env->regs[R_EAX]=00102844
EAX=00102844 EBX=00010000 ECX=00075300 EDX=0002abca
ESI=0012ddf4 EDI=00000000 EBP=0012dd68 ESP=0012dd20
EIP=00101c44 EFL=00200207 [-----PC] CPL=0 II=0 A20=1 SMM=0 HLT=0
ES =0018 00000000 ffffffff 00cf9300 DPL=0 DS   [-WA]
CS =0010 00000000 ffffffff 00cf9a00 DPL=0 CS32 [-R-]
SS =0018 00000000 ffffffff 00cf9300 DPL=0 DS   [-WA]
DS =0018 00000000 ffffffff 00cf9300 DPL=0 DS   [-WA]
FS =0018 00000000 ffffffff 00cf9300 DPL=0 DS   [-WA]
GS =0018 00000000 ffffffff 00cf9300 DPL=0 DS   [-WA]
LDT=0000 00000000 0000ffff 00008200 DPL=0 LDT
TR =0000 00000000 0000ffff 00008b00 DPL=0 TSS32-busy
GDT=     000010b0 00000020
IDT=     001295e0 000007ff
CR0=00000011 CR2=00000000 CR3=00000000 CR4=00000000
DR0=00000000 DR1=00000000 DR2=00000000 DR3=00000000 
DR6=ffff0ff0 DR7=00000400
CCS=00000005 CCD=0002abca CCO=EFLAGS
EFER=0000000000000000
Servicing hardware INT=0x20
   838: v=20 e=0000 i=0 cpl=0 IP=0010:001012c2 pc=001012c2 SP=0018:00103c5c env->regs[R_EAX]=00000009
EAX=00000009 EBX=001034e8 ECX=00001054 EDX=0000f972
ESI=00102880 EDI=00000072 EBP=00103c94 ESP=00103c5c
EIP=001012c2 EFL=00000287 [--S--PC] CPL=0 II=0 A20=1 SMM=0 HLT=0
ES =0018 00000000 ffffffff 00cf9300 DPL=0 DS   [-WA]
CS =0010 00000000 ffffffff 00cf9a00 DPL=0 CS32 [-R-]
SS =0018 00000000 ffffffff 00cf9300 DPL=0 DS   [-WA]
DS =0018 00000000 ffffffff 00cf9300 DPL=0 DS   [-WA]
FS =0018 00000000 ffffffff 00cf9300 DPL=0 DS   [-WA]
GS =0018 00000000 ffffffff 00cf9300 DPL=0 DS   [-WA]
LDT=0000 00000000 0000ffff 00008200 DPL=0 LDT
TR =0000 00000000 0000ffff 00008b00 DPL=0 TSS32-busy
GDT=     000010b0 00000020
IDT=     001295e0 000007ff
CR0=00000011 CR2=00000000 CR3=00000000 CR4=00000000
DR0=00000000 DR1=00000000 DR2=00000000 DR3=00000000 
DR6=ffff0ff0 DR7=00000400
CCS=00000085 CCD=fffffff0 CCO=EFLAGS
EFER=0000000000000000
Servicing hardware INT=0x20
   839: v=20 e=0000 i=0 cpl=0 IP=0010:00100994 pc=00100994 SP=0018:001048d4 env->regs[R_EAX]=0000001c
EAX=0000001c EBX=00000000 ECX=00001900 EDX=00102844
ESI=001027c0 EDI=00000000 EBP=001048e4 ESP=001048d4
EIP=00100994 EFL=00000296 [--S-AP-] CPL=0 II=0 A20=1 SMM=0 HLT=0
ES =0018 00000000 ffffffff 00cf9300 DPL=0 DS   [-WA]
CS =0010 00000000 ffffffff 00cf9a00 DPL=0 CS32 [-R-]
SS =0018 00000000 ffffffff 00cf9300 DPL=0 DS   [-WA]
DS =0018 00000000 ffffffff 00cf9300 DPL=0 DS   [-WA]
FS =0018 00000000 ffffffff 00cf9300 DPL=0 DS   [-WA]
GS =0018 00000000 ffffffff 00cf9300 DPL=0 DS   [-WA]
LDT=0000 00000000 0000ffff 00008200 DPL=0 LDT
TR =0000 00000000 0000ffff 00008b00 DPL=0 TSS32-busy
GDT=     000010b0 00000020
IDT=     001295e0 000007ff
CR0=00000011 CR2=00000000 CR3=00000000 CR4=00000000
DR0=00000000 DR1=00000000 DR2=00000000 DR3=00000000 
DR6=ffff0ff0 DR7=00000400
CCS=00000094 CCD=ffffffff CCO=EFLAGS
EFER=0000000000000000
Servicing hardware INT=0x20
   840: v=20 e=0000 i=0 cpl=0 IP=0010:001016cf pc=001016cf SP=0018:0012dc9c env->regs[R_EAX]=00004c20
EAX=00004c20 EBX=00000320 ECX=00000000 EDX=00000000
ESI=00000080 EDI=00140e74 EBP=0012dcc8 ESP=0012dc9c
EIP=001016cf EFL=00200202 [-------] CPL=0 II=0 A20=1 SMM=0 HLT=0
ES =0018 00000000 ffffffff 00cf9300 DPL=0 DS   [-WA]
CS =0010 00000000 ffffffff 00cf9a00 DPL=0 CS32 [-R-]
SS =0018 00000000 ffffffff 00cf9300 DPL=0 DS   [-WA]
DS =0018 00000000 ffffffff 00cf9300 DPL=0 DS   [-WA]
FS =0018 00000000 ffffffff 00cf9300 DPL=0 DS   [-WA]
GS =0018 00000000 ffffffff 00cf9300 DPL=0 DS   [-WA]
LDT=0000 00000000 0000ffff 00008200 DPL=0 LDT
TR =0000 00000000 0000ffff 00008b00 DPL=0 TSS32-busy
GDT=     000010b0 00000020
IDT=     001295e0 000007ff
CR0=00000011 CR2=00000000 CR3=00000000 CR4=00000000
DR0=00000000 DR1=00000000 DR2=00000000 DR3=00000000 
DR6=ffff0ff0 DR7=00000400
CCS=00000000 CCD=00000080 CCO=EFLAGS
EFER=0000000000000000
Servicing hardware INT=0x20
   841: v=20 e=0000 i=0 cpl=0 IP=0010:00101196 pc=00101196 SP=0018:00103c44 env->regs[R_EAX]=000001a0
EAX=000001a0 EBX=00103d28 ECX=0000036c EDX=0000cd61
ESI=00102844 EDI=00000016 EBP=00103c54 ESP=00103c44
EIP=00101196 EFL=00000297 [--S-APC] CPL=0 II=0 A20=1 SMM=0 HLT=0
ES =0018 00000000 ffffffff 00cf9300 DPL=0 DS   [-WA]
CS =0010 00000000 ffffffff 00cf9a00 DPL=0 CS32 [-R-]
SS =0018 00000000 ffffffff 00cf9300 DPL=0 DS   [-WA]
DS =0018 00000000 ffffffff 00cf9300 DPL=0 DS   [-WA]
FS =0018 00000000 ffffffff 00cf9300 DPL=0 DS   [-WA]
GS =0018 00000000 ffffffff 00cf9300 DPL=0 DS   [-WA]
LDT=0000 00000000 0000ffff 00008200 DPL=0 LDT
TR =0000 00000000 0000ffff 00008b00 DPL=0 TSS32-busy
GDT=     000010b0 00000020
IDT=     001295e0 000007ff
CR0=00000011 CR2=00000000 CR3=00000000 CR4=00000000
DR0=00000000 DR1=00000000 DR2=00000000 DR3=00000000 
DR6=ffff0ff0 DR7=00000400
CCS=00000095 CCD=fffffffc CCO=EFLAGS
EFER=0000000000000000
Servicing hardware INT=0x20
   842: v=20 e=0000 i=0 cpl=0 IP=0010:00100994 pc=00100994 SP=0018:001048d4 env->regs[R_EAX]=0000001c
EAX=0000001c EBX=00000000 ECX=00001900 EDX=00102844
ESI=001027c0 EDI=00000000 EBP=001048e4 ESP=001048d4
EIP=00100994 EFL=00000296 [--S-AP-] CPL=0 II=0 A20=1 SMM=0 HLT=0
ES =0018 00000000 ffffffff 00cf9300 DPL=0 DS   [-WA]
CS =0010 00000000 ffffffff 00cf9a00 DPL=0 CS32 [-R-]
SS =0018 00000000 ffffffff 00cf9300 DPL=0 DS   [-WA]
DS =0018 00000000 ffffffff 00cf9300 DPL=0 DS   [-WA]
FS =0018 00000000 ffffffff 00cf9300 DPL=0 DS   [-WA]
GS =0018 00000000 ffffffff 00cf9300 DPL=0 DS   [-WA]
LDT=0000 00000000 0000ffff 00008200 DPL=0 LDT
TR =0000 00000000 0000ffff 00008b00 DPL=0 TSS32-busy
GDT=     000010b0 00000020
IDT=     001295e0 000007ff
CR0=00000011 CR2=00000000 CR3=00000000 CR4=00000000
DR0=00000000 DR1=00000000 DR2=00000000 DR3=00000000 
DR6=ffff0ff0 DR7=00000400
CCS=00000094 CCD=ffffffff CCO=EFLAGS
EFER=0000000000000000
Servicing hardware INT=0x20
   843: v=20 e=0000 i=0 cpl=0 IP=0010:001019b8 pc=001019b8 SP=0018:0012dd64 env->regs[R_EAX]=00297df8
EAX=00297df8 EBX=006e96c2 ECX=003029f4 EDX=fd16a004
ESI=0012dd78 EDI=00000000 EBP=0012dd68 ESP=0012dd64
EIP=001019b8 EFL=00200202 [-------] CPL=0 II=0 A20=1 SMM=0 HLT=0
ES =0018 00000000 ffffffff 00cf9300 DPL=0 DS   [-WA]
CS =0010 00000000 ffffffff 00cf9a00 DPL=0 CS32 [-R-]
SS =0018 00000000 ffffffff 00cf9300 DPL=0 DS   [-WA]
DS =0018 00000000 ffffffff 00cf9300 DPL=0 DS   [-WA]
FS =0018 00000000 ffffffff 00cf9300 DPL=0 DS   [-WA]
GS =0018 00000000 ffffffff 00cf9300 DPL=0 DS   [-WA]
LDT=0000 00000000 0000ffff 00008200 DPL=0 LDT
TR =0000 00000000 0000ffff 00008b00 DPL=0 TSS32-busy
GDT=     000010b0 00000020
IDT=     001295e0 000007ff
CR0=00000011 CR2=00000000 CR3=00000000 CR4=00000000
DR0=00000000 DR1=00000000 DR2=00000000 DR3=00000000 
DR6=ffff0ff0 DR7=00000400
CCS=00000000 CCD=00297df8 CCO=EFLAGS
EFER=0000000000000000
Servicing hardware INT=0x20
   844: v=20 e=0000 i=0 cpl=0 IP=0010:00101196 pc=00101196 SP=0018:00103c44 env->regs[R_EAX]=000001d4
EAX=000001d4 EBX=00103d28 ECX=000003c2 EDX=0000df6f
ESI=00102844 EDI=0000000d EBP=00103c54 ESP=00103c44
EIP=00101196 EFL=00000287 [--S--PC] CPL=0 II=0 A20=1 SMM=0 HLT=0
ES =0018 00000000 ffffffff 00cf9300 DPL=0 DS   [-WA]
CS =0010 00000000 ffffffff 00cf9a00 DPL=0 CS32 [-R-]
SS =0018 00000000 ffffffff 00cf9300 DPL=0 DS   [-WA]
DS =0018 00000000 ffffffff 00cf9300 DPL=0 DS   [-WA]
FS =0018 00000000 ffffffff 00cf9300 DPL=0 DS   [-WA]
GS =0018 00000000 ffffffff 00cf9300 DPL=0 DS   [-WA]
LDT=0000 00000000 0000ffff 00008200 DPL=0 LDT
TR =0000 00000000 0000ffff 00008b00 DPL=0 TSS32-busy
GDT=     000010b0 00000020
IDT=     001295e0 000007ff
CR0=00000011 CR2=00000000 CR3=00000000 CR4=00000000
DR0=00000000 DR1=00000000 DR2=00000000 DR3=00000000 
DR6=ffff0ff0 DR7=00000400
CCS=00000085 CCD=fffffff3 CCO=EFLAGS
EFER=0000000000000000
Servicing hardware INT=0x20
   845: v=20 e=0000 i=0 cpl=0 IP=0010:00100994 pc=00100994 SP=0018:001048d4 env->regs[R_EAX]=0000001c
EAX=0000001c EBX=00000000 ECX=00001900 EDX=00102844
ESI=001027c0 EDI=00000000 EBP=001048e4 ESP=001048d4
EIP=00100994 EFL=00000296 [--S-AP-] CPL=0 II=0 A20=1 SMM=0 HLT=0
ES =0018 00000000 ffffffff 00cf9300 DPL=0 DS   [-WA]
CS =0010 00000000 ffffffff 00cf9a00 DPL=0 CS32 [-R-]
SS =0018 00000000 ffffffff 00cf9300 DPL=0 DS   [-WA]
DS =0018 00000000 ffffffff 00cf9300 DPL=0 DS   [-WA]
FS =0018 00000000 ffffffff 00cf9300 DPL=0 DS   [-WA]
GS =0018 00000000 ffffffff 00cf9300 DPL=0 DS   [-WA]
LDT=0000 00000000 0000ffff 00008200 DPL=0 LDT
TR =0000 00000000 0000ffff 00008b00 DPL=0 TSS32-busy
GDT=     000010b0 00000020
IDT=     001295e0 000007ff
CR0=00000011 CR2=00000000 CR3=00000000 CR4=00000000
DR0=00000000 DR1=00000000 DR2=00000000 DR3=00000000 
DR6=ffff0ff0 DR7=00000400
CCS=00000094 CCD=ffffffff CCO=EFLAGS
EFER=0000000000000000
Servicing hardware INT=0x20
   846: v=20 e=0000 i=0 cpl=0 IP=0010:00101c44 pc=00101c44 SP=0018:0012dd20 env->regs[R_EAX]=00102844
EAX=00102844 EBX=00010000 ECX=00075300 EDX=0002381b
ESI=0012ddf4 EDI=00000000 EBP=0012dd68 ESP=0012dd20
EIP=00101c44 EFL=00200207 [-----PC] CPL=0 II=0 A20=1 SMM=0 HLT=0
ES =0018 00000000 ffffffff 00cf9300 DPL=0 DS   [-WA]
CS =0010 00000000 ffffffff 00cf9a00 DPL=0 CS32 [-R-]
SS =0018 00000000 ffffffff 00cf9300 DPL=0 DS   [-WA]
DS =0018 00000000 ffffffff 00cf9300 DPL=0 DS   [-WA]
FS =0018 00000000 ffffffff 00cf9300 DPL=0 DS   [-WA]
GS =0018 00000000 ffffffff 00cf9300 DPL=0 DS   [-WA]
LDT=0000 00000000 0000ffff 00008200 DPL=0 LDT
TR =0000 00000000 0000ffff 00008b00 DPL=0 TSS32-busy
GDT=     000010b0 00000020
IDT=     001295e0 000007ff
CR0=00000011 CR2=00000000 CR3=00000000 CR4=00000000
DR0=00000000 DR1=00000000 DR2=00000000 DR3=00000000 
DR6=ffff0ff0 DR7=00000400
CCS=00000005 CCD=0002381b CCO=EFLAGS
EFER=0000000000000000
Servicing hardware INT=0x20
   847: v=20 e=0000 i=0 cpl=0 IP=0010:00101304 pc=00101304 SP=0018:00103c9c env->regs[R_EAX]=0000000c
EAX=0000000c EBX=00100074 ECX=0000105a EDX=0000bf62
ESI=0010006f EDI=00000000 EBP=00103cb4 ESP=00103c9c
EIP=00101304 EFL=00000246 [---Z-P-] CPL=0 II=0 A20=1 SMM=0 HLT=0
ES =0018 00000000 ffffffff 00cf9300 DPL=0 DS   [-WA]
CS =0010 00000000 ffffffff 00cf9a00 DPL=0 CS32 [-R-]
SS =0018 00000000 ffffffff 00cf9300 DPL=0 DS   [-WA]
DS =0018 00000000 ffffffff 00cf9300 DPL=0 DS   [-WA]
FS =0018 00000000 ffffffff 00cf9300 DPL=0 DS   [-WA]
GS =0018 00000000 ffffffff 00cf9300 DPL=0 DS   [-WA]
LDT=0000 00000000 0000ffff 00008200 DPL=0 LDT
TR =0000 00000000 0000ffff 00008b00 DPL=0 TSS32-busy
GDT=     000010b0 00000020
IDT=     001295e0 000007ff
CR0=00000011 CR2=00000000 CR3=00000000 CR4=00000000
DR0=00000000 DR1=00000000 DR2=00000000 DR3=00000000 
DR6=ffff0ff0 DR7=00000400
CCS=00000044 CCD=00000000 CCO=EFLAGS
EFER=0000000000000000
Servicing hardware INT=0x20
   848: v=20 e=0000 i=0 cpl=0 IP=0010:00100994 pc=00100994 SP=0018:001048d4 env->regs[R_EAX]=0000001c
EAX=0000001c EBX=00000000 ECX=00001900 EDX=00102844
ESI=001027c0 EDI=00000000 EBP=001048e4 ESP=001048d4
EIP=00100994 EFL=00000296 [--S-AP-] CPL=0 II=0 A20=1 SMM=0 HLT=0
ES =0018 00000000 ffffffff 00cf9300 DPL=0 DS   [-WA]
CS =0010 00000000 ffffffff 00cf9a00 DPL=0 CS32 [-R-]
SS =0018 00000000 ffffffff 00cf9300 DPL=0 DS   [-WA]
DS =0018 00000000 ffffffff 00cf9300 DPL=0 DS   [-WA]
FS =0018 00000000 ffffffff 00cf9300 DPL=0 DS   [-WA]
GS =0018 00000000 ffffffff 00cf9300 DPL=0 DS   [-WA]
LDT=0000 00000000 0000ffff 00008200 DPL=0 LDT
TR =0000 00000000 0000ffff 00008b00 DPL=0 TSS32-busy
GDT=     000010b0 00000020
IDT=     001295e0 000007ff
CR0=00000011 CR2=00000000 CR3=00000000 CR4=00000000
DR0=00000000 DR1=00000000 DR2=00000000 DR3=00000000 
DR6=ffff0ff0 DR7=00000400
CCS=00000094 CCD=ffffffff CCO=EFLAGS
EFER=0000000000000000
Servicing hardware INT=0x20
   849: v=20 e=0000 i=0 cpl=0 IP=0010:00101c4f pc=00101c4f SP=0018:0012dd20 env->regs[R_EAX]=00102844
EAX=00102844 EBX=00010000 ECX=00075300 EDX=00056510
ESI=0012ddf4 EDI=00000000 EBP=0012dd68 ESP=0012dd20
EIP=00101c4f EFL=00200283 [--S---C] CPL=0 II=0 A20=1 SMM=0 HLT=0
ES =0018 00000000 ffffffff 00cf9300 DPL=0 DS   [-WA]
CS =0010 00000000 ffffffff 00cf9a00 DPL=0 CS32 [-R-]
SS =0018 00000000 ffffffff 00cf9300 DPL=0 DS   [-WA]
DS =0018 00000000 ffffffff 00cf9300 DPL=0 DS   [-WA]
FS =0018 00000000 ffffffff 00cf9300 DPL=0 DS   [-WA]
GS =0018 00000000 ffffffff 00cf9300 DPL=0 DS   [-WA]
LDT=0000 00000000 0000ffff 00008200 DPL=0 LDT
TR =0000 00000000 0000ffff 00008b00 DPL=0 TSS32-busy
GDT=     000010b0 00000020
IDT=     001295e0 000007ff
CR0=00000011 CR2=00000000 CR3=00000000 CR4=00000000
DR0=00000000 DR1=00000000 DR2=00000000 DR3=00000000 
DR6=ffff0ff0 DR7=00000400
CCS=00000081 CCD=fffe1210 CCO=EFLAGS
EFER=0000000000000000
Servicing hardware INT=0x20
   850: v=20 e=0000 i=0 cpl=0 IP=0010:001012a5 pc=001012a5 SP=0018:00103c5c env->regs[R_EAX]=0000000b
EAX=0000000b EBX=001034e8 ECX=00001058 EDX=00009962
ESI=00102880 EDI=00000062 EBP=00103c94 ESP=00103c5c
EIP=001012a5 EFL=00000283 [--S---C] CPL=0 II=0 A20=1 SMM=0 HLT=0
ES =0018 00000000 ffffffff 00cf9300 DPL=0 DS   [-WA]
CS =0010 00000000 ffffffff 00cf9a00 DPL=0 CS32 [-R-]
SS =0018 00000000 ffffffff 00cf9300 DPL=0 DS   [-WA]
DS =0018 00000000 ffffffff 00cf9300 DPL=0 DS   [-WA]
FS =0018 00000000 ffffffff 00cf9300 DPL=0 DS   [-WA]
GS =0018 00000000 ffffffff 00cf9300 DPL=0 DS   [-WA]
LDT=0000 00000000 0000ffff 00008200 DPL=0 LDT
TR =0000 00000000 0000ffff 00008b00 DPL=0 TSS32-busy
GDT=     000010b0 00000020
IDT=     001295e0 000007ff
CR0=00000011 CR2=00000000 CR3=00000000 CR4=00000000
DR0=00000000 DR1=00000000 DR2=00000000 DR3=00000000 
DR6=ffff0ff0 DR7=00000400
CCS=00000081 CCD=fffffff2 CCO=EFLAGS
EFER=0000000000000000
Servicing hardware INT=0x20
   851: v=20 e=0000 i=0 cpl=0 IP=0010:00100994 pc=00100994 SP=0018:001048d4 env->regs[R_EAX]=0000001c
EAX=0000001c EBX=00000000 ECX=00001900 EDX=00102844
ESI=001027c0 EDI=00000000 EBP=001048e4 ESP=001048d4
EIP=00100994 EFL=00000296 [--S-AP-] CPL=0 II=0 A20=1 SMM=0 HLT=0
ES =0018 00000000 ffffffff 00cf9300 DPL=0 DS   [-WA]
CS =0010 00000000 ffffffff 00cf9a00 DPL=0 CS32 [-R-]
SS =0018 00000000 ffffffff 00cf9300 DPL=0 DS   [-WA]
DS =0018 00000000 ffffffff 00cf9300 DPL=0 DS   [-WA]
FS =0018 00000000 ffffffff 00cf9300 DPL=0 DS   [-WA]
GS =0018 00000000 ffffffff 00cf9300 DPL=0 DS   [-WA]
LDT=0000 00000000 0000ffff 00008200 DPL=0 LDT
TR =0000 00000000 0000ffff 00008b00 DPL=0 TSS32-busy
GDT=     000010b0 00000020
IDT=     001295e0 000007ff
CR0=00000011 CR2=00000000 CR3=00000000 CR4=00000000
DR0=00000000 DR1=00000000 DR2=00000000 DR3=00000000 
DR6=ffff0ff0 DR7=00000400
CCS=00000094 CCD=ffffffff CCO=EFLAGS
EFER=0000000000000000
Servicing hardware INT=0x20
   852: v=20 e=0000 i=0 cpl=0 IP=0010:001019b8 pc=001019b8 SP=0018:0012dd64 env->regs[R_EAX]=00164fd0
EAX=00164fd0 EBX=00007f7f ECX=003029f4 EDX=fd0371dc
ESI=0012dd78 EDI=00000000 EBP=0012dd68 ESP=0012dd64
EIP=001019b8 EFL=00200212 [----A--] CPL=0 II=0 A20=1 SMM=0 HLT=0
ES =0018 00000000 ffffffff 00cf9300 DPL=0 DS   [-WA]
CS =0010 00000000 ffffffff 00cf9a00 DPL=0 CS32 [-R-]
SS =0018 00000000 ffffffff 00cf9300 DPL=0 DS   [-WA]
DS =0018 00000000 ffffffff 00cf9300 DPL=0 DS   [-WA]
FS =0018 00000000 ffffffff 00cf9300 DPL=0 DS   [-WA]
GS =0018 00000000 ffffffff 00cf9300 DPL=0 DS   [-WA]
LDT=0000 00000000 0000ffff 00008200 DPL=0 LDT
TR =0000 00000000 0000ffff 00008b00 DPL=0 TSS32-busy
GDT=     000010b0 00000020
IDT=     001295e0 000007ff
CR0=00000011 CR2=00000000 CR3=00000000 CR4=00000000
DR0=00000000 DR1=00000000 DR2=00000000 DR3=00000000 
DR6=ffff0ff0 DR7=00000400
CCS=00000010 CCD=00164fd0 CCO=EFLAGS
EFER=0000000000000000
Servicing hardware INT=0x20
   853: v=20 e=0000 i=0 cpl=0 IP=0010:001012eb pc=001012eb SP=0018:00103cb8 env->regs[R_EAX]=00104140
EAX=00104140 EBX=0012dd8c ECX=0000106a EDX=0000c772
ESI=0010006f EDI=00000000 EBP=00103cd4 ESP=00103cb8
EIP=001012eb EFL=00000286 [--S--P-] CPL=0 II=0 A20=1 SMM=0 HLT=0
ES =0018 00000000 ffffffff 00cf9300 DPL=0 DS   [-WA]
CS =0010 00000000 ffffffff 00cf9a00 DPL=0 CS32 [-R-]
SS =0018 00000000 ffffffff 00cf9300 DPL=0 DS   [-WA]
DS =0018 00000000 ffffffff 00cf9300 DPL=0 DS   [-WA]
FS =0018 00000000 ffffffff 00cf9300 DPL=0 DS   [-WA]
GS =0018 00000000 ffffffff 00cf9300 DPL=0 DS   [-WA]
LDT=0000 00000000 0000ffff 00008200 DPL=0 LDT
TR =0000 00000000 0000ffff 00008b00 DPL=0 TSS32-busy
GDT=     000010b0 00000020
IDT=     001295e0 000007ff
CR0=00000011 CR2=00000000 CR3=00000000 CR4=00000000
DR0=00000000 DR1=00000000 DR2=00000000 DR3=00000000 
DR6=ffff0ff0 DR7=00000400
CCS=00000084 CCD=000000c9 CCO=EFLAGS
EFER=0000000000000000
Servicing hardware INT=0x20
   854: v=20 e=0000 i=0 cpl=0 IP=0010:00100994 pc=00100994 SP=0018:001048d4 env->regs[R_EAX]=0000001c
EAX=0000001c EBX=00000000 ECX=00001900 EDX=00102844
ESI=001027c0 EDI=00000000 EBP=001048e4 ESP=001048d4
EIP=00100994 EFL=00000296 [--S-AP-] CPL=0 II=0 A20=1 SMM=0 HLT=0
ES =0018 00000000 ffffffff 00cf9300 DPL=0 DS   [-WA]
CS =0010 00000000 ffffffff 00cf9a00 DPL=0 CS32 [-R-]
SS =0018 00000000 ffffffff 00cf9300 DPL=0 DS   [-WA]
DS =0018 00000000 ffffffff 00cf9300 DPL=0 DS   [-WA]
FS =0018 00000000 ffffffff 00cf9300 DPL=0 DS   [-WA]
GS =0018 00000000 ffffffff 00cf9300 DPL=0 DS   [-WA]
LDT=0000 00000000 0000ffff 00008200 DPL=0 LDT
TR =0000 00000000 0000ffff 00008b00 DPL=0 TSS32-busy
GDT=     000010b0 00000020
IDT=     001295e0 000007ff
CR0=00000011 CR2=00000000 CR3=00000000 CR4=00000000
DR0=00000000 DR1=00000000 DR2=00000000 DR3=00000000 
DR6=ffff0ff0 DR7=00000400
CCS=00000094 CCD=ffffffff CCO=EFLAGS
EFER=0000000000000000
Servicing hardware INT=0x20
   855: v=20 e=0000 i=0 cpl=0 IP=0010:00101c44 pc=00101c44 SP=0018:0012dd20 env->regs[R_EAX]=00102844
EAX=00102844 EBX=00010000 ECX=00075300 EDX=000075ae
ESI=0012ddf4 EDI=00000000 EBP=0012dd68 ESP=0012dd20
EIP=00101c44 EFL=00200203 [------C] CPL=0 II=0 A20=1 SMM=0 HLT=0
ES =0018 00000000 ffffffff 00cf9300 DPL=0 DS   [-WA]
CS =0010 00000000 ffffffff 00cf9a00 DPL=0 CS32 [-R-]
SS =0018 00000000 ffffffff 00cf9300 DPL=0 DS   [-WA]
DS =0018 00000000 ffffffff 00cf9300 DPL=0 DS   [-WA]
FS =0018 00000000 ffffffff 00cf9300 DPL=0 DS   [-WA]
GS =0018 00000000 ffffffff 00cf9300 DPL=0 DS   [-WA]
LDT=0000 00000000 0000ffff 00008200 DPL=0 LDT
TR =0000 00000000 0000ffff 00008b00 DPL=0 TSS32-busy
GDT=     000010b0 00000020
IDT=     001295e0 000007ff
CR0=00000011 CR2=00000000 CR3=00000000 CR4=00000000
DR0=00000000 DR1=00000000 DR2=00000000 DR3=00000000 
DR6=ffff0ff0 DR7=00000400
CCS=00000001 CCD=000075ae CCO=EFLAGS
EFER=0000000000000000
Servicing hardware INT=0x20
   856: v=20 e=0000 i=0 cpl=0 IP=0010:00101196 pc=00101196 SP=0018:00103c44 env->regs[R_EAX]=000000ea
EAX=000000ea EBX=00103d28 ECX=000001e8 EDX=00008766
ESI=00102844 EDI=0000000a EBP=00103c54 ESP=00103c44
EIP=00101196 EFL=00000287 [--S--PC] CPL=0 II=0 A20=1 SMM=0 HLT=0
ES =0018 00000000 ffffffff 00cf9300 DPL=0 DS   [-WA]
CS =0010 00000000 ffffffff 00cf9a00 DPL=0 CS32 [-R-]
SS =0018 00000000 ffffffff 00cf9300 DPL=0 DS   [-WA]
DS =0018 00000000 ffffffff 00cf9300 DPL=0 DS   [-WA]
FS =0018 00000000 ffffffff 00cf9300 DPL=0 DS   [-WA]
GS =0018 00000000 ffffffff 00cf9300 DPL=0 DS   [-WA]
LDT=0000 00000000 0000ffff 00008200 DPL=0 LDT
TR =0000 00000000 0000ffff 00008b00 DPL=0 TSS32-busy
GDT=     000010b0 00000020
IDT=     001295e0 000007ff
CR0=00000011 CR2=00000000 CR3=00000000 CR4=00000000
DR0=00000000 DR1=00000000 DR2=00000000 DR3=00000000 
DR6=ffff0ff0 DR7=00000400
CCS=00000085 CCD=fffffff0 CCO=EFLAGS
EFER=0000000000000000
Servicing hardware INT=0x20
   857: v=20 e=0000 i=0 cpl=0 IP=0010:00100994 pc=00100994 SP=0018:001048d4 env->regs[R_EAX]=0000001c
EAX=0000001c EBX=00000000 ECX=00001900 EDX=00102844
ESI=001027c0 EDI=00000000 EBP=001048e4 ESP=001048d4
EIP=00100994 EFL=00000296 [--S-AP-] CPL=0 II=0 A20=1 SMM=0 HLT=0
ES =0018 00000000 ffffffff 00cf9300 DPL=0 DS   [-WA]
CS =0010 00000000 ffffffff 00cf9a00 DPL=0 CS32 [-R-]
SS =0018 00000000 ffffffff 00cf9300 DPL=0 DS   [-WA]
DS =0018 00000000 ffffffff 00cf9300 DPL=0 DS   [-WA]
FS =0018 00000000 ffffffff 00cf9300 DPL=0 DS   [-WA]
GS =0018 00000000 ffffffff 00cf9300 DPL=0 DS   [-WA]
LDT=0000 00000000 0000ffff 00008200 DPL=0 LDT
TR =0000 00000000 0000ffff 00008b00 DPL=0 TSS32-busy
GDT=     000010b0 00000020
IDT=     001295e0 000007ff
CR0=00000011 CR2=00000000 CR3=00000000 CR4=00000000
DR0=00000000 DR1=00000000 DR2=00000000 DR3=00000000 
DR6=ffff0ff0 DR7=00000400
CCS=00000094 CCD=ffffffff CCO=EFLAGS
EFER=0000000000000000
Servicing hardware INT=0x20
   858: v=20 e=0000 i=0 cpl=0 IP=0010:00101761 pc=00101761 SP=0018:0012dce0 env->regs[R_EAX]=00009ee0
EAX=00009ee0 EBX=00000320 ECX=00000000 EDX=00000006
ESI=00000006 EDI=00155974 EBP=0012dd08 ESP=0012dce0
EIP=00101761 EFL=00200293 [--S-A-C] CPL=0 II=0 A20=1 SMM=0 HLT=0
ES =0018 00000000 ffffffff 00cf9300 DPL=0 DS   [-WA]
CS =0010 00000000 ffffffff 00cf9a00 DPL=0 CS32 [-R-]
SS =0018 00000000 ffffffff 00cf9300 DPL=0 DS   [-WA]
DS =0018 00000000 ffffffff 00cf9300 DPL=0 DS   [-WA]
FS =0018 00000000 ffffffff 00cf9300 DPL=0 DS   [-WA]
GS =0018 00000000 ffffffff 00cf9300 DPL=0 DS   [-WA]
LDT=0000 00000000 0000ffff 00008200 DPL=0 LDT
TR =0000 00000000 0000ffff 00008b00 DPL=0 TSS32-busy
GDT=     000010b0 00000020
IDT=     001295e0 000007ff
CR0=00000011 CR2=00000000 CR3=00000000 CR4=00000000
DR0=00000000 DR1=00000000 DR2=00000000 DR3=00000000 
DR6=ffff0ff0 DR7=00000400
CCS=00000091 CCD=fffffffe CCO=EFLAGS
EFER=0000000000000000
Servicing hardware INT=0x20
   859: v=20 e=0000 i=0 cpl=0 IP=0010:00101196 pc=00101196 SP=0018:00103c44 env->regs[R_EAX]=000001ee
EAX=000001ee EBX=00103d28 ECX=00000408 EDX=0000e362
ESI=00102844 EDI=00000016 EBP=00103c54 ESP=00103c44
EIP=00101196 EFL=00000297 [--S-APC] CPL=0 II=0 A20=1 SMM=0 HLT=0
ES =0018 00000000 ffffffff 00cf9300 DPL=0 DS   [-WA]
CS =0010 00000000 ffffffff 00cf9a00 DPL=0 CS32 [-R-]
SS =0018 00000000 ffffffff 00cf9300 DPL=0 DS   [-WA]
DS =0018 00000000 ffffffff 00cf9300 DPL=0 DS   [-WA]
FS =0018 00000000 ffffffff 00cf9300 DPL=0 DS   [-WA]
GS =0018 00000000 ffffffff 00cf9300 DPL=0 DS   [-WA]
LDT=0000 00000000 0000ffff 00008200 DPL=0 LDT
TR =0000 00000000 0000ffff 00008b00 DPL=0 TSS32-busy
GDT=     000010b0 00000020
IDT=     001295e0 000007ff
CR0=00000011 CR2=00000000 CR3=00000000 CR4=00000000
DR0=00000000 DR1=00000000 DR2=00000000 DR3=00000000 
DR6=ffff0ff0 DR7=00000400
CCS=00000095 CCD=fffffffc CCO=EFLAGS
EFER=0000000000000000
Servicing hardware INT=0x20
   860: v=20 e=0000 i=0 cpl=0 IP=0010:00100994 pc=00100994 SP=0018:001048d4 env->regs[R_EAX]=0000001c
EAX=0000001c EBX=00000000 ECX=00001900 EDX=00102844
ESI=001027c0 EDI=00000000 EBP=001048e4 ESP=001048d4
EIP=00100994 EFL=00000296 [--S-AP-] CPL=0 II=0 A20=1 SMM=0 HLT=0
ES =0018 00000000 ffffffff 00cf9300 DPL=0 DS   [-WA]
CS =0010 00000000 ffffffff 00cf9a00 DPL=0 CS32 [-R-]
SS =0018 00000000 ffffffff 00cf9300 DPL=0 DS   [-WA]
DS =0018 00000000 ffffffff 00cf9300 DPL=0 DS   [-WA]
FS =0018 00000000 ffffffff 00cf9300 DPL=0 DS   [-WA]
GS =0018 00000000 ffffffff 00cf9300 DPL=0 DS   [-WA]
LDT=0000 00000000 0000ffff 00008200 DPL=0 LDT
TR =0000 00000000 0000ffff 00008b00 DPL=0 TSS32-busy
GDT=     000010b0 00000020
IDT=     001295e0 000007ff
CR0=00000011 CR2=00000000 CR3=00000000 CR4=00000000
DR0=00000000 DR1=00000000 DR2=00000000 DR3=00000000 
DR6=ffff0ff0 DR7=00000400
CCS=00000094 CCD=ffffffff CCO=EFLAGS
EFER=0000000000000000
Servicing hardware INT=0x20
   861: v=20 e=0000 i=0 cpl=0 IP=0010:001019bc pc=001019bc SP=0018:0012dd64 env->regs[R_EAX]=00187ac8
EAX=00187ac8 EBX=006e96c2 ECX=003029f4 EDX=fd059cd4
ESI=0012dd78 EDI=00000000 EBP=0012dd68 ESP=0012dd64
EIP=001019bc EFL=00200287 [--S--PC] CPL=0 II=0 A20=1 SMM=0 HLT=0
ES =0018 00000000 ffffffff 00cf9300 DPL=0 DS   [-WA]
CS =0010 00000000 ffffffff 00cf9a00 DPL=0 CS32 [-R-]
SS =0018 00000000 ffffffff 00cf9300 DPL=0 DS   [-WA]
DS =0018 00000000 ffffffff 00cf9300 DPL=0 DS   [-WA]
FS =0018 00000000 ffffffff 00cf9300 DPL=0 DS   [-WA]
GS =0018 00000000 ffffffff 00cf9300 DPL=0 DS   [-WA]
LDT=0000 00000000 0000ffff 00008200 DPL=0 LDT
TR =0000 00000000 0000ffff 00008b00 DPL=0 TSS32-busy
GDT=     000010b0 00000020
IDT=     001295e0 000007ff
CR0=00000011 CR2=00000000 CR3=00000000 CR4=00000000
DR0=00000000 DR1=00000000 DR2=00000000 DR3=00000000 
DR6=ffff0ff0 DR7=00000400
CCS=00000085 CCD=ffe850d4 CCO=EFLAGS
EFER=0000000000000000
Servicing hardware INT=0x20
   862: v=20 e=0000 i=0 cpl=0 IP=0010:001011e2 pc=001011e2 SP=0018:00103c98 env->regs[R_EAX]=001011e2
EAX=001011e2 EBX=00100071 ECX=0000106e EDX=00004f66
ESI=0010006f EDI=00000000 EBP=00103cb4 ESP=00103c98
EIP=001011e2 EFL=00000206 [-----P-] CPL=0 II=0 A20=1 SMM=0 HLT=0
ES =0018 00000000 ffffffff 00cf9300 DPL=0 DS   [-WA]
CS =0010 00000000 ffffffff 00cf9a00 DPL=0 CS32 [-R-]
SS =0018 00000000 ffffffff 00cf9300 DPL=0 DS   [-WA]
DS =0018 00000000 ffffffff 00cf9300 DPL=0 DS   [-WA]
FS =0018 00000000 ffffffff 00cf9300 DPL=0 DS   [-WA]
GS =0018 00000000 ffffffff 00cf9300 DPL=0 DS   [-WA]
LDT=0000 00000000 0000ffff 00008200 DPL=0 LDT
TR =0000 00000000 0000ffff 00008b00 DPL=0 TSS32-busy
GDT=     000010b0 00000020
IDT=     001295e0 000007ff
CR0=00000011 CR2=00000000 CR3=00000000 CR4=00000000
DR0=00000000 DR1=00000000 DR2=00000000 DR3=00000000 
DR6=ffff0ff0 DR7=00000400
CCS=00000004 CCD=00103ca0 CCO=EFLAGS
EFER=0000000000000000
Servicing hardware INT=0x20
   863: v=20 e=0000 i=0 cpl=0 IP=0010:00100994 pc=00100994 SP=0018:001048d4 env->regs[R_EAX]=0000001c
EAX=0000001c EBX=00000000 ECX=00001900 EDX=00102844
ESI=001027c0 EDI=00000000 EBP=001048e4 ESP=001048d4
EIP=00100994 EFL=00000296 [--S-AP-] CPL=0 II=0 A20=1 SMM=0 HLT=0
ES =0018 00000000 ffffffff 00cf9300 DPL=0 DS   [-WA]
CS =0010 00000000 ffffffff 00cf9a00 DPL=0 CS32 [-R-]
SS =0018 00000000 ffffffff 00cf9300 DPL=0 DS   [-WA]
DS =0018 00000000 ffffffff 00cf9300 DPL=0 DS   [-WA]
FS =0018 00000000 ffffffff 00cf9300 DPL=0 DS   [-WA]
GS =0018 00000000 ffffffff 00cf9300 DPL=0 DS   [-WA]
LDT=0000 00000000 0000ffff 00008200 DPL=0 LDT
TR =0000 00000000 0000ffff 00008b00 DPL=0 TSS32-busy
GDT=     000010b0 00000020
IDT=     001295e0 000007ff
CR0=00000011 CR2=00000000 CR3=00000000 CR4=00000000
DR0=00000000 DR1=00000000 DR2=00000000 DR3=00000000 
DR6=ffff0ff0 DR7=00000400
CCS=00000094 CCD=ffffffff CCO=EFLAGS
EFER=0000000000000000
Servicing hardware INT=0x20
   864: v=20 e=0000 i=0 cpl=0 IP=0010:00101c4f pc=00101c4f SP=0018:0012dd20 env->regs[R_EAX]=00102844
EAX=00102844 EBX=00010000 ECX=00075300 EDX=00015cbc
ESI=0012ddf4 EDI=00000000 EBP=0012dd68 ESP=0012dd20
EIP=00101c4f EFL=00200283 [--S---C] CPL=0 II=0 A20=1 SMM=0 HLT=0
ES =0018 00000000 ffffffff 00cf9300 DPL=0 DS   [-WA]
CS =0010 00000000 ffffffff 00cf9a00 DPL=0 CS32 [-R-]
SS =0018 00000000 ffffffff 00cf9300 DPL=0 DS   [-WA]
DS =0018 00000000 ffffffff 00cf9300 DPL=0 DS   [-WA]
FS =0018 00000000 ffffffff 00cf9300 DPL=0 DS   [-WA]
GS =0018 00000000 ffffffff 00cf9300 DPL=0 DS   [-WA]
LDT=0000 00000000 0000ffff 00008200 DPL=0 LDT
TR =0000 00000000 0000ffff 00008b00 DPL=0 TSS32-busy
GDT=     000010b0 00000020
IDT=     001295e0 000007ff
CR0=00000011 CR2=00000000 CR3=00000000 CR4=00000000
DR0=00000000 DR1=00000000 DR2=00000000 DR3=00000000 
DR6=ffff0ff0 DR7=00000400
CCS=00000081 CCD=fffa09bc CCO=EFLAGS
EFER=0000000000000000
Servicing hardware INT=0x20
   865: v=20 e=0000 i=0 cpl=0 IP=0010:001012a5 pc=001012a5 SP=0018:00103c5c env->regs[R_EAX]=00000012
EAX=00000012 EBX=001034e8 ECX=00001066 EDX=0000c36f
ESI=00102880 EDI=0000006f EBP=00103c94 ESP=00103c5c
EIP=001012a5 EFL=00000297 [--S-APC] CPL=0 II=0 A20=1 SMM=0 HLT=0
ES =0018 00000000 ffffffff 00cf9300 DPL=0 DS   [-WA]
CS =0010 00000000 ffffffff 00cf9a00 DPL=0 CS32 [-R-]
SS =0018 00000000 ffffffff 00cf9300 DPL=0 DS   [-WA]
DS =0018 00000000 ffffffff 00cf9300 DPL=0 DS   [-WA]
FS =0018 00000000 ffffffff 00cf9300 DPL=0 DS   [-WA]
GS =0018 00000000 ffffffff 00cf9300 DPL=0 DS   [-WA]
LDT=0000 00000000 0000ffff 00008200 DPL=0 LDT
TR =0000 00000000 0000ffff 00008b00 DPL=0 TSS32-busy
GDT=     000010b0 00000020
IDT=     001295e0 000007ff
CR0=00000011 CR2=00000000 CR3=00000000 CR4=00000000
DR0=00000000 DR1=00000000 DR2=00000000 DR3=00000000 
DR6=ffff0ff0 DR7=00000400
CCS=00000095 CCD=fffffff9 CCO=EFLAGS
EFER=0000000000000000
Servicing hardware INT=0x20
   866: v=20 e=0000 i=0 cpl=0 IP=0010:00100994 pc=00100994 SP=0018:001048d4 env->regs[R_EAX]=0000001c
EAX=0000001c EBX=00000000 ECX=00001900 EDX=00102844
ESI=001027c0 EDI=00000000 EBP=001048e4 ESP=001048d4
EIP=00100994 EFL=00000296 [--S-AP-] CPL=0 II=0 A20=1 SMM=0 HLT=0
ES =0018 00000000 ffffffff 00cf9300 DPL=0 DS   [-WA]
CS =0010 00000000 ffffffff 00cf9a00 DPL=0 CS32 [-R-]
SS =0018 00000000 ffffffff 00cf9300 DPL=0 DS   [-WA]
DS =0018 00000000 ffffffff 00cf9300 DPL=0 DS   [-WA]
FS =0018 00000000 ffffffff 00cf9300 DPL=0 DS   [-WA]
GS =0018 00000000 ffffffff 00cf9300 DPL=0 DS   [-WA]
LDT=0000 00000000 0000ffff 00008200 DPL=0 LDT
TR =0000 00000000 0000ffff 00008b00 DPL=0 TSS32-busy
GDT=     000010b0 00000020
IDT=     001295e0 000007ff
CR0=00000011 CR2=00000000 CR3=00000000 CR4=00000000
DR0=00000000 DR1=00000000 DR2=00000000 DR3=00000000 
DR6=ffff0ff0 DR7=00000400
CCS=00000094 CCD=ffffffff CCO=EFLAGS
EFER=0000000000000000
Servicing hardware INT=0x20
   867: v=20 e=0000 i=0 cpl=0 IP=0010:00101c7d pc=00101c7d SP=0018:0012dd20 env->regs[R_EAX]=00102844
EAX=00102844 EBX=00010000 ECX=000b8000 EDX=00000371
ESI=00000000 EDI=00000000 EBP=0012dd68 ESP=0012dd20
EIP=00101c7d EFL=00200283 [--S---C] CPL=0 II=0 A20=1 SMM=0 HLT=0
ES =0018 00000000 ffffffff 00cf9300 DPL=0 DS   [-WA]
CS =0010 00000000 ffffffff 00cf9a00 DPL=0 CS32 [-R-]
SS =0018 00000000 ffffffff 00cf9300 DPL=0 DS   [-WA]
DS =0018 00000000 ffffffff 00cf9300 DPL=0 DS   [-WA]
FS =0018 00000000 ffffffff 00cf9300 DPL=0 DS   [-WA]
GS =0018 00000000 ffffffff 00cf9300 DPL=0 DS   [-WA]
LDT=0000 00000000 0000ffff 00008200 DPL=0 LDT
TR =0000 00000000 0000ffff 00008b00 DPL=0 TSS32-busy
GDT=     000010b0 00000020
IDT=     001295e0 000007ff
CR0=00000011 CR2=00000000 CR3=00000000 CR4=00000000
DR0=00000000 DR1=00000000 DR2=00000000 DR3=00000000 
DR6=ffff0ff0 DR7=00000400
CCS=00000081 CCD=fffff3d0 CCO=EFLAGS
EFER=0000000000000000
Servicing hardware INT=0x20
   868: v=20 e=0000 i=0 cpl=0 IP=0010:0010122f pc=0010122f SP=0018:00103c5c env->regs[R_EAX]=00102844
EAX=00102844 EBX=0000003c ECX=0000105e EDX=0000556f
ESI=00102880 EDI=0000006f EBP=00103c94 ESP=00103c5c
EIP=0010122f EFL=00000206 [-----P-] CPL=0 II=0 A20=1 SMM=0 HLT=0
ES =0018 00000000 ffffffff 00cf9300 DPL=0 DS   [-WA]
CS =0010 00000000 ffffffff 00cf9a00 DPL=0 CS32 [-R-]
SS =0018 00000000 ffffffff 00cf9300 DPL=0 DS   [-WA]
DS =0018 00000000 ffffffff 00cf9300 DPL=0 DS   [-WA]
FS =0018 00000000 ffffffff 00cf9300 DPL=0 DS   [-WA]
GS =0018 00000000 ffffffff 00cf9300 DPL=0 DS   [-WA]
LDT=0000 00000000 0000ffff 00008200 DPL=0 LDT
TR =0000 00000000 0000ffff 00008b00 DPL=0 TSS32-busy
GDT=     000010b0 00000020
IDT=     001295e0 000007ff
CR0=00000011 CR2=00000000 CR3=00000000 CR4=00000000
DR0=00000000 DR1=00000000 DR2=00000000 DR3=00000000 
DR6=ffff0ff0 DR7=00000400
CCS=00000004 CCD=00000065 CCO=EFLAGS
EFER=0000000000000000
Servicing hardware INT=0x20
   869: v=20 e=0000 i=0 cpl=0 IP=0010:00100994 pc=00100994 SP=0018:001048d4 env->regs[R_EAX]=0000001c
EAX=0000001c EBX=00000000 ECX=00001900 EDX=00102844
ESI=001027c0 EDI=00000000 EBP=001048e4 ESP=001048d4
EIP=00100994 EFL=00000296 [--S-AP-] CPL=0 II=0 A20=1 SMM=0 HLT=0
ES =0018 00000000 ffffffff 00cf9300 DPL=0 DS   [-WA]
CS =0010 00000000 ffffffff 00cf9a00 DPL=0 CS32 [-R-]
SS =0018 00000000 ffffffff 00cf9300 DPL=0 DS   [-WA]
DS =0018 00000000 ffffffff 00cf9300 DPL=0 DS   [-WA]
FS =0018 00000000 ffffffff 00cf9300 DPL=0 DS   [-WA]
GS =0018 00000000 ffffffff 00cf9300 DPL=0 DS   [-WA]
LDT=0000 00000000 0000ffff 00008200 DPL=0 LDT
TR =0000 00000000 0000ffff 00008b00 DPL=0 TSS32-busy
GDT=     000010b0 00000020
IDT=     001295e0 000007ff
CR0=00000011 CR2=00000000 CR3=00000000 CR4=00000000
DR0=00000000 DR1=00000000 DR2=00000000 DR3=00000000 
DR6=ffff0ff0 DR7=00000400
CCS=00000094 CCD=ffffffff CCO=EFLAGS
EFER=0000000000000000
Servicing hardware INT=0x20
   870: v=20 e=0000 i=0 cpl=0 IP=0010:00101146 pc=00101146 SP=0018:0012dcec env->regs[R_EAX]=00141a34
EAX=00141a34 EBX=0000004f ECX=0074b2ed EDX=000000e0
ESI=00000011 EDI=000000b0 EBP=0012dd04 ESP=0012dcec
EIP=00101146 EFL=00200212 [----A--] CPL=0 II=0 A20=1 SMM=0 HLT=0
ES =0018 00000000 ffffffff 00cf9300 DPL=0 DS   [-WA]
CS =0010 00000000 ffffffff 00cf9a00 DPL=0 CS32 [-R-]
SS =0018 00000000 ffffffff 00cf9300 DPL=0 DS   [-WA]
DS =0018 00000000 ffffffff 00cf9300 DPL=0 DS   [-WA]
FS =0018 00000000 ffffffff 00cf9300 DPL=0 DS   [-WA]
GS =0018 00000000 ffffffff 00cf9300 DPL=0 DS   [-WA]
LDT=0000 00000000 0000ffff 00008200 DPL=0 LDT
TR =0000 00000000 0000ffff 00008b00 DPL=0 TSS32-busy
GDT=     000010b0 00000020
IDT=     001295e0 000007ff
CR0=00000011 CR2=00000000 CR3=00000000 CR4=00000000
DR0=00000000 DR1=00000000 DR2=00000000 DR3=00000000 
DR6=ffff0ff0 DR7=00000400
CCS=00000010 CCD=00000091 CCO=EFLAGS
EFER=0000000000000000
Servicing hardware INT=0x20
   871: v=20 e=0000 i=0 cpl=0 IP=0010:00101196 pc=00101196 SP=0018:00103c44 env->regs[R_EAX]=00000138
EAX=00000138 EBX=00103d28 ECX=00000286 EDX=00007b61
ESI=00102844 EDI=0000000b EBP=00103c54 ESP=00103c44
EIP=00101196 EFL=00000283 [--S---C] CPL=0 II=0 A20=1 SMM=0 HLT=0
ES =0018 00000000 ffffffff 00cf9300 DPL=0 DS   [-WA]
CS =0010 00000000 ffffffff 00cf9a00 DPL=0 CS32 [-R-]
SS =0018 00000000 ffffffff 00cf9300 DPL=0 DS   [-WA]
DS =0018 00000000 ffffffff 00cf9300 DPL=0 DS   [-WA]
FS =0018 00000000 ffffffff 00cf9300 DPL=0 DS   [-WA]
GS =0018 00000000 ffffffff 00cf9300 DPL=0 DS   [-WA]
LDT=0000 00000000 0000ffff 00008200 DPL=0 LDT
TR =0000 00000000 0000ffff 00008b00 DPL=0 TSS32-busy
GDT=     000010b0 00000020
IDT=     001295e0 000007ff
CR0=00000011 CR2=00000000 CR3=00000000 CR4=00000000
DR0=00000000 DR1=00000000 DR2=00000000 DR3=00000000 
DR6=ffff0ff0 DR7=00000400
CCS=00000081 CCD=fffffff1 CCO=EFLAGS
EFER=0000000000000000
Servicing hardware INT=0x20
   872: v=20 e=0000 i=0 cpl=0 IP=0010:00100994 pc=00100994 SP=0018:001048d4 env->regs[R_EAX]=0000001c
EAX=0000001c EBX=00000000 ECX=00001900 EDX=00102844
ESI=001027c0 EDI=00000000 EBP=001048e4 ESP=001048d4
EIP=00100994 EFL=00000296 [--S-AP-] CPL=0 II=0 A20=1 SMM=0 HLT=0
ES =0018 00000000 ffffffff 00cf9300 DPL=0 DS   [-WA]
CS =0010 00000000 ffffffff 00cf9a00 DPL=0 CS32 [-R-]
SS =0018 00000000 ffffffff 00cf9300 DPL=0 DS   [-WA]
DS =0018 00000000 ffffffff 00cf9300 DPL=0 DS   [-WA]
FS =0018 00000000 ffffffff 00cf9300 DPL=0 DS   [-WA]
GS =0018 00000000 ffffffff 00cf9300 DPL=0 DS   [-WA]
LDT=0000 00000000 0000ffff 00008200 DPL=0 LDT
TR =0000 00000000 0000ffff 00008b00 DPL=0 TSS32-busy
GDT=     000010b0 00000020
IDT=     001295e0 000007ff
CR0=00000011 CR2=00000000 CR3=00000000 CR4=00000000
DR0=00000000 DR1=00000000 DR2=00000000 DR3=00000000 
DR6=ffff0ff0 DR7=00000400
CCS=00000094 CCD=ffffffff CCO=EFLAGS
EFER=0000000000000000
Servicing hardware INT=0x20
   873: v=20 e=0000 i=0 cpl=0 IP=0010:001019b8 pc=001019b8 SP=0018:0012dd64 env->regs[R_EAX]=002e5190
EAX=002e5190 EBX=006e96c2 ECX=003029f4 EDX=fd1b739c
ESI=0012dd78 EDI=00000000 EBP=0012dd68 ESP=0012dd64
EIP=001019b8 EFL=00200216 [----AP-] CPL=0 II=0 A20=1 SMM=0 HLT=0
ES =0018 00000000 ffffffff 00cf9300 DPL=0 DS   [-WA]
CS =0010 00000000 ffffffff 00cf9a00 DPL=0 CS32 [-R-]
SS =0018 00000000 ffffffff 00cf9300 DPL=0 DS   [-WA]
DS =0018 00000000 ffffffff 00cf9300 DPL=0 DS   [-WA]
FS =0018 00000000 ffffffff 00cf9300 DPL=0 DS   [-WA]
GS =0018 00000000 ffffffff 00cf9300 DPL=0 DS   [-WA]
LDT=0000 00000000 0000ffff 00008200 DPL=0 LDT
TR =0000 00000000 0000ffff 00008b00 DPL=0 TSS32-busy
GDT=     000010b0 00000020
IDT=     001295e0 000007ff
CR0=00000011 CR2=00000000 CR3=00000000 CR4=00000000
DR0=00000000 DR1=00000000 DR2=00000000 DR3=00000000 
DR6=ffff0ff0 DR7=00000400
CCS=00000014 CCD=002e5190 CCO=EFLAGS
EFER=0000000000000000
Servicing hardware INT=0x20
   874: v=20 e=0000 i=0 cpl=0 IP=0010:001011e2 pc=001011e2 SP=0018:00103c98 env->regs[R_EAX]=001011e2
EAX=001011e2 EBX=00100074 ECX=00001072 EDX=0000fd20
ESI=0010006f EDI=00000000 EBP=00103cb4 ESP=00103c98
EIP=001011e2 EFL=00000206 [-----P-] CPL=0 II=0 A20=1 SMM=0 HLT=0
ES =0018 00000000 ffffffff 00cf9300 DPL=0 DS   [-WA]
CS =0010 00000000 ffffffff 00cf9a00 DPL=0 CS32 [-R-]
SS =0018 00000000 ffffffff 00cf9300 DPL=0 DS   [-WA]
DS =0018 00000000 ffffffff 00cf9300 DPL=0 DS   [-WA]
FS =0018 00000000 ffffffff 00cf9300 DPL=0 DS   [-WA]
GS =0018 00000000 ffffffff 00cf9300 DPL=0 DS   [-WA]
LDT=0000 00000000 0000ffff 00008200 DPL=0 LDT
TR =0000 00000000 0000ffff 00008b00 DPL=0 TSS32-busy
GDT=     000010b0 00000020
IDT=     001295e0 000007ff
CR0=00000011 CR2=00000000 CR3=00000000 CR4=00000000
DR0=00000000 DR1=00000000 DR2=00000000 DR3=00000000 
DR6=ffff0ff0 DR7=00000400
CCS=00000004 CCD=00103ca0 CCO=EFLAGS
EFER=0000000000000000
Servicing hardware INT=0x20
   875: v=20 e=0000 i=0 cpl=0 IP=0010:00100994 pc=00100994 SP=0018:001048d4 env->regs[R_EAX]=0000001c
EAX=0000001c EBX=00000000 ECX=00001900 EDX=00102844
ESI=001027c0 EDI=00000000 EBP=001048e4 ESP=001048d4
EIP=00100994 EFL=00000296 [--S-AP-] CPL=0 II=0 A20=1 SMM=0 HLT=0
ES =0018 00000000 ffffffff 00cf9300 DPL=0 DS   [-WA]
CS =0010 00000000 ffffffff 00cf9a00 DPL=0 CS32 [-R-]
SS =0018 00000000 ffffffff 00cf9300 DPL=0 DS   [-WA]
DS =0018 00000000 ffffffff 00cf9300 DPL=0 DS   [-WA]
FS =0018 00000000 ffffffff 00cf9300 DPL=0 DS   [-WA]
GS =0018 00000000 ffffffff 00cf9300 DPL=0 DS   [-WA]
LDT=0000 00000000 0000ffff 00008200 DPL=0 LDT
TR =0000 00000000 0000ffff 00008b00 DPL=0 TSS32-busy
GDT=     000010b0 00000020
IDT=     001295e0 000007ff
CR0=00000011 CR2=00000000 CR3=00000000 CR4=00000000
DR0=00000000 DR1=00000000 DR2=00000000 DR3=00000000 
DR6=ffff0ff0 DR7=00000400
CCS=00000094 CCD=ffffffff CCO=EFLAGS
EFER=0000000000000000
Servicing hardware INT=0x20
   876: v=20 e=0000 i=0 cpl=0 IP=0010:00101c44 pc=00101c44 SP=0018:0012dd20 env->regs[R_EAX]=00102844
EAX=00102844 EBX=00010000 ECX=00075300 EDX=000320d0
ESI=0012ddf4 EDI=00000000 EBP=0012dd68 ESP=0012dd20
EIP=00101c44 EFL=00200213 [----A-C] CPL=0 II=0 A20=1 SMM=0 HLT=0
ES =0018 00000000 ffffffff 00cf9300 DPL=0 DS   [-WA]
CS =0010 00000000 ffffffff 00cf9a00 DPL=0 CS32 [-R-]
SS =0018 00000000 ffffffff 00cf9300 DPL=0 DS   [-WA]
DS =0018 00000000 ffffffff 00cf9300 DPL=0 DS   [-WA]
FS =0018 00000000 ffffffff 00cf9300 DPL=0 DS   [-WA]
GS =0018 00000000 ffffffff 00cf9300 DPL=0 DS   [-WA]
LDT=0000 00000000 0000ffff 00008200 DPL=0 LDT
TR =0000 00000000 0000ffff 00008b00 DPL=0 TSS32-busy
GDT=     000010b0 00000020
IDT=     001295e0 000007ff
CR0=00000011 CR2=00000000 CR3=00000000 CR4=00000000
DR0=00000000 DR1=00000000 DR2=00000000 DR3=00000000 
DR6=ffff0ff0 DR7=00000400
CCS=00000011 CCD=000320d0 CCO=EFLAGS
EFER=0000000000000000
Servicing hardware INT=0x20
   877: v=20 e=0000 i=0 cpl=0 IP=0010:00101304 pc=00101304 SP=0018:00103c9c env->regs[R_EAX]=00000019
EAX=00000019 EBX=00100071 ECX=00001074 EDX=0000d76f
ESI=0010006f EDI=00000000 EBP=00103cb4 ESP=00103c9c
EIP=00101304 EFL=00000246 [---Z-P-] CPL=0 II=0 A20=1 SMM=0 HLT=0
ES =0018 00000000 ffffffff 00cf9300 DPL=0 DS   [-WA]
CS =0010 00000000 ffffffff 00cf9a00 DPL=0 CS32 [-R-]
SS =0018 00000000 ffffffff 00cf9300 DPL=0 DS   [-WA]
DS =0018 00000000 ffffffff 00cf9300 DPL=0 DS   [-WA]
FS =0018 00000000 ffffffff 00cf9300 DPL=0 DS   [-WA]
GS =0018 00000000 ffffffff 00cf9300 DPL=0 DS   [-WA]
LDT=0000 00000000 0000ffff 00008200 DPL=0 LDT
TR =0000 00000000 0000ffff 00008b00 DPL=0 TSS32-busy
GDT=     000010b0 00000020
IDT=     001295e0 000007ff
CR0=00000011 CR2=00000000 CR3=00000000 CR4=00000000
DR0=00000000 DR1=00000000 DR2=00000000 DR3=00000000 
DR6=ffff0ff0 DR7=00000400
CCS=00000044 CCD=00000000 CCO=EFLAGS
EFER=0000000000000000
Servicing hardware INT=0x20
   878: v=20 e=0000 i=0 cpl=0 IP=0010:00100994 pc=00100994 SP=0018:001048d4 env->regs[R_EAX]=0000001c
EAX=0000001c EBX=00000000 ECX=00001900 EDX=00102844
ESI=001027c0 EDI=00000000 EBP=001048e4 ESP=001048d4
EIP=00100994 EFL=00000296 [--S-AP-] CPL=0 II=0 A20=1 SMM=0 HLT=0
ES =0018 00000000 ffffffff 00cf9300 DPL=0 DS   [-WA]
CS =0010 00000000 ffffffff 00cf9a00 DPL=0 CS32 [-R-]
SS =0018 00000000 ffffffff 00cf9300 DPL=0 DS   [-WA]
DS =0018 00000000 ffffffff 00cf9300 DPL=0 DS   [-WA]
FS =0018 00000000 ffffffff 00cf9300 DPL=0 DS   [-WA]
GS =0018 00000000 ffffffff 00cf9300 DPL=0 DS   [-WA]
LDT=0000 00000000 0000ffff 00008200 DPL=0 LDT
TR =0000 00000000 0000ffff 00008b00 DPL=0 TSS32-busy
GDT=     000010b0 00000020
IDT=     001295e0 000007ff
CR0=00000011 CR2=00000000 CR3=00000000 CR4=00000000
DR0=00000000 DR1=00000000 DR2=00000000 DR3=00000000 
DR6=ffff0ff0 DR7=00000400
CCS=00000094 CCD=ffffffff CCO=EFLAGS
EFER=0000000000000000
Servicing hardware INT=0x20
   879: v=20 e=0000 i=0 cpl=0 IP=0010:00101c4f pc=00101c4f SP=0018:0012dd20 env->regs[R_EAX]=00102844
EAX=00102844 EBX=00010000 ECX=00075300 EDX=00068612
ESI=0012ddf4 EDI=00000000 EBP=0012dd68 ESP=0012dd20
EIP=00101c4f EFL=00200287 [--S--PC] CPL=0 II=0 A20=1 SMM=0 HLT=0
ES =0018 00000000 ffffffff 00cf9300 DPL=0 DS   [-WA]
CS =0010 00000000 ffffffff 00cf9a00 DPL=0 CS32 [-R-]
SS =0018 00000000 ffffffff 00cf9300 DPL=0 DS   [-WA]
DS =0018 00000000 ffffffff 00cf9300 DPL=0 DS   [-WA]
FS =0018 00000000 ffffffff 00cf9300 DPL=0 DS   [-WA]
GS =0018 00000000 ffffffff 00cf9300 DPL=0 DS   [-WA]
LDT=0000 00000000 0000ffff 00008200 DPL=0 LDT
TR =0000 00000000 0000ffff 00008b00 DPL=0 TSS32-busy
GDT=     000010b0 00000020
IDT=     001295e0 000007ff
CR0=00000011 CR2=00000000 CR3=00000000 CR4=00000000
DR0=00000000 DR1=00000000 DR2=00000000 DR3=00000000 
DR6=ffff0ff0 DR7=00000400
CCS=00000085 CCD=ffff3312 CCO=EFLAGS
EFER=0000000000000000
Servicing hardware INT=0x20
   880: v=20 e=0000 i=0 cpl=0 IP=0010:00101196 pc=00101196 SP=0018:00103c44 env->regs[R_EAX]=0000004e
EAX=0000004e EBX=00103d28 ECX=000000a2 EDX=00001d72
ESI=00102844 EDI=00000003 EBP=00103c54 ESP=00103c44
EIP=00101196 EFL=00000293 [--S-A-C] CPL=0 II=0 A20=1 SMM=0 HLT=0
ES =0018 00000000 ffffffff 00cf9300 DPL=0 DS   [-WA]
CS =0010 00000000 ffffffff 00cf9a00 DPL=0 CS32 [-R-]
SS =0018 00000000 ffffffff 00cf9300 DPL=0 DS   [-WA]
DS =0018 00000000 ffffffff 00cf9300 DPL=0 DS   [-WA]
FS =0018 00000000 ffffffff 00cf9300 DPL=0 DS   [-WA]
GS =0018 00000000 ffffffff 00cf9300 DPL=0 DS   [-WA]
LDT=0000 00000000 0000ffff 00008200 DPL=0 LDT
TR =0000 00000000 0000ffff 00008b00 DPL=0 TSS32-busy
GDT=     000010b0 00000020
IDT=     001295e0 000007ff
CR0=00000011 CR2=00000000 CR3=00000000 CR4=00000000
DR0=00000000 DR1=00000000 DR2=00000000 DR3=00000000 
DR6=ffff0ff0 DR7=00000400
CCS=00000091 CCD=ffffffe9 CCO=EFLAGS
EFER=0000000000000000
